class_id,img_idx,occlusion_level,cos_sim,clean_mag,occ_mag,mag_diff
235,0,0,0.8789670467376709,56.88876,65.412056,8.523296
235,1,0,0.8497195243835449,60.069027,56.01735,4.0516777
235,2,0,0.7288505434989929,49.951733,56.30268,6.3509483
235,3,0,0.8289610147476196,49.8669,61.08531,11.2184105
235,4,0,0.8841699361801147,58.653744,53.745064,4.90868
235,5,0,0.8599966764450073,51.89902,55.75762,3.8586006
235,6,0,0.9247736930847168,56.70776,68.34675,11.6389885
235,7,0,0.8770828247070312,58.777252,47.239193,11.538059
235,8,0,0.825515866279602,61.25714,49.451775,11.8053665
235,9,0,0.8765535354614258,58.55376,55.463062,3.0906982
235,10,0,0.8800398111343384,56.206833,49.66267,6.5441628
235,11,0,0.8590250611305237,56.98961,63.9909,7.0012894
235,12,0,0.9061313271522522,57.387165,59.427917,2.0407524
235,13,0,0.7673550844192505,54.446163,50.19028,4.2558823
235,14,0,0.8817275762557983,57.873375,57.303925,0.5694504
235,15,0,0.8103150129318237,65.40108,51.503963,13.897114
235,16,0,0.7081278562545776,51.927757,57.191727,5.2639694
235,17,0,0.9160118699073792,62.182415,58.2502,3.9322166
235,18,0,0.7073796987533569,53.22702,49.029484,4.1975365
235,19,0,0.919599175453186,68.11534,57.26472,10.85062
235,20,0,0.8807953000068665,52.98418,50.52411,2.4600716
235,21,0,0.8259466290473938,51.55202,51.0794,0.47262192
235,22,0,0.8990870714187622,58.672054,60.49208,1.8200264
235,23,0,0.8748010396957397,58.8091,51.77186,7.037243
235,24,0,0.6954463720321655,40.209484,57.551838,17.342354
235,25,0,0.6623082160949707,63.768368,50.216656,13.551712
235,26,0,0.9064595699310303,61.712784,48.97497,12.737812
235,27,0,0.8885678052902222,57.78585,58.78449,0.99863815
235,28,0,0.8555089831352234,47.29136,57.407932,10.116573
235,29,0,0.7558754682540894,44.510868,45.89576,1.3848915
235,30,0,0.8913713693618774,48.103413,44.282955,3.8204575
235,31,0,0.880180835723877,56.9142,51.644146,5.270054
235,32,0,0.7884565591812134,51.775818,55.778763,4.002945
235,33,0,0.7213170528411865,51.153194,52.208313,1.0551186
235,34,0,0.8038668632507324,51.87734,58.287807,6.410469
235,35,0,0.8267629146575928,53.550236,61.95857,8.408333
235,36,0,0.8960577249526978,49.972507,52.30246,2.3299522
235,37,0,0.8811194896697998,52.80172,61.585617,8.783897
235,38,0,0.8363661170005798,53.13188,60.211506,7.079624
235,39,0,0.8596681356430054,58.34427,51.413166,6.9311028
235,40,0,0.9189141988754272,54.056072,58.75777,4.7016983
235,41,0,0.8380323648452759,51.555656,73.58929,22.03363
235,42,0,0.7725040316581726,53.750576,51.45321,2.297367
235,43,0,0.6442277431488037,62.81697,40.16974,22.647232
235,44,0,0.8010705709457397,63.57467,54.171223,9.403446
235,45,0,0.8846126794815063,53.48503,53.931145,0.4461136
235,46,0,0.9423388242721558,69.13949,67.1912,1.948288
235,47,0,0.9996671676635742,57.872383,57.512722,0.3596611
235,48,0,0.7574368715286255,74.27232,49.741573,24.53075
235,49,0,0.9102715253829956,60.968304,56.336277,4.6320267
98,0,0,0.9284383058547974,67.1964,69.88957,2.6931686
98,1,0,0.9279099702835083,68.46778,73.0953,4.6275177
98,2,0,0.8405559062957764,54.28136,81.29212,27.010761
98,3,0,0.9261196851730347,66.184654,80.1487,13.964043
98,4,0,0.9209427237510681,70.444954,74.66804,4.2230835
98,5,0,0.9694386720657349,70.57329,69.25875,1.314537
98,6,0,0.9338878393173218,76.6348,74.82536,1.8094406
98,7,0,0.955643892288208,74.23392,79.66941,5.4354935
98,8,0,0.9063167572021484,64.06676,85.9742,21.90744
98,9,0,0.9524071216583252,72.01656,75.94341,3.9268494
98,10,0,0.6925392746925354,85.332825,52.365475,32.96735
98,11,0,0.9523306488990784,72.64061,75.43689,2.79628
98,12,0,0.9690561890602112,79.99109,88.18846,8.197372
98,13,0,0.8104984760284424,74.89864,52.69852,22.200123
98,14,0,0.8894091844558716,72.74657,73.42475,0.6781845
98,15,0,0.906471848487854,77.35429,67.328514,10.025772
98,16,0,0.9427378177642822,81.34167,83.32615,1.9844818
98,17,0,0.9613117575645447,74.52733,69.816414,4.7109146
98,18,0,0.9117494821548462,62.42913,66.524055,4.094925
98,19,0,0.9997283220291138,76.41568,76.01998,0.39569855
98,20,0,0.9658127427101135,85.14623,71.94653,13.199699
98,21,0,0.8755416870117188,63.772297,64.02525,0.2529564
98,22,0,0.9412137269973755,68.169106,72.75685,4.5877457
98,23,0,0.8984380960464478,63.721535,67.82959,4.108055
98,24,0,0.8928954005241394,80.139565,62.720257,17.419308
98,25,0,0.8168284296989441,67.92239,67.37605,0.54634094
98,26,0,0.9425760507583618,76.061195,67.47315,8.588043
98,27,0,0.7744477987289429,61.157562,83.6621,22.50454
98,28,0,0.9591231346130371,75.62361,79.72206,4.0984497
98,29,0,0.8359900712966919,67.10091,62.745594,4.3553123
98,30,0,0.893276572227478,76.84527,62.688114,14.157154
98,31,0,0.9672629237174988,84.95254,80.65235,4.300186
98,32,0,0.950973629951477,80.79921,75.62868,5.170532
98,33,0,0.9536389112472534,67.07805,69.69766,2.6196136
98,34,0,0.9019141793251038,80.40906,69.6506,10.758461
98,35,0,0.8727705478668213,76.17822,61.35574,14.822483
98,36,0,0.8247793912887573,66.84333,75.39265,8.549316
98,37,0,0.8890626430511475,86.30393,67.1703,19.133629
98,38,0,0.9386907815933228,75.6711,74.03953,1.6315689
98,39,0,0.9511237144470215,75.81227,78.41006,2.597786
98,40,0,0.9082381725311279,64.585236,76.116974,11.531738
98,41,0,0.9429623484611511,85.03837,84.93932,0.0990448
98,42,0,0.7576831579208374,53.80001,71.21405,17.41404
98,43,0,0.9310007095336914,64.744965,72.08635,7.341385
98,44,0,0.9068560600280762,88.344444,62.0847,26.259743
98,45,0,0.9997814893722534,80.47887,80.09334,0.38552856
98,46,0,0.7658270597457886,72.92324,52.804783,20.118458
98,47,0,0.7535529732704163,56.1182,76.76279,20.644588
98,48,0,0.9374958872795105,76.27557,70.24101,6.034561
98,49,0,0.7842935919761658,69.54006,59.10041,10.4396515
237,0,0,0.8481379747390747,64.546585,58.38357,6.1630135
237,1,0,0.9997050762176514,53.308243,53.08643,0.2218132
237,2,0,0.33123061060905457,43.3951,48.337917,4.9428177
237,3,0,0.7699819207191467,43.44087,47.7232,4.2823334
237,4,0,0.855136513710022,52.88262,66.39941,13.516785
237,5,0,0.7929182052612305,54.02422,55.45815,1.4339294
237,6,0,0.6805675029754639,54.214985,66.12508,11.910091
237,7,0,0.5865018367767334,65.861275,42.961952,22.899323
237,8,0,0.8656516075134277,59.82687,63.2966,3.4697304
237,9,0,0.7333447933197021,67.024445,47.648594,19.37585
237,10,0,0.8880215883255005,55.493538,57.288475,1.7949371
237,11,0,0.7580206990242004,58.257236,42.991898,15.265339
237,12,0,0.813618540763855,51.633343,55.787563,4.1542206
237,13,0,0.8989145755767822,61.039783,64.49666,3.4568748
237,14,0,0.904313325881958,66.49669,56.022728,10.473961
237,15,0,0.7518255710601807,48.758587,62.4389,13.680313
237,16,0,0.8612567186355591,65.432785,56.923416,8.509369
237,17,0,0.8623734712600708,69.07281,58.724308,10.348499
237,18,0,0.8442589044570923,64.78659,59.40917,5.3774223
237,19,0,0.5130096673965454,50.87308,63.480297,12.607216
237,20,0,0.9225374460220337,58.000282,70.23527,12.234985
237,21,0,0.832796037197113,59.956593,57.024357,2.9322357
237,22,0,0.5804992318153381,43.03797,53.347073,10.309101
237,23,0,0.8777116537094116,62.776447,49.483025,13.293423
237,24,0,0.8237615823745728,58.620525,51.735542,6.884983
237,25,0,0.7518131136894226,58.4353,50.967213,7.4680862
237,26,0,0.8500446081161499,66.22423,55.540424,10.683804
237,27,0,0.7860089540481567,53.46703,63.36492,9.897892
237,28,0,0.866591215133667,59.25343,60.656994,1.4035645
237,29,0,0.8861856460571289,57.98812,63.108063,5.1199417
237,30,0,0.7960864901542664,56.22255,57.145374,0.92282486
237,31,0,0.7257527709007263,56.957695,52.88275,4.0749435
237,32,0,0.896310567855835,62.63156,54.437885,8.193676
237,33,0,0.5902292132377625,57.95713,47.97107,9.986061
237,34,0,0.8112117052078247,57.05581,65.00384,7.9480286
237,35,0,0.9043121933937073,58.144154,57.339493,0.8046608
237,36,0,0.5862419605255127,42.926266,59.730957,16.804691
237,37,0,0.8129708766937256,53.51153,52.765476,0.7460556
237,38,0,0.9989854097366333,63.88025,61.328472,2.551777
237,39,0,0.7691324949264526,48.578594,56.063126,7.4845314
237,40,0,0.6445156335830688,48.810783,54.099316,5.2885323
237,41,0,0.7987076044082642,71.01766,57.300133,13.717529
237,42,0,0.22747668623924255,41.293682,69.85766,28.563976
237,43,0,0.5227959752082825,57.34316,50.67031,6.6728477
237,44,0,0.32405078411102295,57.11485,43.550842,13.564007
237,45,0,0.629245936870575,61.260933,42.073063,19.18787
237,46,0,0.595634937286377,47.68151,52.776546,5.0950356
237,47,0,0.8657524585723877,55.69444,58.03428,2.33984
237,48,0,0.21473628282546997,63.041256,41.207203,21.834053
237,49,0,0.8805090188980103,49.989544,61.20692,11.217377
229,0,0,0.9165804982185364,82.235634,75.32581,6.9098206
229,1,0,0.9426864385604858,62.068226,70.97361,8.905384
229,2,0,0.7724901437759399,54.187656,63.370632,9.182976
229,3,0,0.9660196304321289,76.5994,70.32853,6.270874
229,4,0,0.9080377817153931,74.493904,63.79307,10.700832
229,5,0,0.9360717535018921,69.77235,72.003426,2.231079
229,6,0,0.9218413829803467,62.47393,66.38391,3.9099808
229,7,0,0.905067503452301,76.562,61.316895,15.245102
229,8,0,0.8669292330741882,56.768955,72.34441,15.575459
229,9,0,0.9352396726608276,65.23679,63.329117,1.9076767
229,10,0,0.9262665510177612,75.552956,70.41828,5.134674
229,11,0,0.9138116836547852,70.36961,66.29196,4.077652
229,12,0,0.8207741975784302,72.05577,49.32462,22.731152
229,13,0,0.7799038887023926,49.420372,67.561844,18.141472
229,14,0,0.8781293630599976,78.24399,58.673885,19.570103
229,15,0,0.7639032602310181,55.61512,62.596928,6.9818077
229,16,0,0.9130133986473083,63.00232,68.80067,5.7983475
229,17,0,0.9348593354225159,73.63694,76.83342,3.1964798
229,18,0,0.8494731187820435,70.5488,49.461506,21.087292
229,19,0,0.8035931587219238,62.754333,75.65729,12.902954
229,20,0,0.8668984174728394,56.92932,77.38471,20.45539
229,21,0,0.8319616317749023,70.84424,52.40832,18.435917
229,22,0,0.8959838151931763,66.830986,55.696274,11.134712
229,23,0,0.8582565188407898,61.902405,56.8411,5.061306
229,24,0,0.8912039995193481,60.244324,65.34496,5.1006393
229,25,0,0.8548260927200317,66.34901,56.811104,9.537903
229,26,0,0.9198572635650635,56.504726,70.29404,13.78931
229,27,0,0.9154001474380493,68.18039,69.33187,1.1514816
229,28,0,0.841717004776001,52.20479,60.73076,8.52597
229,29,0,0.9077983498573303,75.39158,62.027134,13.364445
229,30,0,0.9257404208183289,71.31418,82.29427,10.980095
229,31,0,0.8517811298370361,50.88619,73.70268,22.816494
229,32,0,0.8796372413635254,63.46662,78.663704,15.1970825
229,33,0,0.9363464117050171,66.27631,64.74217,1.5341415
229,34,0,0.8078083992004395,58.4778,68.90141,10.4236145
229,35,0,0.8686302304267883,63.802143,60.253162,3.5489807
229,36,0,0.785245418548584,71.14437,48.570957,22.573414
229,37,0,0.8555511236190796,49.58805,74.64858,25.060532
229,38,0,0.906486451625824,61.903946,78.28937,16.385422
229,39,0,0.7942428588867188,49.01642,60.86306,11.846642
229,40,0,0.8997268676757812,63.349274,61.40727,1.9420052
229,41,0,0.8946857452392578,61.6023,71.49774,9.895443
229,42,0,0.8071557283401489,63.958958,58.25094,5.7080193
229,43,0,0.8968783617019653,78.83605,57.164642,21.67141
229,44,0,0.8420201539993286,69.45658,60.997677,8.458904
229,45,0,0.7789004445075989,78.04045,49.532017,28.508434
229,46,0,0.7976948022842407,62.190624,54.21416,7.9764633
229,47,0,0.7774173617362976,64.54569,52.393658,12.152035
229,48,0,0.8678416013717651,60.948444,68.69265,7.7442055
229,49,0,0.8930115699768066,79.87378,61.77516,18.098618
417,0,0,0.9125664234161377,61.41325,77.4619,16.048649
417,1,0,0.7644736766815186,75.4356,49.463192,25.972408
417,2,0,0.880609929561615,62.40872,68.611115,6.2023964
417,3,0,0.9258232712745667,79.1138,62.463375,16.650425
417,4,0,0.9282026290893555,75.48539,65.42151,10.063881
417,5,0,0.8448015451431274,58.486935,46.663322,11.823612
417,6,0,0.8263182044029236,61.91593,55.41389,6.502041
417,7,0,0.9318796396255493,78.52925,60.977566,17.551685
417,8,0,0.9162743091583252,76.06627,73.04406,3.0222092
417,9,0,0.7928338050842285,58.378708,73.33424,14.955536
417,10,0,0.8910473585128784,76.5249,60.882164,15.642738
417,11,0,0.9560350179672241,69.89985,81.98289,12.083038
417,12,0,0.9676014184951782,73.02805,73.44139,0.4133377
417,13,0,0.9349325299263,79.49882,74.61103,4.887787
417,14,0,0.778384268283844,58.427853,86.43531,28.007458
417,15,0,0.9562490582466125,81.0773,76.33435,4.7429504
417,16,0,0.9604254364967346,70.30739,76.78366,6.4762726
417,17,0,0.7634590864181519,73.72425,56.69622,17.02803
417,18,0,0.9874170422554016,87.552864,86.504456,1.0484085
417,19,0,0.9484117031097412,86.32289,82.852066,3.4708252
417,20,0,0.9727342128753662,80.71351,74.256615,6.456894
417,21,0,0.9189592599868774,74.16131,79.25908,5.0977707
417,22,0,0.9531607031822205,75.84175,73.28744,2.5543137
417,23,0,0.9457632303237915,83.455894,79.93831,3.5175858
417,24,0,0.9207954406738281,68.172356,58.31443,9.857925
417,25,0,0.9256471991539001,88.0271,71.116875,16.910225
417,26,0,0.8374029397964478,47.9957,86.62094,38.62524
417,27,0,0.7823799848556519,55.897068,53.904358,1.9927101
417,28,0,0.9419387578964233,73.798256,74.64101,0.84275055
417,29,0,0.9016522169113159,76.71115,66.66437,10.046783
417,30,0,0.951011061668396,80.98217,81.54117,0.5589981
417,31,0,0.9397029876708984,72.94968,84.21692,11.267242
417,32,0,0.871518075466156,69.904526,51.42422,18.480305
417,33,0,0.7940634489059448,54.50451,75.83088,21.32637
417,34,0,0.9584916830062866,69.94237,75.68027,5.7379
417,35,0,0.9595240950584412,72.980255,84.5737,11.593445
417,36,0,0.9613395929336548,76.89116,72.54072,4.350441
417,37,0,0.9671265482902527,81.796585,70.27528,11.521301
417,38,0,0.940464198589325,81.59141,79.28772,2.303688
417,39,0,0.9103870987892151,71.2764,70.218285,1.0581131
417,40,0,0.7934502959251404,85.09067,58.623394,26.467274
417,41,0,0.9567281007766724,75.21342,82.74957,7.5361557
417,42,0,0.9509024620056152,75.537796,70.41327,5.124527
417,43,0,0.9707643389701843,74.37867,75.778244,1.3995743
417,44,0,0.9308164119720459,65.61576,75.05281,9.43705
417,45,0,0.9357883930206299,66.436844,81.95267,15.515823
417,46,0,0.8589748740196228,51.454548,73.99628,22.541729
417,47,0,0.966853678226471,75.95954,69.47271,6.4868317
417,48,0,0.7625543475151062,48.99065,81.8555,32.86485
417,49,0,0.9372854232788086,84.17597,71.11035,13.06562
421,0,0,0.9151496887207031,78.17456,68.62586,9.548698
421,1,0,0.8081017732620239,83.45185,76.28854,7.163307
421,2,0,0.7892228364944458,62.572285,50.881386,11.690899
421,3,0,0.6729652881622314,50.04778,53.6592,3.6114197
421,4,0,0.7677650451660156,58.4655,85.727844,27.262344
421,5,0,0.6940730214118958,46.722355,74.50892,27.786564
421,6,0,0.7325630187988281,52.148033,61.36636,9.218327
421,7,0,0.6560430526733398,53.994457,55.66292,1.6684647
421,8,0,0.8972806334495544,64.099335,67.15497,3.0556335
421,9,0,0.8808231353759766,61.573174,63.463245,1.8900719
421,10,0,0.8308189511299133,59.128056,66.391075,7.2630196
421,11,0,0.8692492246627808,78.267944,69.0016,9.266342
421,12,0,0.8802766799926758,70.19349,77.03597,6.8424835
421,13,0,0.8186827301979065,67.429726,52.901924,14.5278015
421,14,0,0.8433154821395874,69.61521,63.16268,6.45253
421,15,0,0.8106584548950195,51.80924,54.638466,2.8292274
421,16,0,0.8461400866508484,60.094044,69.92522,9.831173
421,17,0,0.8712138533592224,68.71959,58.108826,10.610764
421,18,0,0.9308850765228271,70.614876,64.50763,6.1072464
421,19,0,0.8815685510635376,64.771996,58.33882,6.433174
421,20,0,0.4637339115142822,43.114033,61.462387,18.348354
421,21,0,0.4808422029018402,46.34043,53.81141,7.470978
421,22,0,0.8705675601959229,61.83604,68.09905,6.263012
421,23,0,0.5565800070762634,53.657288,48.613503,5.043785
421,24,0,0.8818372488021851,65.2532,57.80024,7.452957
421,25,0,0.8809977769851685,59.48437,69.41365,9.929279
421,26,0,0.4805608093738556,50.37391,51.565186,1.1912766
421,27,0,0.6813627481460571,66.12506,51.266205,14.858856
421,28,0,0.5982248187065125,68.75803,42.943016,25.815018
421,29,0,0.6951212882995605,64.75602,46.090942,18.665077
421,30,0,0.8317931890487671,54.079636,67.57478,13.495148
421,31,0,0.7067270278930664,52.273087,50.478783,1.7943039
421,32,0,0.8805953860282898,63.05113,57.515892,5.5352364
421,33,0,0.8654879927635193,67.15642,68.32062,1.1641998
421,34,0,0.999472975730896,70.71499,69.781685,0.93330383
421,35,0,0.7779028415679932,53.356865,63.620056,10.263191
421,36,0,0.8729441165924072,63.598534,64.60585,1.0073166
421,37,0,0.8435022830963135,76.65652,61.26776,15.388756
421,38,0,0.767100989818573,51.6815,54.337173,2.655674
421,39,0,0.5244072675704956,42.57127,68.13774,25.566471
421,40,0,0.6747264862060547,50.29589,61.327087,11.031197
421,41,0,0.5641962885856628,64.96339,46.225304,18.738083
421,42,0,0.9995766282081604,46.83278,46.78232,0.050460815
421,43,0,0.8293111324310303,58.950783,64.67939,5.728607
421,44,0,0.7194842100143433,68.289734,54.00429,14.285442
421,45,0,0.7750187516212463,61.469513,51.782288,9.687225
421,46,0,0.5980339050292969,52.211243,49.865322,2.3459206
421,47,0,0.8453350067138672,55.251152,63.50582,8.254669
421,48,0,0.4858752489089966,68.17718,43.0575,25.119678
421,49,0,0.8129100203514099,55.41249,52.14335,3.2691422
430,0,0,0.9214571714401245,68.972115,80.39669,11.424576
430,1,0,0.9267851710319519,71.502304,72.47005,0.9677429
430,2,0,0.959710955619812,80.65993,74.016594,6.6433334
430,3,0,0.9565151929855347,66.64741,60.642365,6.005043
430,4,0,0.7647459506988525,71.21361,58.74757,12.466038
430,5,0,0.8300790786743164,66.91587,61.058853,5.8570175
430,6,0,0.8592833876609802,56.794563,69.38814,12.593575
430,7,0,0.8865881562232971,81.35488,60.767338,20.587543
430,8,0,0.9265616536140442,74.20747,66.24568,7.961792
430,9,0,0.9756174683570862,80.870636,71.06949,9.801147
430,10,0,0.8742556571960449,67.85189,59.018055,8.833836
430,11,0,0.7750014662742615,57.91558,67.873215,9.957634
430,12,0,0.8938735127449036,59.398052,68.62868,9.230625
430,13,0,0.9383841753005981,82.51754,66.168015,16.349525
430,14,0,0.5975813269615173,48.73296,67.884476,19.151516
430,15,0,0.8476011753082275,61.264484,84.23215,22.967663
430,16,0,0.9669600129127502,70.3194,66.87305,3.44635
430,17,0,0.9676250219345093,69.66137,66.984375,2.6769943
430,18,0,0.9257853031158447,59.264606,77.50809,18.24348
430,19,0,0.9477099180221558,74.53241,70.55444,3.9779663
430,20,0,0.9034857749938965,66.91275,64.89866,2.0140915
430,21,0,0.9458452463150024,59.516506,74.168884,14.652378
430,22,0,0.3193577826023102,67.03422,39.412342,27.621876
430,23,0,0.7851877808570862,90.02257,58.113205,31.909363
430,24,0,0.9144963026046753,76.39724,69.691376,6.705864
430,25,0,0.9050628542900085,69.278694,59.261803,10.0168915
430,26,0,0.9334152936935425,73.9086,72.60237,1.3062286
430,27,0,0.9226754903793335,65.117645,70.01903,4.9013824
430,28,0,0.915892481803894,78.1437,60.76108,17.382618
430,29,0,0.9388865828514099,84.51829,76.570114,7.9481735
430,30,0,0.9248520135879517,69.78224,68.18405,1.5981903
430,31,0,0.9316025376319885,83.18352,67.44626,15.737259
430,32,0,0.8352369070053101,72.08684,55.376984,16.709854
430,33,0,0.8729924559593201,61.586327,59.688343,1.8979836
430,34,0,0.930789589881897,67.171,82.7831,15.612099
430,35,0,0.7008036375045776,61.58152,49.00239,12.579128
430,36,0,0.8918712735176086,70.09066,70.441864,0.35120392
430,37,0,0.9175663590431213,76.88151,69.100784,7.7807236
430,38,0,0.9351961612701416,66.58021,87.391396,20.811188
430,39,0,0.823685884475708,59.658936,64.52541,4.866478
430,40,0,0.3013099431991577,40.165802,73.48503,33.31923
430,41,0,0.9113658666610718,60.934536,69.6798,8.745266
430,42,0,0.8878005146980286,58.441395,70.89807,12.4566765
430,43,0,0.9023457765579224,80.29723,58.08161,22.215622
430,44,0,0.9470739364624023,70.2411,76.50449,6.263397
430,45,0,0.8990303874015808,56.158722,80.969635,24.810913
430,46,0,0.9348920583724976,72.33711,79.18911,6.8519974
430,47,0,0.9657909274101257,71.800995,82.99621,11.195213
430,48,0,0.9501245021820068,69.88924,80.85518,10.965942
430,49,0,0.8747626543045044,74.08673,54.708744,19.377987
668,0,0,0.8935067653656006,60.75872,71.93584,11.177116
668,1,0,0.9070324897766113,77.82225,59.565956,18.256294
668,2,0,0.9158560633659363,73.8933,58.25329,15.640015
668,3,0,0.9471947550773621,62.137703,71.48572,9.348015
668,4,0,0.8761143088340759,75.20372,60.146423,15.057297
668,5,0,0.916580855846405,61.207047,81.73213,20.525085
668,6,0,0.8951507806777954,64.960625,60.10704,4.8535843
668,7,0,0.8218296766281128,67.72341,52.64983,15.073582
668,8,0,0.886940598487854,60.03345,69.629814,9.596363
668,9,0,0.9240258932113647,74.67693,69.07968,5.597252
668,10,0,0.913196861743927,77.18299,59.889748,17.293243
668,11,0,0.9364543557167053,72.47854,74.608765,2.1302261
668,12,0,0.9407964944839478,59.13162,74.274254,15.142635
668,13,0,0.8304539322853088,70.74548,56.68566,14.059822
668,14,0,0.9512248635292053,69.557816,75.8551,6.297287
668,15,0,0.8420032262802124,52.899544,64.682045,11.782501
668,16,0,0.785304844379425,74.6815,50.85367,23.827835
668,17,0,0.9676971435546875,83.88511,75.5722,8.312912
668,18,0,0.912940502166748,59.27125,63.745285,4.4740334
668,19,0,0.9345110058784485,77.005615,71.85821,5.1474075
668,20,0,0.8720993995666504,84.311165,59.984566,24.3266
668,21,0,0.9264739155769348,60.053375,71.37651,11.323135
668,22,0,0.9603478908538818,71.282845,74.148285,2.8654404
668,23,0,0.9445915222167969,66.48746,70.55152,4.064064
668,24,0,0.8981908559799194,58.500103,59.104725,0.6046219
668,25,0,0.8519588708877563,72.41527,57.5494,14.865868
668,26,0,0.8293243646621704,51.554848,70.56628,19.011429
668,27,0,0.958111047744751,72.5717,75.65631,3.08461
668,28,0,0.9684591889381409,85.00605,82.98194,2.024109
668,29,0,0.951920211315155,69.06735,75.37049,6.3031387
668,30,0,0.8165278434753418,82.28559,53.102974,29.182617
668,31,0,0.9498571157455444,71.00933,72.51839,1.5090561
668,32,0,0.9314551949501038,71.2087,70.35295,0.85575104
668,33,0,0.9365766644477844,71.765015,86.80403,15.039017
668,34,0,0.8432347178459167,53.396328,75.59087,22.194546
668,35,0,0.937047004699707,65.760956,71.30211,5.541153
668,36,0,0.9110230207443237,61.72767,76.96172,15.234055
668,37,0,0.9324437379837036,73.95016,59.441948,14.508209
668,38,0,0.9580355882644653,73.46752,85.34108,11.873558
668,39,0,0.835379958152771,56.137016,59.378834,3.2418175
668,40,0,0.9026612639427185,63.411938,61.464565,1.9473724
668,41,0,0.9323107004165649,70.385284,69.24783,1.1374512
668,42,0,0.9170371294021606,67.00129,71.376114,4.3748245
668,43,0,0.9556848406791687,77.24464,76.94389,0.3007431
668,44,0,0.9328122138977051,67.94423,68.62925,0.68502045
668,45,0,0.8530899882316589,57.724014,66.643715,8.919701
668,46,0,0.9373307824134827,72.31074,73.35251,1.0417709
668,47,0,0.9513144493103027,60.50989,65.7969,5.2870064
668,48,0,0.86736661195755,60.76965,66.830055,6.0604057
668,49,0,0.9558899998664856,73.7728,63.40076,10.372036
757,0,0,0.9401580095291138,77.26184,60.738876,16.522964
757,1,0,0.802054762840271,51.261814,53.4354,2.173584
757,2,0,0.5977718830108643,48.460674,78.021996,29.561321
757,3,0,0.7178471684455872,44.28249,72.16594,27.88345
757,4,0,0.8390098810195923,49.868378,79.52977,29.661392
757,5,0,0.8727456331253052,71.006454,57.771748,13.234707
757,6,0,0.9611659646034241,82.464035,77.25496,5.209076
757,7,0,0.8639177083969116,57.912178,69.77862,11.86644
757,8,0,0.6936123371124268,73.59888,44.104935,29.493942
757,9,0,0.5904147028923035,79.820076,48.674633,31.145443
757,10,0,0.8020505905151367,54.98222,71.72072,16.738499
757,11,0,0.8877782225608826,61.506554,73.229744,11.72319
757,12,0,0.7970302104949951,56.40401,51.2354,5.1686096
757,13,0,0.8762268424034119,61.741467,82.10963,20.36816
757,14,0,0.9452909231185913,69.80429,80.63961,10.8353195
757,15,0,0.9421123266220093,70.639366,62.82149,7.817875
757,16,0,0.9456390142440796,73.50972,77.98946,4.479744
757,17,0,0.8402636051177979,72.56585,57.113144,15.452705
757,18,0,0.7792621850967407,45.199203,54.521828,9.322624
757,19,0,0.9448740482330322,69.79787,71.45004,1.6521759
757,20,0,0.9155297875404358,73.59217,61.876526,11.715645
757,21,0,0.9370247721672058,59.206623,61.11755,1.9109268
757,22,0,0.9482845067977905,76.71823,64.884186,11.834045
757,23,0,0.9063767194747925,66.28469,59.168865,7.1158257
757,24,0,0.7107728719711304,51.361492,64.096405,12.734913
757,25,0,0.7181105613708496,65.033424,43.832836,21.200588
757,26,0,0.9454777240753174,66.28947,76.093414,9.803947
757,27,0,0.9110057353973389,66.72805,80.406044,13.677994
757,28,0,0.9458602070808411,71.26424,70.8067,0.4575348
757,29,0,0.8954591751098633,76.68717,58.88781,17.799362
757,30,0,0.7853082418441772,60.714607,54.23048,6.484127
757,31,0,0.8325374126434326,54.044956,56.10824,2.063282
757,32,0,0.9626344442367554,61.081806,69.85664,8.7748375
757,33,0,0.8601032495498657,62.24942,50.301826,11.947594
757,34,0,0.8198506832122803,54.261787,69.95249,15.690704
757,35,0,0.9682788252830505,80.68286,71.30148,9.381378
757,36,0,0.8719170689582825,72.14289,62.4669,9.675991
757,37,0,0.8195942044258118,52.964,64.495766,11.531765
757,38,0,0.7028065323829651,63.475636,51.354885,12.12075
757,39,0,0.9711545705795288,78.32996,74.62512,3.7048416
757,40,0,0.671850323677063,72.38589,44.531918,27.85397
757,41,0,0.9007663726806641,81.30474,71.99504,9.3097
757,42,0,0.697027325630188,44.442375,63.10052,18.658146
757,43,0,0.9532476663589478,72.71245,69.5358,3.176651
757,44,0,0.7935492992401123,64.94437,52.427357,12.51701
757,45,0,0.8677825927734375,58.310894,71.28094,12.970043
757,46,0,0.9362078309059143,64.50678,74.12272,9.615936
757,47,0,0.9423551559448242,78.423775,64.78026,13.643517
757,48,0,0.8549973368644714,54.43894,61.030647,6.591709
757,49,0,0.7866156697273254,63.24354,54.09825,9.14529
814,0,0,0.8116121888160706,53.012505,78.03759,25.025085
814,1,0,0.8429552912712097,73.80396,57.669464,16.134499
814,2,0,0.8966096043586731,65.55829,62.00926,3.5490303
814,3,0,0.9108079671859741,67.081116,73.49192,6.4108047
814,4,0,0.9553634524345398,85.94261,74.014175,11.928436
814,5,0,0.9338454008102417,70.147644,87.40585,17.25821
814,6,0,0.904197096824646,75.722336,58.896885,16.82545
814,7,0,0.9517834186553955,70.77567,64.63639,6.139282
814,8,0,0.79106205701828,70.556175,56.876583,13.679592
814,9,0,0.9708083868026733,74.83652,74.07121,0.76530457
814,10,0,0.9338653087615967,66.7809,63.64454,3.1363602
814,11,0,0.831885039806366,53.905403,64.47649,10.571083
814,12,0,0.9238803386688232,70.94022,66.755196,4.185028
814,13,0,0.9209773540496826,81.34048,71.12703,10.213448
814,14,0,0.9304797649383545,65.43992,79.044044,13.604126
814,15,0,0.8998087048530579,79.47269,63.18639,16.286297
814,16,0,0.9237587451934814,67.040665,65.317245,1.7234192
814,17,0,0.8429311513900757,56.946087,79.66827,22.72218
814,18,0,0.9533354043960571,88.66925,69.703316,18.965935
814,19,0,0.943508505821228,63.1982,77.156204,13.958004
814,20,0,0.8943414092063904,63.2359,70.38752,7.151619
814,21,0,0.9508102536201477,75.82106,71.545204,4.275856
814,22,0,0.9639010429382324,79.51899,75.05072,4.4682693
814,23,0,0.8725498914718628,58.59862,67.62291,9.024288
814,24,0,0.8664754033088684,57.18084,81.84083,24.659988
814,25,0,0.9261888265609741,66.8256,68.855034,2.0294342
814,26,0,0.9272135496139526,77.60256,69.190384,8.412178
814,27,0,0.7586609721183777,69.03769,52.95559,16.0821
814,28,0,0.8140163421630859,73.43389,52.733253,20.700638
814,29,0,0.8598358035087585,72.85112,57.053516,15.797604
814,30,0,0.8814406394958496,59.373493,73.94023,14.566738
814,31,0,0.9227046966552734,71.434006,67.215996,4.21801
814,32,0,0.755789041519165,53.81698,58.71161,4.8946304
814,33,0,0.9044865369796753,61.246525,56.861004,4.385521
814,34,0,0.8412826061248779,58.268974,79.07861,20.809639
814,35,0,0.9146503210067749,62.165974,86.35818,24.192204
814,36,0,0.9133791923522949,73.78003,73.743355,0.0366745
814,37,0,0.9036710858345032,60.017277,70.03273,10.015453
814,38,0,0.8951865434646606,73.7705,60.042362,13.728138
814,39,0,0.940748393535614,76.18559,65.323555,10.862038
814,40,0,0.7176027297973633,49.194664,72.5064,23.311737
814,41,0,0.7888482809066772,69.505104,53.064438,16.440666
814,42,0,0.8626906871795654,57.696163,64.78186,7.085697
814,43,0,0.9206502437591553,71.59649,67.590965,4.0055237
814,44,0,0.7427492141723633,64.29798,49.7728,14.525181
814,45,0,0.9208517670631409,67.20532,72.987686,5.782364
814,46,0,0.9507476091384888,77.805,73.02752,4.777481
814,47,0,0.8817092180252075,75.30726,59.04378,16.263477
814,48,0,0.9499690532684326,83.07959,75.726395,7.353195
814,49,0,0.915574848651886,71.340645,67.004135,4.3365097
235,0,10,0.8779811263084412,56.88876,65.70622,8.817463
235,1,10,0.8493203520774841,60.069027,57.383633,2.6853943
235,2,10,0.7307173609733582,49.951733,56.415657,6.4639244
235,3,10,0.8344513773918152,49.8669,59.831333,9.964432
235,4,10,0.8701115846633911,58.653744,50.19793,8.455814
235,5,10,0.8686381578445435,51.89902,57.316273,5.4172516
235,6,10,0.9287146925926208,56.70776,67.922905,11.215145
235,7,10,0.8878690004348755,58.777252,48.514854,10.262398
235,8,10,0.8264638781547546,61.25714,50.303368,10.9537735
235,9,10,0.8848046660423279,58.55376,54.763443,3.7903175
235,10,10,0.8894675970077515,56.206833,51.97047,4.2363625
235,11,10,0.8570390939712524,56.98961,64.184525,7.194916
235,12,10,0.9059741497039795,57.387165,61.247154,3.8599892
235,13,10,0.7773804068565369,54.446163,53.464108,0.98205566
235,14,10,0.8902403116226196,57.873375,59.343925,1.4705505
235,15,10,0.8161208033561707,65.40108,51.22041,14.180668
235,16,10,0.7065672278404236,51.927757,58.541798,6.6140404
235,17,10,0.9112668633460999,62.182415,58.154648,4.027767
235,18,10,0.7110592126846313,53.22702,50.100796,3.1262245
235,19,10,0.9040501117706299,68.11534,54.99816,13.11718
235,20,10,0.8809884786605835,52.98418,51.245968,1.7382126
235,21,10,0.8207098245620728,51.55202,50.245228,1.3067932
235,22,10,0.9004021883010864,58.672054,60.691513,2.0194588
235,23,10,0.8758978843688965,58.8091,51.74385,7.0652504
235,24,10,0.6864002346992493,40.209484,59.77673,19.567245
235,25,10,0.679409921169281,63.768368,52.264412,11.503956
235,26,10,0.9100602865219116,61.712784,50.667973,11.044811
235,27,10,0.895566463470459,57.78585,62.135826,4.3499756
235,28,10,0.858418345451355,47.29136,57.11791,9.82655
235,29,10,0.7596531510353088,44.510868,47.653248,3.1423798
235,30,10,0.8898506760597229,48.103413,43.846516,4.256897
235,31,10,0.8803303241729736,56.9142,50.617687,6.2965126
235,32,10,0.7918009757995605,51.775818,56.7015,4.925682
235,33,10,0.7256147265434265,51.153194,52.288498,1.1353035
235,34,10,0.8104552030563354,51.87734,58.192265,6.314926
235,35,10,0.8346134424209595,53.550236,61.658768,8.108532
235,36,10,0.8956444263458252,49.972507,52.339016,2.3665085
235,37,10,0.8844382762908936,52.80172,62.400173,9.5984535
235,38,10,0.8416725397109985,53.13188,61.150097,8.018215
235,39,10,0.8621073961257935,58.34427,51.75662,6.5876503
235,40,10,0.9161595702171326,54.056072,58.49369,4.4376183
235,41,10,0.8405268788337708,51.555656,71.87227,20.316612
235,42,10,0.7643078565597534,53.750576,50.65658,3.0939941
235,43,10,0.6435871124267578,62.81697,39.873547,22.943424
235,44,10,0.8089078068733215,63.57467,55.840298,7.734371
235,45,10,0.8849297761917114,53.48503,53.89929,0.41425705
235,46,10,0.9400192499160767,69.13949,67.1314,2.0080872
235,47,10,0.9973942041397095,57.872383,57.258564,0.6138191
235,48,10,0.7642017602920532,74.27232,49.737476,24.534847
235,49,10,0.9194130897521973,60.968304,58.447655,2.520649
98,0,10,0.9278518557548523,67.1964,72.23666,5.0402527
98,1,10,0.9307640790939331,68.46778,74.61114,6.1433563
98,2,10,0.8421517610549927,54.28136,79.129486,24.848125
98,3,10,0.9282475113868713,66.184654,76.014046,9.8293915
98,4,10,0.9194821119308472,70.444954,73.987686,3.5427322
98,5,10,0.9659905433654785,70.57329,72.28694,1.7136536
98,6,10,0.9179949760437012,76.6348,73.04981,3.5849915
98,7,10,0.9548697471618652,74.23392,79.491005,5.2570877
98,8,10,0.907116711139679,64.06676,84.97787,20.91111
98,9,10,0.954243540763855,72.01656,75.53176,3.5151978
98,10,10,0.7330296635627747,85.332825,54.427174,30.905651
98,11,10,0.9545015096664429,72.64061,77.8282,5.1875916
98,12,10,0.9698151350021362,79.99109,88.91998,8.928894
98,13,10,0.7979102730751038,74.89864,51.79658,23.102062
98,14,10,0.895897388458252,72.74657,75.41457,2.668007
98,15,10,0.9109659790992737,77.35429,67.626854,9.727432
98,16,10,0.9444300532341003,81.34167,82.443245,1.1015778
98,17,10,0.9604147672653198,74.52733,70.55899,3.968338
98,18,10,0.9010415077209473,62.42913,71.279305,8.850174
98,19,10,0.9982576370239258,76.41568,75.58893,0.8267517
98,20,10,0.9678571224212646,85.14623,73.09346,12.0527725
98,21,10,0.8735312223434448,63.772297,63.44711,0.32518768
98,22,10,0.939191997051239,68.169106,70.94445,2.7753448
98,23,10,0.9056415557861328,63.721535,70.72629,7.004753
98,24,10,0.8969133496284485,80.139565,64.09237,16.047195
98,25,10,0.8189393877983093,67.92239,66.47373,1.4486618
98,26,10,0.9162230491638184,76.061195,63.096214,12.964981
98,27,10,0.7734225392341614,61.157562,83.056206,21.898643
98,28,10,0.9552883505821228,75.62361,79.71543,4.09182
98,29,10,0.8387109637260437,67.10091,61.178513,5.922394
98,30,10,0.8927751183509827,76.84527,66.14296,10.702309
98,31,10,0.970363974571228,84.95254,85.66313,0.7105942
98,32,10,0.9524986743927002,80.79921,77.55651,3.2426987
98,33,10,0.950532078742981,67.07805,68.165184,1.0871353
98,34,10,0.9139910340309143,80.40906,72.09224,8.316818
98,35,10,0.8601212501525879,76.17822,60.947342,15.230881
98,36,10,0.8221865296363831,66.84333,76.10001,9.256683
98,37,10,0.8940845131874084,86.30393,67.69048,18.61345
98,38,10,0.9412795901298523,75.6711,75.54769,0.12340546
98,39,10,0.9519522786140442,75.81227,78.12787,2.3155975
98,40,10,0.906373143196106,64.585236,75.382744,10.797508
98,41,10,0.9435468912124634,85.03837,80.93714,4.101227
98,42,10,0.7570893168449402,53.80001,72.713066,18.913055
98,43,10,0.9333558678627014,64.744965,76.63233,11.887367
98,44,10,0.9132574796676636,88.344444,63.90609,24.438354
98,45,10,0.9972158074378967,80.47887,74.3191,6.159767
98,46,10,0.7807008624076843,72.92324,55.918537,17.004704
98,47,10,0.752890944480896,56.1182,78.86539,22.747189
98,48,10,0.9566540718078613,76.27557,77.79343,1.5178528
98,49,10,0.7932600975036621,69.54006,58.39264,11.147423
237,0,10,0.8423596620559692,64.546585,57.64178,6.904804
237,1,10,0.9972949624061584,53.308243,53.12272,0.18552399
237,2,10,0.33085522055625916,43.3951,47.67336,4.2782593
237,3,10,0.7383559346199036,43.44087,46.867107,3.426239
237,4,10,0.855623185634613,52.88262,66.98244,14.099815
237,5,10,0.8053571581840515,54.02422,55.503513,1.4792938
237,6,10,0.680095911026001,54.214985,63.49694,9.281956
237,7,10,0.5899196863174438,65.861275,43.586773,22.274502
237,8,10,0.8652027249336243,59.82687,63.022007,3.195137
237,9,10,0.7410887479782104,67.024445,47.32955,19.694893
237,10,10,0.8957932591438293,55.493538,55.902386,0.4088478
237,11,10,0.7598634362220764,58.257236,43.77878,14.478455
237,12,10,0.8306736350059509,51.633343,56.84879,5.2154465
237,13,10,0.8915126323699951,61.039783,62.840534,1.8007507
237,14,10,0.9047802090644836,66.49669,55.906796,10.589893
237,15,10,0.7452225685119629,48.758587,60.345966,11.587379
237,16,10,0.8646235466003418,65.432785,55.176693,10.256092
237,17,10,0.8658498525619507,69.07281,58.531727,10.54108
237,18,10,0.8507101535797119,64.78659,59.884304,4.9022865
237,19,10,0.5074753761291504,50.87308,65.19982,14.32674
237,20,10,0.9232032299041748,58.000282,69.88016,11.879875
237,21,10,0.834136962890625,59.956593,57.464664,2.491928
237,22,10,0.5939732193946838,43.03797,53.86149,10.823517
237,23,10,0.8744866847991943,62.776447,48.855328,13.92112
237,24,10,0.8320757150650024,58.620525,53.3686,5.2519264
237,25,10,0.7655261158943176,58.4353,53.056328,5.378971
237,26,10,0.8533738851547241,66.22423,56.676315,9.547913
237,27,10,0.7988001108169556,53.46703,60.020435,6.553406
237,28,10,0.8636661767959595,59.25343,62.027424,2.7739944
237,29,10,0.8856865167617798,57.98812,62.09411,4.1059875
237,30,10,0.7913211584091187,56.22255,57.510555,1.2880058
237,31,10,0.7299834489822388,56.957695,56.239143,0.71855164
237,32,10,0.8981300592422485,62.63156,54.431583,8.199978
237,33,10,0.5653328895568848,57.95713,47.359497,10.597633
237,34,10,0.8092983961105347,57.05581,63.55303,6.497219
237,35,10,0.9036223292350769,58.144154,55.368504,2.77565
237,36,10,0.5916893482208252,42.926266,59.29184,16.365574
237,37,10,0.8143627643585205,53.51153,54.528378,1.0168457
237,38,10,0.9956440925598145,63.88025,63.096943,0.7833061
237,39,10,0.7737370729446411,48.578594,54.947132,6.368538
237,40,10,0.6542415022850037,48.810783,52.851677,4.0408936
237,41,10,0.7977569103240967,71.01766,56.98642,14.031242
237,42,10,0.2378910779953003,41.293682,68.173065,26.879383
237,43,10,0.5108628273010254,57.34316,48.05027,9.292889
237,44,10,0.40378499031066895,57.11485,42.83883,14.27602
237,45,10,0.5707336664199829,61.260933,40.894466,20.366467
237,46,10,0.590890645980835,47.68151,54.56668,6.88517
237,47,10,0.8542157411575317,55.69444,58.41646,2.7220192
237,48,10,0.22811637818813324,63.041256,40.485176,22.55608
237,49,10,0.8770092725753784,49.989544,59.61704,9.627495
229,0,10,0.9183290004730225,82.235634,75.64514,6.5904922
229,1,10,0.9449132680892944,62.068226,69.48844,7.4202156
229,2,10,0.7725091576576233,54.187656,63.548386,9.360729
229,3,10,0.9643646478652954,76.5994,69.20068,7.39872
229,4,10,0.9062715172767639,74.493904,63.730892,10.763012
229,5,10,0.934102475643158,69.77235,69.97411,0.20176697
229,6,10,0.9101679921150208,62.47393,67.29611,4.8221817
229,7,10,0.9000765085220337,76.562,59.580517,16.98148
229,8,10,0.8686914443969727,56.768955,73.4959,16.726948
229,9,10,0.935775637626648,65.23679,62.874573,2.3622208
229,10,10,0.9219975471496582,75.552956,67.57034,7.9826126
229,11,10,0.9131166934967041,70.36961,66.28068,4.088936
229,12,10,0.8176078200340271,72.05577,50.573036,21.482735
229,13,10,0.7804407477378845,49.420372,66.97289,17.55252
229,14,10,0.8833166360855103,78.24399,58.703793,19.540195
229,15,10,0.7707653045654297,55.61512,64.28256,8.667442
229,16,10,0.910057783126831,63.00232,69.31385,6.311531
229,17,10,0.9392375946044922,73.63694,77.9128,4.2758636
229,18,10,0.8583669662475586,70.5488,50.63286,19.91594
229,19,10,0.8076567649841309,62.754333,74.67347,11.919136
229,20,10,0.8674363493919373,56.92932,77.335976,20.406654
229,21,10,0.8581426739692688,70.84424,53.77696,17.06728
229,22,10,0.8799458742141724,66.830986,52.035587,14.795399
229,23,10,0.8750255107879639,61.902405,58.183277,3.7191277
229,24,10,0.8900116086006165,60.244324,65.32713,5.0828094
229,25,10,0.8384531140327454,66.34901,54.53162,11.817387
229,26,10,0.9204743504524231,56.504726,69.811516,13.306789
229,27,10,0.9075018167495728,68.18039,65.85823,2.3221588
229,28,10,0.852510929107666,52.20479,58.385597,6.180809
229,29,10,0.9046291708946228,75.39158,61.6642,13.727379
229,30,10,0.93077552318573,71.31418,85.41925,14.105072
229,31,10,0.851648211479187,50.88619,75.39333,24.507145
229,32,10,0.8808671236038208,63.46662,79.813705,16.347084
229,33,10,0.9401291608810425,66.27631,67.25388,0.9775696
229,34,10,0.8112990856170654,58.4778,67.5529,9.075104
229,35,10,0.8777408599853516,63.802143,59.36576,4.4363823
229,36,10,0.8243647813796997,71.14437,51.343227,19.801144
229,37,10,0.8576410412788391,49.58805,75.4775,25.88945
229,38,10,0.9131192564964294,61.903946,78.40631,16.502365
229,39,10,0.7921379208564758,49.01642,60.97986,11.96344
229,40,10,0.8911880254745483,63.349274,62.182823,1.1664505
229,41,10,0.8983768224716187,61.6023,71.016495,9.414196
229,42,10,0.8270608186721802,63.958958,60.159622,3.7993355
229,43,10,0.9051963686943054,78.83605,60.17071,18.66534
229,44,10,0.8459225296974182,69.45658,61.388165,8.068417
229,45,10,0.7702456712722778,78.04045,47.721416,30.319035
229,46,10,0.8043318390846252,62.190624,55.304813,6.885811
229,47,10,0.7831610441207886,64.54569,52.316837,12.228855
229,48,10,0.8699899315834045,60.948444,69.1904,8.241955
229,49,10,0.8757114410400391,79.87378,58.95521,20.918568
417,0,10,0.929591178894043,61.41325,80.0425,18.629253
417,1,10,0.8269070386886597,75.4356,54.10686,21.32874
417,2,10,0.8807058334350586,62.40872,67.37707,4.9683495
417,3,10,0.9296622276306152,79.1138,62.757618,16.356182
417,4,10,0.9294595122337341,75.48539,66.7404,8.7449875
417,5,10,0.8697807788848877,58.486935,48.48511,10.001823
417,6,10,0.8240421414375305,61.91593,54.758034,7.157898
417,7,10,0.9389040470123291,78.52925,63.10907,15.420181
417,8,10,0.9192391037940979,76.06627,72.9557,3.1105652
417,9,10,0.7988038063049316,58.378708,72.23873,13.8600235
417,10,10,0.8991671204566956,76.5249,62.807407,13.717495
417,11,10,0.9539311528205872,69.89985,83.21858,13.318733
417,12,10,0.9699687957763672,73.02805,75.05714,2.0290833
417,13,10,0.9310128688812256,79.49882,73.82679,5.6720276
417,14,10,0.7842192649841309,58.427853,82.58467,24.156818
417,15,10,0.9565244913101196,81.0773,76.4446,4.632698
417,16,10,0.9598512649536133,70.30739,78.07838,7.7709885
417,17,10,0.7550819516181946,73.72425,56.383198,17.341053
417,18,10,0.9872741103172302,87.552864,86.01231,1.5405579
417,19,10,0.9508273601531982,86.32289,86.82338,0.5004883
417,20,10,0.9730114340782166,80.71351,74.80361,5.909897
417,21,10,0.9180811643600464,74.16131,80.4332,6.2718887
417,22,10,0.9567016363143921,75.84175,72.56004,3.2817078
417,23,10,0.9477517008781433,83.455894,81.045,2.4108963
417,24,10,0.9374096989631653,68.172356,61.21964,6.952717
417,25,10,0.9253278970718384,88.0271,72.43446,15.592636
417,26,10,0.8352466821670532,47.9957,88.2067,40.211002
417,27,10,0.7835341691970825,55.897068,54.477726,1.419342
417,28,10,0.9459712505340576,73.798256,76.02272,2.2244644
417,29,10,0.9037253260612488,76.71115,66.90346,9.8076935
417,30,10,0.9512096643447876,80.98217,81.70755,0.72537994
417,31,10,0.9426785707473755,72.94968,84.47814,11.528465
417,32,10,0.8573569059371948,69.904526,49.827976,20.07655
417,33,10,0.7991588115692139,54.50451,77.45611,22.9516
417,34,10,0.9607691764831543,69.94237,75.736916,5.794548
417,35,10,0.9585419297218323,72.980255,83.85769,10.877434
417,36,10,0.9642590880393982,76.89116,74.839096,2.052063
417,37,10,0.9700391888618469,81.796585,72.35309,9.443497
417,38,10,0.94286048412323,81.59141,76.85498,4.7364273
417,39,10,0.9117640256881714,71.2764,71.3177,0.041305542
417,40,10,0.7649834752082825,85.09067,57.293385,27.797283
417,41,10,0.9641135931015015,75.21342,82.378174,7.164757
417,42,10,0.950273871421814,75.537796,70.64039,4.8974075
417,43,10,0.9702876806259155,74.37867,74.33878,0.039886475
417,44,10,0.9281449317932129,65.61576,78.4696,12.853836
417,45,10,0.9371012449264526,66.436844,82.938034,16.50119
417,46,10,0.8611155152320862,51.454548,75.851685,24.397137
417,47,10,0.9591086506843567,75.95954,67.063675,8.895866
417,48,10,0.7613801956176758,48.99065,80.389206,31.398556
417,49,10,0.9408405423164368,84.17597,71.46877,12.707199
421,0,10,0.9157692193984985,78.17456,66.907104,11.267456
421,1,10,0.7926826477050781,83.45185,71.15645,12.295403
421,2,10,0.8133343458175659,62.572285,52.343136,10.229149
421,3,10,0.6711996793746948,50.04778,51.873417,1.8256378
421,4,10,0.778746485710144,58.4655,83.75262,25.287117
421,5,10,0.69730144739151,46.722355,72.71699,25.994633
421,6,10,0.7381645441055298,52.148033,60.49683,8.348797
421,7,10,0.6654268503189087,53.994457,56.687973,2.6935158
421,8,10,0.883224368095398,64.099335,61.246014,2.853321
421,9,10,0.883369505405426,61.573174,61.672756,0.09958267
421,10,10,0.8337169885635376,59.128056,64.77514,5.6470833
421,11,10,0.8713245987892151,78.267944,68.36621,9.901733
421,12,10,0.8807227611541748,70.19349,74.97849,4.7850037
421,13,10,0.8370004892349243,67.429726,54.664608,12.765118
421,14,10,0.8447767496109009,69.61521,65.157906,4.457306
421,15,10,0.8102717399597168,51.80924,54.05223,2.2429924
421,16,10,0.851792573928833,60.094044,72.0079,11.913853
421,17,10,0.8812336325645447,68.71959,60.930927,7.788662
421,18,10,0.9300060272216797,70.614876,64.83398,5.780899
421,19,10,0.8865252733230591,64.771996,58.35836,6.4136353
421,20,10,0.4625359773635864,43.114033,60.557304,17.443272
421,21,10,0.4938904345035553,46.34043,54.147964,7.8075333
421,22,10,0.878806471824646,61.83604,69.098236,7.2621956
421,23,10,0.5377973318099976,53.657288,49.462368,4.1949196
421,24,10,0.8688546419143677,65.2532,55.571995,9.681202
421,25,10,0.8830471634864807,59.48437,68.233475,8.749104
421,26,10,0.48142141103744507,50.37391,49.705135,0.66877365
421,27,10,0.6814520955085754,66.12506,50.724224,15.400837
421,28,10,0.5557441115379333,68.75803,41.752613,27.00542
421,29,10,0.720721960067749,64.75602,45.005524,19.750496
421,30,10,0.8227893710136414,54.079636,65.24675,11.167114
421,31,10,0.7069069743156433,52.273087,49.690235,2.5828514
421,32,10,0.8728207349777222,63.05113,57.392918,5.6582108
421,33,10,0.8666509389877319,67.15642,66.58416,0.572258
421,34,10,0.9977778196334839,70.71499,70.40565,0.30934143
421,35,10,0.7795597314834595,53.356865,63.22932,9.872456
421,36,10,0.8759371638298035,63.598534,65.4915,1.8929672
421,37,10,0.8698597550392151,76.65652,63.6898,12.966717
421,38,10,0.7736648321151733,51.6815,52.953625,1.2721252
421,39,10,0.5308958292007446,42.57127,68.944626,26.373356
421,40,10,0.6769564151763916,50.29589,59.20693,8.911037
421,41,10,0.57958984375,64.96339,45.714706,19.24868
421,42,10,0.99172043800354,46.83278,46.875195,0.04241562
421,43,10,0.8248425722122192,58.950783,62.519398,3.568615
421,44,10,0.7113897800445557,68.289734,52.431946,15.857788
421,45,10,0.7738367915153503,61.469513,52.414673,9.05484
421,46,10,0.6008186936378479,52.211243,49.441135,2.7701073
421,47,10,0.8522932529449463,55.251152,61.722595,6.471443
421,48,10,0.4354872703552246,68.17718,42.912426,25.264751
421,49,10,0.8044394254684448,55.41249,50.91693,4.4955597
430,0,10,0.9222498536109924,68.972115,83.53991,14.567795
430,1,10,0.935300886631012,71.502304,73.20239,1.7000885
430,2,10,0.9593719244003296,80.65993,74.46943,6.1904984
430,3,10,0.9524874091148376,66.64741,59.593815,7.0535927
430,4,10,0.7711455225944519,71.21361,59.316498,11.89711
430,5,10,0.8304340243339539,66.91587,59.52935,7.3865204
430,6,10,0.8588047027587891,56.794563,75.70943,18.914864
430,7,10,0.9190565347671509,81.35488,62.119446,19.235435
430,8,10,0.9204193353652954,74.20747,64.20431,10.003166
430,9,10,0.9760897755622864,80.870636,72.283226,8.58741
430,10,10,0.8677427768707275,67.85189,59.964367,7.8875237
430,11,10,0.7723356485366821,57.91558,68.099014,10.183434
430,12,10,0.8953270316123962,59.398052,67.33825,7.940197
430,13,10,0.9429703950881958,82.51754,67.87012,14.647423
430,14,10,0.5983723402023315,48.73296,68.34628,19.613323
430,15,10,0.8479695916175842,61.264484,85.45471,24.190228
430,16,10,0.9686775803565979,70.3194,68.93952,1.3798752
430,17,10,0.9595841765403748,69.66137,67.53958,2.121788
430,18,10,0.9265740513801575,59.264606,77.20885,17.94424
430,19,10,0.9446520209312439,74.53241,68.08387,6.4485397
430,20,10,0.9047379493713379,66.91275,69.57482,2.6620712
430,21,10,0.9481478333473206,59.516506,73.63897,14.122463
430,22,10,0.25533899664878845,67.03422,39.991,27.043217
430,23,10,0.813338041305542,90.02257,58.616623,31.405945
430,24,10,0.93077552318573,76.39724,70.963615,5.4336243
430,25,10,0.8965225219726562,69.278694,57.72354,11.555153
430,26,10,0.9346086382865906,73.9086,71.52143,2.387169
430,27,10,0.9266914129257202,65.117645,70.15468,5.037033
430,28,10,0.9253326654434204,78.1437,62.64853,15.495171
430,29,10,0.9433250427246094,84.51829,77.42819,7.0900955
430,30,10,0.9278604984283447,69.78224,67.72928,2.0529633
430,31,10,0.9393656253814697,83.18352,68.823044,14.360474
430,32,10,0.8415878415107727,72.08684,56.653595,15.433243
430,33,10,0.87322998046875,61.586327,58.59946,2.986866
430,34,10,0.9379600286483765,67.171,85.98722,18.816223
430,35,10,0.653019905090332,61.58152,47.34094,14.2405815
430,36,10,0.8767685890197754,70.09066,69.8336,0.2570572
430,37,10,0.9157810211181641,76.88151,69.11599,7.765518
430,38,10,0.9362446665763855,66.58021,86.71298,20.132774
430,39,10,0.8258056044578552,59.658936,62.32516,2.6662254
430,40,10,0.2982305884361267,40.165802,73.47893,33.313126
430,41,10,0.9065464735031128,60.934536,66.70452,5.769985
430,42,10,0.891520619392395,58.441395,68.97179,10.530392
430,43,10,0.9142219424247742,80.29723,59.20148,21.095753
430,44,10,0.9468280076980591,70.2411,74.96324,4.722145
430,45,10,0.8989061117172241,56.158722,79.713356,23.554634
430,46,10,0.9363593459129333,72.33711,79.81242,7.4753113
430,47,10,0.964988112449646,71.800995,85.96578,14.164787
430,48,10,0.9524558782577515,69.88924,83.725975,13.836739
430,49,10,0.8785412907600403,74.08673,55.460163,18.626568
668,0,10,0.8939801454544067,60.75872,74.52708,13.768356
668,1,10,0.9115421772003174,77.82225,61.575012,16.247238
668,2,10,0.9120159149169922,73.8933,57.982014,15.911289
668,3,10,0.9440023899078369,62.137703,73.02032,10.882614
668,4,10,0.8707661628723145,75.20372,60.326473,14.877247
668,5,10,0.9165672063827515,61.207047,83.67728,22.47023
668,6,10,0.8998217582702637,64.960625,62.116375,2.8442497
668,7,10,0.8537645936012268,67.72341,55.773956,11.949455
668,8,10,0.8917225003242493,60.03345,71.32652,11.293072
668,9,10,0.9257194995880127,74.67693,68.10523,6.571701
668,10,10,0.9122606515884399,77.18299,58.362534,18.820457
668,11,10,0.9398595094680786,72.47854,76.09486,3.6163177
668,12,10,0.9376943707466125,59.13162,77.65795,18.526333
668,13,10,0.8343299627304077,70.74548,55.865143,14.880341
668,14,10,0.952443540096283,69.557816,76.564476,7.0066605
668,15,10,0.8442473411560059,52.899544,65.11977,12.220222
668,16,10,0.8064736127853394,74.6815,52.57015,22.111355
668,17,10,0.9668610095977783,83.88511,77.555725,6.329384
668,18,10,0.9207232594490051,59.27125,66.97518,7.70393
668,19,10,0.9385294318199158,77.005615,71.24771,5.757904
668,20,10,0.8595535755157471,84.311165,59.949234,24.36193
668,21,10,0.9253304600715637,60.053375,73.185814,13.132439
668,22,10,0.9608548283576965,71.282845,74.31534,3.0324936
668,23,10,0.9452265501022339,66.48746,71.776825,5.2893677
668,24,10,0.8983023762702942,58.500103,62.49791,3.9978065
668,25,10,0.8583003282546997,72.41527,58.129555,14.285713
668,26,10,0.8279948234558105,51.554848,71.93698,20.382133
668,27,10,0.9603544473648071,72.5717,77.55339,4.9816895
668,28,10,0.9692215919494629,85.00605,83.93665,1.069397
668,29,10,0.9489514827728271,69.06735,76.1935,7.1261444
668,30,10,0.7952165603637695,82.28559,52.695587,29.590004
668,31,10,0.9504032731056213,71.00933,73.9911,2.9817657
668,32,10,0.9315464496612549,71.2087,74.62086,3.4121552
668,33,10,0.9454668164253235,71.765015,86.71407,14.949059
668,34,10,0.8401612043380737,53.396328,78.219955,24.823627
668,35,10,0.9415401220321655,65.760956,71.44982,5.6888657
668,36,10,0.9136775732040405,61.72767,79.1661,17.43843
668,37,10,0.9328472018241882,73.95016,59.70753,14.242626
668,38,10,0.9576685428619385,73.46752,85.43867,11.971146
668,39,10,0.8546252250671387,56.137016,63.856686,7.7196693
668,40,10,0.9127546548843384,63.411938,60.29909,3.1128464
668,41,10,0.9360271692276001,70.385284,71.00279,0.61750793
668,42,10,0.9200594425201416,67.00129,72.58625,5.584961
668,43,10,0.9546039700508118,77.24464,75.601746,1.6428909
668,44,10,0.9326220750808716,67.94423,69.984955,2.0407257
668,45,10,0.8517943620681763,57.724014,69.57788,11.853867
668,46,10,0.9438682794570923,72.31074,75.71366,3.4029236
668,47,10,0.9527835249900818,60.50989,67.79979,7.289898
668,48,10,0.8619958162307739,60.76965,68.15333,7.3836784
668,49,10,0.9594241976737976,73.7728,66.187836,7.584961
757,0,10,0.9359833598136902,77.26184,61.432877,15.828964
757,1,10,0.7958303689956665,51.261814,51.641735,0.37992096
757,2,10,0.6059386730194092,48.460674,76.87277,28.412098
757,3,10,0.7254799008369446,44.28249,72.942085,28.659595
757,4,10,0.8450630903244019,49.868378,76.43909,26.57071
757,5,10,0.8719658851623535,71.006454,57.088364,13.918091
757,6,10,0.9624485969543457,82.464035,76.27704,6.1869965
757,7,10,0.8649855852127075,57.912178,70.52086,12.608681
757,8,10,0.7371947765350342,73.59888,46.55947,27.039406
757,9,10,0.6284946799278259,79.820076,49.115864,30.704212
757,10,10,0.806544303894043,54.98222,72.66407,17.68185
757,11,10,0.8886101245880127,61.506554,71.74748,10.240929
757,12,10,0.8041059374809265,56.40401,50.69051,5.713501
757,13,10,0.8800584077835083,61.741467,79.87138,18.129917
757,14,10,0.9458369016647339,69.80429,80.733025,10.928734
757,15,10,0.9436737298965454,70.639366,62.22456,8.414806
757,16,10,0.9451349377632141,73.50972,77.515015,4.005295
757,17,10,0.8390753269195557,72.56585,55.62445,16.941399
757,18,10,0.7781492471694946,45.199203,56.0779,10.878696
757,19,10,0.9436969757080078,69.79787,71.64588,1.8480148
757,20,10,0.9098535776138306,73.59217,61.891808,11.700363
757,21,10,0.9359458088874817,59.206623,59.655106,0.4484825
757,22,10,0.951544463634491,76.71823,66.99868,9.719551
757,23,10,0.911276638507843,66.28469,59.805405,6.479286
757,24,10,0.7123242616653442,51.361492,63.1318,11.770309
757,25,10,0.7419964075088501,65.033424,45.853558,19.179867
757,26,10,0.948073148727417,66.28947,75.55524,9.26577
757,27,10,0.9160853028297424,66.72805,78.43141,11.7033615
757,28,10,0.9474530816078186,71.26424,71.24042,0.02381897
757,29,10,0.8902482986450195,76.68717,59.51997,17.167202
757,30,10,0.8055097460746765,60.714607,56.954346,3.7602615
757,31,10,0.8330230712890625,54.044956,54.708363,0.6634064
757,32,10,0.9621534943580627,61.081806,69.24376,8.161953
757,33,10,0.8587090373039246,62.24942,50.36451,11.884911
757,34,10,0.818649172782898,54.261787,69.12295,14.86116
757,35,10,0.9686604738235474,80.68286,71.276405,9.406456
757,36,10,0.8750860691070557,72.14289,60.193184,11.949707
757,37,10,0.8321452736854553,52.964,62.17175,9.207748
757,38,10,0.7186849117279053,63.475636,52.1918,11.283836
757,39,10,0.9713374972343445,78.32996,72.31809,6.0118713
757,40,10,0.6838164925575256,72.38589,43.79,28.595886
757,41,10,0.9132063388824463,81.30474,68.732285,12.572456
757,42,10,0.6977229118347168,44.442375,62.824665,18.38229
757,43,10,0.9557432532310486,72.71245,68.73525,3.9771957
757,44,10,0.8067787885665894,64.94437,53.572815,11.3715515
757,45,10,0.864253044128418,58.310894,69.73177,11.420879
757,46,10,0.9402256011962891,64.50678,74.36262,9.855835
757,47,10,0.9401443004608154,78.423775,63.07047,15.353306
757,48,10,0.8485516905784607,54.43894,58.01895,3.5800133
757,49,10,0.7936760783195496,63.24354,54.239937,9.003605
814,0,10,0.8126974105834961,53.012505,78.14394,25.13144
814,1,10,0.8560255169868469,73.80396,58.89313,14.910831
814,2,10,0.898037314414978,65.55829,63.35576,2.20253
814,3,10,0.9104757308959961,67.081116,71.35002,4.2689056
814,4,10,0.9570177793502808,85.94261,76.64764,9.294975
814,5,10,0.930945873260498,70.147644,89.731995,19.58435
814,6,10,0.8986368775367737,75.722336,59.08723,16.635105
814,7,10,0.9563526511192322,70.77567,65.31216,5.463516
814,8,10,0.8116026520729065,70.556175,56.296757,14.2594185
814,9,10,0.9703094959259033,74.83652,77.5242,2.687683
814,10,10,0.93473881483078,66.7809,64.34745,2.4334488
814,11,10,0.8416976928710938,53.905403,67.30213,13.3967285
814,12,10,0.9232312440872192,70.94022,66.980934,3.9592896
814,13,10,0.9192908406257629,81.34048,72.00793,9.33255
814,14,10,0.930974006652832,65.43992,80.59123,15.151314
814,15,10,0.8970499634742737,79.47269,62.926132,16.546555
814,16,10,0.9268243908882141,67.040665,65.071686,1.9689789
814,17,10,0.8441296815872192,56.946087,78.88702,21.94093
814,18,10,0.9499104022979736,88.66925,68.90432,19.76493
814,19,10,0.9429072141647339,63.1982,78.83547,15.637272
814,20,10,0.8987880945205688,63.2359,73.313545,10.077644
814,21,10,0.9479389786720276,75.82106,71.26423,4.5568314
814,22,10,0.9585002660751343,79.51899,75.72939,3.7895966
814,23,10,0.8722324371337891,58.59862,70.79609,12.197468
814,24,10,0.8699914216995239,57.18084,78.44716,21.26632
814,25,10,0.9297381043434143,66.8256,69.63975,2.814148
814,26,10,0.9242861270904541,77.60256,68.252884,9.349678
814,27,10,0.7931634187698364,69.03769,55.062195,13.975494
814,28,10,0.8505293130874634,73.43389,55.075905,18.357986
814,29,10,0.8705059289932251,72.85112,57.32488,15.526241
814,30,10,0.8805372714996338,59.373493,72.13676,12.763264
814,31,10,0.9269859194755554,71.434006,68.28241,3.151596
814,32,10,0.7607511281967163,53.81698,59.3549,5.537922
814,33,10,0.8832787275314331,61.246525,55.65514,5.591385
814,34,10,0.8407918214797974,58.268974,78.198746,19.929771
814,35,10,0.9157925844192505,62.165974,87.89167,25.725697
814,36,10,0.9110094904899597,73.78003,76.11853,2.338501
814,37,10,0.9008630514144897,60.017277,73.656784,13.639507
814,38,10,0.8998495936393738,73.7705,61.226566,12.543934
814,39,10,0.9421406984329224,76.18559,64.84131,11.344284
814,40,10,0.716641902923584,49.194664,73.20101,24.006348
814,41,10,0.7746700048446655,69.505104,51.87043,17.634674
814,42,10,0.8623890280723572,57.696163,62.686863,4.9907
814,43,10,0.9112886190414429,71.59649,68.14477,3.4517212
814,44,10,0.7565281987190247,64.29798,48.004276,16.293705
814,45,10,0.9185084104537964,67.20532,71.541954,4.336632
814,46,10,0.9524204134941101,77.805,75.056694,2.7483063
814,47,10,0.8594279289245605,75.30726,59.025707,16.281551
814,48,10,0.9530410766601562,83.07959,76.70321,6.376381
814,49,10,0.9249173402786255,71.340645,68.37718,2.9634628
235,0,20,0.8751608729362488,56.88876,68.2013,11.312542
235,1,20,0.8294790983200073,60.069027,56.574394,3.4946327
235,2,20,0.7373830676078796,49.951733,57.016827,7.065094
235,3,20,0.8330742120742798,49.8669,60.872902,11.0060005
235,4,20,0.8744851350784302,58.653744,50.528454,8.12529
235,5,20,0.8640996217727661,51.89902,58.306114,6.407093
235,6,20,0.9279904365539551,56.70776,65.41503,8.707272
235,7,20,0.8627393245697021,58.777252,45.085762,13.69149
235,8,20,0.8418329358100891,61.25714,50.58681,10.67033
235,9,20,0.8643286228179932,58.55376,57.111755,1.4420052
235,10,20,0.8941133618354797,56.206833,53.57381,2.6330223
235,11,20,0.8602936863899231,56.98961,63.349598,6.359989
235,12,20,0.9049181938171387,57.387165,60.98483,3.5976639
235,13,20,0.7859381437301636,54.446163,51.20025,3.2459145
235,14,20,0.8690076470375061,57.873375,56.95347,0.9199066
235,15,20,0.7839275598526001,65.40108,50.549797,14.85128
235,16,20,0.7163254618644714,51.927757,57.501556,5.573799
235,17,20,0.9007704257965088,62.182415,55.497192,6.6852226
235,18,20,0.7358148097991943,53.22702,49.88645,3.3405685
235,19,20,0.9136749505996704,68.11534,56.021816,12.093525
235,20,20,0.8550649881362915,52.98418,49.8649,3.1192818
235,21,20,0.8393351435661316,51.55202,50.21817,1.3338509
235,22,20,0.8986219763755798,58.672054,59.559696,0.8876419
235,23,20,0.8693845272064209,58.8091,52.156723,6.652378
235,24,20,0.6817746162414551,40.209484,59.02867,18.819187
235,25,20,0.6602472066879272,63.768368,49.970665,13.797703
235,26,20,0.9070224761962891,61.712784,50.409214,11.30357
235,27,20,0.8936997652053833,57.78585,63.151947,5.3660965
235,28,20,0.8467822670936584,47.29136,55.489708,8.198349
235,29,20,0.766218900680542,44.510868,50.330727,5.8198586
235,30,20,0.8778148293495178,48.103413,44.205536,3.8978767
235,31,20,0.8771582245826721,56.9142,49.725407,7.188793
235,32,20,0.8023232221603394,51.775818,57.362,5.5861816
235,33,20,0.7129343748092651,51.153194,48.570858,2.5823364
235,34,20,0.8116649389266968,51.87734,59.6697,7.792362
235,35,20,0.832804799079895,53.550236,57.970623,4.4203873
235,36,20,0.8747203350067139,49.972507,48.304718,1.6677895
235,37,20,0.8838709592819214,52.80172,62.105057,9.303337
235,38,20,0.8357552886009216,53.13188,61.4047,8.2728195
235,39,20,0.8653411865234375,58.34427,51.184296,7.159973
235,40,20,0.9236732125282288,54.056072,60.348633,6.2925606
235,41,20,0.8442879915237427,51.555656,68.39144,16.835785
235,42,20,0.779784083366394,53.750576,52.074806,1.6757698
235,43,20,0.6785288453102112,62.81697,41.04298,21.77399
235,44,20,0.760114312171936,63.57467,51.773815,11.800854
235,45,20,0.8839320540428162,53.48503,54.77318,1.288147
235,46,20,0.9406359791755676,69.13949,66.34581,2.7936783
235,47,20,0.9945296049118042,57.872383,58.07115,0.19876862
235,48,20,0.7761071920394897,74.27232,52.768642,21.503681
235,49,20,0.9163778424263,60.968304,55.28319,5.685112
98,0,20,0.9298751950263977,67.1964,65.362465,1.8339386
98,1,20,0.9268543720245361,68.46778,71.96346,3.4956818
98,2,20,0.8415796160697937,54.28136,77.443405,23.162045
98,3,20,0.9290789365768433,66.184654,81.300186,15.115532
98,4,20,0.9188634157180786,70.444954,75.659004,5.2140503
98,5,20,0.9679074287414551,70.57329,69.14245,1.4308395
98,6,20,0.9313644170761108,76.6348,72.733345,3.9014587
98,7,20,0.9554107785224915,74.23392,80.62522,6.391304
98,8,20,0.906194806098938,64.06676,85.65679,21.590034
98,9,20,0.9501966834068298,72.01656,75.33231,3.3157501
98,10,20,0.7046836614608765,85.332825,53.9356,31.397224
98,11,20,0.9525643587112427,72.64061,75.53067,2.8900604
98,12,20,0.9652920961380005,79.99109,80.811676,0.82058716
98,13,20,0.8180947303771973,74.89864,50.74648,24.152164
98,14,20,0.8906757831573486,72.74657,72.78827,0.04170227
98,15,20,0.91314697265625,77.35429,67.23621,10.1180725
98,16,20,0.947816789150238,81.34167,81.052895,0.28877258
98,17,20,0.962143063545227,74.52733,71.71037,2.8169556
98,18,20,0.9131174087524414,62.42913,68.714325,6.2851944
98,19,20,0.9931868314743042,76.41568,74.20928,2.206398
98,20,20,0.9599072933197021,85.14623,70.52184,14.62439
98,21,20,0.8732830286026001,63.772297,65.30099,1.5286903
98,22,20,0.93271803855896,68.169106,66.19608,1.9730225
98,23,20,0.8843878507614136,63.721535,64.6257,0.9041672
98,24,20,0.8940740823745728,80.139565,63.311382,16.828182
98,25,20,0.823003888130188,67.92239,67.76894,0.15345001
98,26,20,0.9116313457489014,76.061195,62.2205,13.840694
98,27,20,0.7781596779823303,61.157562,81.39785,20.240288
98,28,20,0.9581384658813477,75.62361,73.4443,2.1793137
98,29,20,0.8425394296646118,67.10091,62.739746,4.3611603
98,30,20,0.8972681164741516,76.84527,63.081154,13.764114
98,31,20,0.9669301509857178,84.95254,78.03144,6.921097
98,32,20,0.9594460725784302,80.79921,80.20115,0.5980606
98,33,20,0.9557690620422363,67.07805,72.0967,5.018654
98,34,20,0.8864303827285767,80.40906,72.4954,7.913658
98,35,20,0.8724144101142883,76.17822,60.537025,15.641197
98,36,20,0.8261491656303406,66.84333,72.45318,5.609848
98,37,20,0.9075544476509094,86.30393,70.05446,16.249474
98,38,20,0.941985011100769,75.6711,76.01641,0.34531403
98,39,20,0.9462589025497437,75.81227,75.861176,0.04890442
98,40,20,0.9149681925773621,64.585236,77.7905,13.205261
98,41,20,0.9451689720153809,85.03837,85.55833,0.5199585
98,42,20,0.7567688226699829,53.80001,70.13361,16.333603
98,43,20,0.9310894012451172,64.744965,75.184044,10.439079
98,44,20,0.9304068088531494,88.344444,65.89797,22.446472
98,45,20,0.9971132874488831,80.47887,76.44875,4.030113
98,46,20,0.7471728324890137,72.92324,52.342636,20.580605
98,47,20,0.752845287322998,56.1182,74.84656,18.72836
98,48,20,0.9614309072494507,76.27557,78.21537,1.9397964
98,49,20,0.7710079550743103,69.54006,54.68288,14.857182
237,0,20,0.8573380708694458,64.546585,60.314457,4.232128
237,1,20,0.9928368330001831,53.308243,53.526287,0.21804428
237,2,20,0.345157265663147,43.3951,47.695564,4.3004646
237,3,20,0.7570209503173828,43.44087,46.77222,3.3313522
237,4,20,0.8583372235298157,52.88262,65.51151,12.628891
237,5,20,0.8104296922683716,54.02422,52.714123,1.3100967
237,6,20,0.6849706172943115,54.214985,64.90522,10.690235
237,7,20,0.6399918794631958,65.861275,44.194653,21.666622
237,8,20,0.8745721578598022,59.82687,65.533966,5.707096
237,9,20,0.7566353678703308,67.024445,46.92065,20.103794
237,10,20,0.8995863199234009,55.493538,56.731644,1.2381058
237,11,20,0.7697601318359375,58.257236,43.546543,14.710693
237,12,20,0.8249477744102478,51.633343,56.970142,5.3367996
237,13,20,0.8926808834075928,61.039783,64.631485,3.5917015
237,14,20,0.8631647825241089,66.49669,51.007202,15.489487
237,15,20,0.748572587966919,48.758587,62.131256,13.372669
237,16,20,0.8679215908050537,65.432785,53.33548,12.097305
237,17,20,0.839425265789032,69.07281,55.07311,13.999699
237,18,20,0.863542914390564,64.78659,59.906883,4.8797073
237,19,20,0.520339846611023,50.87308,63.02202,12.148937
237,20,20,0.921180009841919,58.000282,72.87063,14.870346
237,21,20,0.8324800729751587,59.956593,57.58432,2.3722725
237,22,20,0.600529670715332,43.03797,51.00601,7.9680367
237,23,20,0.8708025813102722,62.776447,48.04202,14.734428
237,24,20,0.8261357545852661,58.620525,55.445892,3.174633
237,25,20,0.7878270745277405,58.4353,51.290524,7.1447754
237,26,20,0.853018045425415,66.22423,54.26004,11.964188
237,27,20,0.7910483479499817,53.46703,63.14403,9.677002
237,28,20,0.8699452877044678,59.25343,62.69963,3.4462013
237,29,20,0.8863285779953003,57.98812,60.87216,2.8840408
237,30,20,0.8109503984451294,56.22255,56.718513,0.49596405
237,31,20,0.735822319984436,56.957695,56.56947,0.38822556
237,32,20,0.9005714654922485,62.63156,56.113033,6.518528
237,33,20,0.5940761566162109,57.95713,49.186607,8.770523
237,34,20,0.8167111873626709,57.05581,64.198425,7.1426163
237,35,20,0.9068644046783447,58.144154,54.947945,3.196209
237,36,20,0.5943988561630249,42.926266,59.361084,16.434818
237,37,20,0.8353853821754456,53.51153,55.412422,1.9008904
237,38,20,0.994720458984375,63.88025,61.393654,2.4865952
237,39,20,0.7882033586502075,48.578594,54.90617,6.3275757
237,40,20,0.6729713678359985,48.810783,51.81611,3.0053253
237,41,20,0.8054879307746887,71.01766,59.504345,11.513317
237,42,20,0.2362476885318756,41.293682,69.738,28.444317
237,43,20,0.582444429397583,57.34316,49.97961,7.3635483
237,44,20,0.30834388732910156,57.11485,42.845825,14.269024
237,45,20,0.5913404822349548,61.260933,39.968723,21.29221
237,46,20,0.5552529096603394,47.68151,53.269096,5.5875854
237,47,20,0.8584763407707214,55.69444,58.357838,2.6633987
237,48,20,0.34468692541122437,63.041256,41.44514,21.596115
237,49,20,0.8867478370666504,49.989544,58.48591,8.496365
229,0,20,0.9173211455345154,82.235634,77.08557,5.1500626
229,1,20,0.9392163753509521,62.068226,69.06082,6.9925957
229,2,20,0.7712209224700928,54.187656,63.814453,9.626797
229,3,20,0.9670473337173462,76.5994,72.1094,4.4900055
229,4,20,0.9217513799667358,74.493904,65.68766,8.806244
229,5,20,0.9449264407157898,69.77235,72.535736,2.7633896
229,6,20,0.919082760810852,62.47393,67.81118,5.3372498
229,7,20,0.9044770002365112,76.562,60.717094,15.844902
229,8,20,0.8678151369094849,56.768955,70.201836,13.43288
229,9,20,0.9326344728469849,65.23679,60.649273,4.5875206
229,10,20,0.9232791662216187,75.552956,66.93943,8.613525
229,11,20,0.9114543795585632,70.36961,66.1283,4.24131
229,12,20,0.7953343391418457,72.05577,45.673832,26.381939
229,13,20,0.7832696437835693,49.420372,65.033394,15.613022
229,14,20,0.884522557258606,78.24399,59.115665,19.128323
229,15,20,0.7727616429328918,55.61512,60.042843,4.427723
229,16,20,0.9094544053077698,63.00232,70.708206,7.705887
229,17,20,0.937670111656189,73.63694,77.47945,3.8425064
229,18,20,0.8524559736251831,70.5488,49.665325,20.883472
229,19,20,0.8085086941719055,62.754333,75.66003,12.905693
229,20,20,0.870868444442749,56.92932,73.76344,16.834122
229,21,20,0.8385001420974731,70.84424,54.30438,16.53986
229,22,20,0.8851714134216309,66.830986,52.66608,14.164906
229,23,20,0.8653963804244995,61.902405,55.457157,6.4452477
229,24,20,0.8902488350868225,60.244324,67.23363,6.9893036
229,25,20,0.8328552842140198,66.34901,54.049557,12.29945
229,26,20,0.9206768274307251,56.504726,69.9361,13.43137
229,27,20,0.8977832794189453,68.18039,67.20223,0.97815704
229,28,20,0.8396389484405518,52.20479,58.56202,6.357231
229,29,20,0.9181485176086426,75.39158,62.69859,12.692989
229,30,20,0.9371013641357422,71.31418,81.99782,10.68364
229,31,20,0.8526334166526794,50.88619,74.80909,23.922901
229,32,20,0.8845250606536865,63.46662,77.85156,14.384941
229,33,20,0.9394501447677612,66.27631,67.244514,0.9682007
229,34,20,0.8166953921318054,58.4778,66.46212,7.9843216
229,35,20,0.8759340643882751,63.802143,58.643707,5.158436
229,36,20,0.7463425397872925,71.14437,47.013783,24.130589
229,37,20,0.8609479069709778,49.58805,73.8755,24.287453
229,38,20,0.9101536273956299,61.903946,77.42985,15.525902
229,39,20,0.7992618083953857,49.01642,60.929527,11.913109
229,40,20,0.8925091028213501,63.349274,61.274513,2.0747604
229,41,20,0.899554967880249,61.6023,67.49493,5.8926277
229,42,20,0.8234477043151855,63.958958,57.192883,6.766075
229,43,20,0.9092226028442383,78.83605,62.178925,16.657127
229,44,20,0.8285506963729858,69.45658,60.62834,8.828239
229,45,20,0.6092758178710938,78.04045,42.84531,35.19514
229,46,20,0.809335470199585,62.190624,57.537975,4.652649
229,47,20,0.7991531491279602,64.54569,52.526707,12.018986
229,48,20,0.8683675527572632,60.948444,67.25074,6.3022957
229,49,20,0.898400604724884,79.87378,62.679874,17.193905
417,0,20,0.9265532493591309,61.41325,78.4384,17.02515
417,1,20,0.6495001316070557,75.4356,45.62319,29.812408
417,2,20,0.8747714757919312,62.40872,65.08953,2.6808128
417,3,20,0.9005756974220276,79.1138,60.752705,18.361095
417,4,20,0.9202325344085693,75.48539,64.97699,10.5084
417,5,20,0.8819653391838074,58.486935,50.190773,8.296162
417,6,20,0.8323506712913513,61.91593,54.215076,7.7008553
417,7,20,0.9483218193054199,78.52925,66.27986,12.24939
417,8,20,0.9161413311958313,76.06627,68.55401,7.5122604
417,9,20,0.8051764369010925,58.378708,69.08786,10.709152
417,10,20,0.8324048519134521,76.5249,54.29313,22.231773
417,11,20,0.9525187015533447,69.89985,81.786476,11.886627
417,12,20,0.9679592251777649,73.02805,73.35756,0.32950592
417,13,20,0.9271233677864075,79.49882,66.6212,12.877617
417,14,20,0.78276526927948,58.427853,81.69442,23.266567
417,15,20,0.9553760290145874,81.0773,76.5467,4.5306015
417,16,20,0.9620033502578735,70.30739,77.67903,7.371643
417,17,20,0.6865397691726685,73.72425,52.68516,21.03909
417,18,20,0.9865702986717224,87.552864,84.29335,3.2595139
417,19,20,0.9475321769714355,86.32289,83.06503,3.2578583
417,20,20,0.9723355174064636,80.71351,73.98825,6.725258
417,21,20,0.9192925095558167,74.16131,80.35144,6.190132
417,22,20,0.9557507634162903,75.84175,70.238,5.603752
417,23,20,0.9538428783416748,83.455894,82.46948,0.98641205
417,24,20,0.9468262791633606,68.172356,63.327515,4.844841
417,25,20,0.9205300807952881,88.0271,68.33404,19.693062
417,26,20,0.8378207683563232,47.9957,85.07226,37.076557
417,27,20,0.7793846130371094,55.897068,53.560955,2.336113
417,28,20,0.9452362060546875,73.798256,74.056984,0.25872803
417,29,20,0.9054655432701111,76.71115,66.650696,10.060455
417,30,20,0.9498438239097595,80.98217,78.622025,2.3601456
417,31,20,0.9437975287437439,72.94968,80.15845,7.2087708
417,32,20,0.8767393827438354,69.904526,49.820156,20.08437
417,33,20,0.8028314113616943,54.50451,77.907425,23.402916
417,34,20,0.9606072306632996,69.94237,75.22808,5.285713
417,35,20,0.9620773792266846,72.980255,84.75548,11.775223
417,36,20,0.9677556753158569,76.89116,77.73156,0.8404007
417,37,20,0.9552702903747559,81.796585,67.552574,14.244011
417,38,20,0.9447213411331177,81.59141,76.74587,4.8455353
417,39,20,0.9133679270744324,71.2764,69.4198,1.8565979
417,40,20,0.7914213538169861,85.09067,62.1163,22.97437
417,41,20,0.9682716131210327,75.21342,82.43521,7.221794
417,42,20,0.9499765038490295,75.537796,69.95121,5.586586
417,43,20,0.970515251159668,74.37867,73.8287,0.54997253
417,44,20,0.9282950162887573,65.61576,76.787094,11.171333
417,45,20,0.938829243183136,66.436844,80.43312,13.996277
417,46,20,0.865555465221405,51.454548,69.247894,17.793346
417,47,20,0.9632334113121033,75.95954,67.10427,8.85527
417,48,20,0.7665590643882751,48.99065,78.43977,29.449123
417,49,20,0.9459762573242188,84.17597,72.98923,11.186745
421,0,20,0.9141474962234497,78.17456,66.287056,11.887505
421,1,20,0.8028079867362976,83.45185,70.87294,12.578911
421,2,20,0.8250002861022949,62.572285,52.07652,10.495766
421,3,20,0.683221697807312,50.04778,52.513428,2.4656487
421,4,20,0.7725434303283691,58.4655,79.908264,21.442764
421,5,20,0.7070386409759521,46.722355,69.375565,22.65321
421,6,20,0.7388811111450195,52.148033,60.083054,7.9350204
421,7,20,0.6635834574699402,53.994457,55.817997,1.8235397
421,8,20,0.8860222101211548,64.099335,62.060093,2.0392418
421,9,20,0.8837063312530518,61.573174,63.527676,1.9545021
421,10,20,0.8407418131828308,59.128056,65.125015,5.9969597
421,11,20,0.8767759799957275,78.267944,67.35701,10.910934
421,12,20,0.895371675491333,70.19349,76.39544,6.20195
421,13,20,0.8576993942260742,67.429726,57.718468,9.711258
421,14,20,0.8373820781707764,69.61521,61.82719,7.788021
421,15,20,0.8172279000282288,51.80924,53.258823,1.449585
421,16,20,0.8525680303573608,60.094044,72.480515,12.386471
421,17,20,0.8507276773452759,68.71959,55.536278,13.183311
421,18,20,0.9145396947860718,70.614876,60.19729,10.417587
421,19,20,0.8828475475311279,64.771996,56.895412,7.876583
421,20,20,0.4597510099411011,43.114033,59.85476,16.740726
421,21,20,0.5003737211227417,46.34043,54.160587,7.820156
421,22,20,0.8740235567092896,61.83604,65.56156,3.725521
421,23,20,0.5142056345939636,53.657288,46.73711,6.9201775
421,24,20,0.8726149797439575,65.2532,55.08896,10.164238
421,25,20,0.8825181722640991,59.48437,65.82673,6.3423576
421,26,20,0.5090250968933105,50.37391,49.732304,0.6416054
421,27,20,0.6714074611663818,66.12506,49.104874,17.020187
421,28,20,0.601947009563446,68.75803,41.250526,27.507507
421,29,20,0.6374166011810303,64.75602,42.53478,22.221241
421,30,20,0.8294541239738464,54.079636,66.10689,12.027252
421,31,20,0.6674134731292725,52.273087,50.906376,1.3667107
421,32,20,0.88886559009552,63.05113,58.29009,4.7610397
421,33,20,0.8663814663887024,67.15642,65.53377,1.6226501
421,34,20,0.9962977170944214,70.71499,67.99285,2.7221375
421,35,20,0.7840107083320618,53.356865,63.07104,9.714176
421,36,20,0.8773523569107056,63.598534,64.21759,0.6190567
421,37,20,0.8520694971084595,76.65652,61.097733,15.5587845
421,38,20,0.7560840845108032,51.6815,50.66118,1.0203209
421,39,20,0.5395585298538208,42.57127,65.83677,23.2655
421,40,20,0.6730834245681763,50.29589,58.11646,7.820568
421,41,20,0.5083465576171875,64.96339,43.619198,21.344189
421,42,20,0.9723100662231445,46.83278,44.9709,1.8618774
421,43,20,0.8442173004150391,58.950783,70.62711,11.676331
421,44,20,0.7783171534538269,68.289734,57.969707,10.320026
421,45,20,0.7763234972953796,61.469513,51.351147,10.118366
421,46,20,0.606414794921875,52.211243,51.202118,1.0091248
421,47,20,0.8462636470794678,55.251152,59.33619,4.085037
421,48,20,0.49887388944625854,68.17718,43.709747,24.46743
421,49,20,0.8302494287490845,55.41249,50.752632,4.6598587
430,0,20,0.9348119497299194,68.972115,85.297424,16.32531
430,1,20,0.9452453255653381,71.502304,75.93589,4.433586
430,2,20,0.9630217552185059,80.65993,77.74753,2.9123993
430,3,20,0.9476160407066345,66.64741,57.057167,9.5902405
430,4,20,0.7835885286331177,71.21361,60.85737,10.356239
430,5,20,0.8392384648323059,66.91587,62.551575,4.364296
430,6,20,0.8584263324737549,56.794563,71.96071,15.166145
430,7,20,0.9193347692489624,81.35488,62.7002,18.654682
430,8,20,0.88819819688797,74.20747,58.21576,15.9917145
430,9,20,0.9745618104934692,80.870636,70.76434,10.106293
430,10,20,0.8795152306556702,67.85189,61.086628,6.7652626
430,11,20,0.7729435563087463,57.91558,66.13864,8.223061
430,12,20,0.8940737247467041,59.398052,69.65,10.251949
430,13,20,0.9384164810180664,82.51754,65.619896,16.897644
430,14,20,0.6186195611953735,48.73296,63.535843,14.802883
430,15,20,0.8477566838264465,61.264484,83.54565,22.281162
430,16,20,0.9675253629684448,70.3194,65.67311,4.646286
430,17,20,0.9585756063461304,69.66137,66.984726,2.6766434
430,18,20,0.926487386226654,59.264606,78.343544,19.078938
430,19,20,0.9463008642196655,74.53241,67.80152,6.7308884
430,20,20,0.9074466228485107,66.91275,61.435192,5.477558
430,21,20,0.9452299475669861,59.516506,76.199974,16.683468
430,22,20,0.21678009629249573,67.03422,38.656998,28.37722
430,23,20,0.7985045909881592,90.02257,57.87031,32.152256
430,24,20,0.9282437562942505,76.39724,68.66387,7.733368
430,25,20,0.9083263874053955,69.278694,59.027023,10.251671
430,26,20,0.9329004287719727,73.9086,72.42649,1.4821091
430,27,20,0.910050630569458,65.117645,64.7463,0.37134552
430,28,20,0.9192518591880798,78.1437,60.08029,18.063408
430,29,20,0.9475136995315552,84.51829,77.49558,7.022705
430,30,20,0.9239134192466736,69.78224,67.69385,2.0883942
430,31,20,0.9381335377693176,83.18352,68.46973,14.713791
430,32,20,0.8519185781478882,72.08684,57.057716,15.029121
430,33,20,0.8756051063537598,61.586327,58.62263,2.9636955
430,34,20,0.9350810050964355,67.171,83.5029,16.331902
430,35,20,0.6983734369277954,61.58152,45.905136,15.676384
430,36,20,0.8770536184310913,70.09066,71.36666,1.276001
430,37,20,0.9225709438323975,76.88151,71.5885,5.293007
430,38,20,0.9369372129440308,66.58021,84.61169,18.031479
430,39,20,0.8224362134933472,59.658936,62.656193,2.9972572
430,40,20,0.31442058086395264,40.165802,69.05247,28.886665
430,41,20,0.9099504947662354,60.934536,70.25793,9.323391
430,42,20,0.8902668356895447,58.441395,66.88827,8.446873
430,43,20,0.8947048187255859,80.29723,55.75761,24.539623
430,44,20,0.9457839727401733,70.2411,79.539894,9.298798
430,45,20,0.9018331170082092,56.158722,76.20048,20.041756
430,46,20,0.9369202852249146,72.33711,78.53124,6.19413
430,47,20,0.9658479690551758,71.800995,83.563705,11.762711
430,48,20,0.953330397605896,69.88924,80.97894,11.089706
430,49,20,0.8799386620521545,74.08673,54.455956,19.630775
668,0,20,0.8919299840927124,60.75872,72.640724,11.882004
668,1,20,0.9107564091682434,77.82225,61.938774,15.883476
668,2,20,0.9173390865325928,73.8933,57.925125,15.968178
668,3,20,0.9460638761520386,62.137703,71.44639,9.308685
668,4,20,0.8704601526260376,75.20372,58.916275,16.287445
668,5,20,0.9200458526611328,61.207047,79.190056,17.98301
668,6,20,0.8887046575546265,64.960625,57.680996,7.2796288
668,7,20,0.8378785848617554,67.72341,54.74494,12.97847
668,8,20,0.8926030397415161,60.03345,72.48238,12.448933
668,9,20,0.9188024997711182,74.67693,65.54604,9.13089
668,10,20,0.9137657880783081,77.18299,59.132187,18.050804
668,11,20,0.9416937232017517,72.47854,74.6313,2.1527634
668,12,20,0.9331741333007812,59.13162,78.97698,19.845364
668,13,20,0.839562177658081,70.74548,57.91899,12.826492
668,14,20,0.9548167586326599,69.557816,76.160416,6.6026
668,15,20,0.8471338152885437,52.899544,66.2111,13.311554
668,16,20,0.7609373331069946,74.6815,49.221348,25.460155
668,17,20,0.967156171798706,83.88511,78.77427,5.11084
668,18,20,0.9140133261680603,59.27125,66.23725,6.9659996
668,19,20,0.937034547328949,77.005615,70.81176,6.1938553
668,20,20,0.8829253315925598,84.311165,61.81802,22.493145
668,21,20,0.9267419576644897,60.053375,72.11223,12.058853
668,22,20,0.9611374735832214,71.282845,73.99693,2.7140884
668,23,20,0.9455069303512573,66.48746,71.62611,5.138649
668,24,20,0.8998537063598633,58.500103,61.093853,2.59375
668,25,20,0.8089847564697266,72.41527,55.060543,17.354725
668,26,20,0.825031042098999,51.554848,72.63741,21.082565
668,27,20,0.9598232507705688,72.5717,79.66531,7.0936127
668,28,20,0.9711591005325317,85.00605,82.16747,2.8385773
668,29,20,0.9507843255996704,69.06735,75.516075,6.448723
668,30,20,0.8114055395126343,82.28559,52.68028,29.605312
668,31,20,0.95003342628479,71.00933,72.31701,1.3076782
668,32,20,0.9334433078765869,71.2087,73.83223,2.6235275
668,33,20,0.9498312473297119,71.765015,84.21251,12.4474945
668,34,20,0.8435360193252563,53.396328,73.701515,20.305187
668,35,20,0.9381645321846008,65.760956,69.39531,3.6343536
668,36,20,0.916706919670105,61.72767,78.012276,16.284607
668,37,20,0.9292651414871216,73.95016,59.992626,13.957531
668,38,20,0.9596655964851379,73.46752,82.831894,9.364372
668,39,20,0.8508651256561279,56.137016,59.817257,3.6802406
668,40,20,0.8911724090576172,63.411938,56.709984,6.701954
668,41,20,0.9236236214637756,70.385284,66.59503,3.7902527
668,42,20,0.9099709987640381,67.00129,68.415405,1.4141159
668,43,20,0.9431841373443604,77.24464,72.04515,5.199486
668,44,20,0.9359471797943115,67.94423,69.86747,1.9232407
668,45,20,0.8561946153640747,57.724014,68.19142,10.467407
668,46,20,0.9418632984161377,72.31074,71.00647,1.3042679
668,47,20,0.9454513192176819,60.50989,67.713615,7.203724
668,48,20,0.867136538028717,60.76965,68.22938,7.4597282
668,49,20,0.9583927392959595,73.7728,63.56578,10.207016
757,0,20,0.9350096583366394,77.26184,65.145256,12.116585
757,1,20,0.7953392267227173,51.261814,51.064205,0.19760895
757,2,20,0.6054643988609314,48.460674,73.6601,25.199429
757,3,20,0.7215541005134583,44.28249,72.601105,28.318615
757,4,20,0.8467151522636414,49.868378,76.51586,26.647484
757,5,20,0.8681285381317139,71.006454,56.916767,14.089687
757,6,20,0.9566846489906311,82.464035,72.30985,10.154182
757,7,20,0.8653854131698608,57.912178,69.32187,11.409691
757,8,20,0.6912897825241089,73.59888,46.6578,26.941078
757,9,20,0.5665726661682129,79.820076,44.46949,35.350586
757,10,20,0.8044662475585938,54.98222,74.31478,19.332561
757,11,20,0.891002357006073,61.506554,69.74274,8.236183
757,12,20,0.8141682744026184,56.40401,49.725746,6.6782646
757,13,20,0.883735179901123,61.741467,78.46845,16.726986
757,14,20,0.9483480453491211,69.80429,75.4631,5.658806
757,15,20,0.9328515529632568,70.639366,60.73946,9.899906
757,16,20,0.9439042806625366,73.50972,73.20018,0.3095398
757,17,20,0.8395475745201111,72.56585,54.243896,18.321953
757,18,20,0.783539891242981,45.199203,54.827465,9.628262
757,19,20,0.945905327796936,69.79787,69.606415,0.19145203
757,20,20,0.9396663904190063,73.59217,65.01504,8.577133
757,21,20,0.9315875172615051,59.206623,60.02461,0.81798553
757,22,20,0.9492660760879517,76.71823,65.6426,11.07563
757,23,20,0.9081516265869141,66.28469,58.50272,7.781971
757,24,20,0.712468147277832,51.361492,64.18445,12.822956
757,25,20,0.7403571605682373,65.033424,45.76215,19.271275
757,26,20,0.9499552249908447,66.28947,74.3794,8.089935
757,27,20,0.9156781435012817,66.72805,76.48697,9.758919
757,28,20,0.9445659518241882,71.26424,68.2078,3.0564346
757,29,20,0.8839367628097534,76.68717,57.415577,19.271595
757,30,20,0.8063225746154785,60.714607,57.459606,3.255001
757,31,20,0.8059215545654297,54.044956,50.618187,3.4267693
757,32,20,0.9581552743911743,61.081806,63.328903,2.247097
757,33,20,0.8661473989486694,62.24942,52.052135,10.197285
757,34,20,0.8264222145080566,54.261787,67.319374,13.057587
757,35,20,0.9689233899116516,80.68286,75.0372,5.6456604
757,36,20,0.8627176284790039,72.14289,57.851936,14.290955
757,37,20,0.8206186294555664,52.964,59.02043,6.056431
757,38,20,0.7496150135993958,63.475636,54.57735,8.898285
757,39,20,0.9664708375930786,78.32996,69.64142,8.688545
757,40,20,0.693663477897644,72.38589,43.000187,29.3857
757,41,20,0.9174754619598389,81.30474,69.65342,11.651321
757,42,20,0.7109989523887634,44.442375,60.587994,16.145618
757,43,20,0.9503190517425537,72.71245,65.794365,6.918083
757,44,20,0.8202100992202759,64.94437,53.396397,11.54797
757,45,20,0.8650181293487549,58.310894,66.95486,8.643963
757,46,20,0.9417762756347656,64.50678,68.736115,4.229332
757,47,20,0.9395683407783508,78.423775,63.078037,15.345737
757,48,20,0.8527675867080688,54.43894,54.97112,0.5321808
757,49,20,0.8096591234207153,63.24354,54.494396,8.7491455
814,0,20,0.8140249252319336,53.012505,77.034256,24.021751
814,1,20,0.8584003448486328,73.80396,58.08158,15.722382
814,2,20,0.8809467554092407,65.55829,58.989067,6.5692215
814,3,20,0.9126290082931519,67.081116,69.22884,2.147728
814,4,20,0.9506245851516724,85.94261,72.13398,13.808632
814,5,20,0.9303454160690308,70.147644,87.02594,16.878296
814,6,20,0.8806205987930298,75.722336,56.983673,18.738663
814,7,20,0.9470407962799072,70.77567,61.98825,8.787422
814,8,20,0.8184118270874023,70.556175,59.20918,11.346996
814,9,20,0.9682183265686035,74.83652,75.79413,0.9576111
814,10,20,0.9274153113365173,66.7809,63.591995,3.1889038
814,11,20,0.839906632900238,53.905403,70.11774,16.212334
814,12,20,0.9303085803985596,70.94022,66.482796,4.457428
814,13,20,0.9059730768203735,81.34048,70.60509,10.73539
814,14,20,0.9313649535179138,65.43992,79.67773,14.237808
814,15,20,0.8975850343704224,79.47269,60.888092,18.584595
814,16,20,0.923613429069519,67.040665,65.33531,1.7053528
814,17,20,0.8481247425079346,56.946087,76.45613,19.510044
814,18,20,0.9552772641181946,88.66925,69.11087,19.55838
814,19,20,0.9428349733352661,63.1982,73.05587,9.85767
814,20,20,0.8998621702194214,63.2359,71.13308,7.8971786
814,21,20,0.9511274099349976,75.82106,72.26606,3.5550003
814,22,20,0.9645132422447205,79.51899,77.8338,1.6851883
814,23,20,0.8670138716697693,58.59862,70.79361,12.194988
814,24,20,0.8675439357757568,57.18084,79.268105,22.087265
814,25,20,0.9266114830970764,66.8256,70.37839,3.5527878
814,26,20,0.9328361749649048,77.60256,66.819,10.783562
814,27,20,0.7891553640365601,69.03769,54.67743,14.36026
814,28,20,0.8532296419143677,73.43389,54.51479,18.919102
814,29,20,0.8660295605659485,72.85112,60.855736,11.995384
814,30,20,0.8800482153892517,59.373493,71.3384,11.964909
814,31,20,0.9330219030380249,71.434006,66.43237,5.0016327
814,32,20,0.7812372446060181,53.81698,56.447784,2.630806
814,33,20,0.8994475603103638,61.246525,55.409904,5.8366203
814,34,20,0.8409043550491333,58.268974,76.4462,18.177223
814,35,20,0.9183485507965088,62.165974,84.84412,22.678143
814,36,20,0.9084416627883911,73.78003,77.59272,3.8126907
814,37,20,0.9063124656677246,60.017277,68.98953,8.972256
814,38,20,0.9077622890472412,73.7705,59.090477,14.680023
814,39,20,0.9419218897819519,76.18559,64.32315,11.862442
814,40,20,0.7138305306434631,49.194664,71.23441,22.03975
814,41,20,0.788942813873291,69.505104,52.209442,17.295662
814,42,20,0.8634132742881775,57.696163,63.69081,5.994648
814,43,20,0.9120573997497559,71.59649,66.15897,5.4375153
814,44,20,0.7471534013748169,64.29798,48.058376,16.239605
814,45,20,0.9205416440963745,67.20532,72.26862,5.063301
814,46,20,0.951029360294342,77.805,71.89541,5.9095917
814,47,20,0.8769538402557373,75.30726,57.847523,17.459736
814,48,20,0.9560625553131104,83.07959,76.91982,6.159767
814,49,20,0.9135323762893677,71.340645,65.39607,5.9445724
235,0,30,0.8882606625556946,56.88876,67.84066,10.9519005
235,1,30,0.8507606983184814,60.069027,57.97784,2.0911865
235,2,30,0.7293533086776733,49.951733,59.13514,9.183407
235,3,30,0.8372137546539307,49.8669,60.836292,10.969391
235,4,30,0.8319479823112488,58.653744,44.86246,13.791283
235,5,30,0.8534702658653259,51.89902,55.107643,3.208622
235,6,30,0.9334902763366699,56.70776,65.69923,8.9914665
235,7,30,0.8464305400848389,58.777252,46.34678,12.430473
235,8,30,0.8301944732666016,61.25714,50.37622,10.88092
235,9,30,0.8744826912879944,58.55376,57.063297,1.4904633
235,10,30,0.8883386254310608,56.206833,51.995323,4.2115097
235,11,30,0.8604037761688232,56.98961,63.697987,6.708378
235,12,30,0.9005418419837952,57.387165,58.31812,0.930954
235,13,30,0.7871640920639038,54.446163,48.91799,5.5281715
235,14,30,0.8981828093528748,57.873375,60.568207,2.6948318
235,15,30,0.8011854887008667,65.40108,46.569828,18.83125
235,16,30,0.7267237901687622,51.927757,58.205807,6.2780495
235,17,30,0.9084526896476746,62.182415,55.97967,6.2027435
235,18,30,0.7329181432723999,53.22702,48.57079,4.656231
235,19,30,0.9033727645874023,68.11534,55.64786,12.46748
235,20,30,0.8619109392166138,52.98418,49.759792,3.2243881
235,21,30,0.8352408409118652,51.55202,50.69507,0.85695267
235,22,30,0.9003676176071167,58.672054,57.519943,1.152111
235,23,30,0.8661260604858398,58.8091,53.2762,5.532902
235,24,30,0.6954691410064697,40.209484,58.598324,18.38884
235,25,30,0.6738850474357605,63.768368,48.60296,15.165409
235,26,30,0.9168794751167297,61.712784,50.83551,10.877274
235,27,30,0.8904178142547607,57.78585,58.711487,0.9256363
235,28,30,0.8579288721084595,47.29136,54.801098,7.509739
235,29,30,0.7591391801834106,44.510868,48.274647,3.7637787
235,30,30,0.8588196635246277,48.103413,43.37789,4.725521
235,31,30,0.8806741833686829,56.9142,49.180676,7.7335243
235,32,30,0.8086997270584106,51.775818,54.64799,2.8721733
235,33,30,0.6981483697891235,51.153194,50.34725,0.80594254
235,34,30,0.8104190230369568,51.87734,63.710865,11.833527
235,35,30,0.8328890800476074,53.550236,57.33709,3.7868538
235,36,30,0.8958747386932373,49.972507,52.64705,2.6745415
235,37,30,0.8921110033988953,52.80172,58.02781,5.2260895
235,38,30,0.840251088142395,53.13188,58.482735,5.350853
235,39,30,0.8448978662490845,58.34427,49.121532,9.222736
235,40,30,0.9148814678192139,54.056072,55.300163,1.244091
235,41,30,0.8525531888008118,51.555656,68.184456,16.6288
235,42,30,0.7816025018692017,53.750576,48.19666,5.553917
235,43,30,0.6567419171333313,62.81697,41.38514,21.431831
235,44,30,0.8081876635551453,63.57467,52.63353,10.941139
235,45,30,0.8853113055229187,53.48503,53.969112,0.48408127
235,46,30,0.9401122331619263,69.13949,63.671967,5.4675217
235,47,30,0.9853049516677856,57.872383,54.81509,3.057293
235,48,30,0.7689515352249146,74.27232,51.739853,22.53247
235,49,30,0.9059386253356934,60.968304,52.78799,8.180313
98,0,30,0.9277596473693848,67.1964,66.075806,1.1205978
98,1,30,0.9332672357559204,68.46778,70.28511,1.8173294
98,2,30,0.8416751623153687,54.28136,77.96474,23.683376
98,3,30,0.9310756921768188,66.184654,73.159134,6.9744797
98,4,30,0.9228099584579468,70.444954,72.56449,2.1195374
98,5,30,0.9702178835868835,70.57329,70.58554,0.012252808
98,6,30,0.9280692934989929,76.6348,71.39796,5.236847
98,7,30,0.953535258769989,74.23392,76.442505,2.2085876
98,8,30,0.9051376581192017,64.06676,83.40928,19.342522
98,9,30,0.9588126540184021,72.01656,73.60549,1.5889282
98,10,30,0.6834231615066528,85.332825,52.175816,33.15701
98,11,30,0.9568686485290527,72.64061,75.83316,3.1925507
98,12,30,0.9685803055763245,79.99109,88.30223,8.311142
98,13,30,0.7523287534713745,74.89864,48.08981,26.808834
98,14,30,0.9133346080780029,72.74657,72.06036,0.686203
98,15,30,0.9141860008239746,77.35429,65.16564,12.188644
98,16,30,0.9480887055397034,81.34167,77.6265,3.7151642
98,17,30,0.9407308101654053,74.52733,65.539,8.988327
98,18,30,0.9148061871528625,62.42913,65.2717,2.8425674
98,19,30,0.9922283291816711,76.41568,70.059525,6.3561554
98,20,30,0.9688374400138855,85.14623,74.03894,11.107292
98,21,30,0.8510720729827881,63.772297,61.182682,2.5896149
98,22,30,0.9386006593704224,68.169106,67.69462,0.4744873
98,23,30,0.8687814474105835,63.721535,62.276703,1.4448318
98,24,30,0.8904087543487549,80.139565,62.42382,17.715744
98,25,30,0.8203699588775635,67.92239,63.025642,4.8967514
98,26,30,0.9297199845314026,76.061195,63.632687,12.428509
98,27,30,0.7764574289321899,61.157562,86.33582,25.17826
98,28,30,0.959644079208374,75.62361,67.84706,7.7765503
98,29,30,0.8463594913482666,67.10091,66.78372,0.31718445
98,30,30,0.9153023958206177,76.84527,68.121864,8.723404
98,31,30,0.9653856158256531,84.95254,81.63194,3.3205948
98,32,30,0.9592581391334534,80.79921,77.003815,3.795395
98,33,30,0.955871045589447,67.07805,68.83536,1.757309
98,34,30,0.8901413679122925,80.40906,74.22962,6.1794357
98,35,30,0.8673025369644165,76.17822,60.142857,16.035366
98,36,30,0.8436570167541504,66.84333,67.077675,0.23434448
98,37,30,0.8086097836494446,86.30393,60.832336,25.471596
98,38,30,0.9455364346504211,75.6711,76.97327,1.3021698
98,39,30,0.9381644129753113,75.81227,76.09815,0.28588104
98,40,30,0.9081789255142212,64.585236,73.68499,9.099754
98,41,30,0.9430112838745117,85.03837,79.96173,5.0766373
98,42,30,0.7677484154701233,53.80001,70.7219,16.92189
98,43,30,0.9261540770530701,64.744965,68.87085,4.125885
98,44,30,0.9114607572555542,88.344444,64.69476,23.649681
98,45,30,0.989966630935669,80.47887,71.44531,9.033554
98,46,30,0.7703354358673096,72.92324,54.524696,18.398544
98,47,30,0.7600481510162354,56.1182,71.79852,15.680325
98,48,30,0.9446810483932495,76.27557,69.39035,6.8852234
98,49,30,0.7918411493301392,69.54006,56.23887,13.301193
237,0,30,0.8476871252059937,64.546585,55.30999,9.236595
237,1,30,0.9895960092544556,53.308243,53.544323,0.23608017
237,2,30,0.3473767638206482,43.3951,47.153427,3.7583275
237,3,30,0.7093296647071838,43.44087,45.012825,1.5719566
237,4,30,0.8521600961685181,52.88262,63.58467,10.702049
237,5,30,0.8130499720573425,54.02422,54.83518,0.81095886
237,6,30,0.6910741329193115,54.214985,60.839527,6.624542
237,7,30,0.6075019836425781,65.861275,44.222748,21.638527
237,8,30,0.8681670427322388,59.82687,61.908176,2.0813065
237,9,30,0.7028646469116211,67.024445,45.410965,21.61348
237,10,30,0.8995293378829956,55.493538,56.611427,1.1178894
237,11,30,0.729087233543396,58.257236,40.91868,17.338558
237,12,30,0.8349549770355225,51.633343,57.76445,6.1311073
237,13,30,0.8942639827728271,61.039783,65.8248,4.785015
237,14,30,0.8793912529945374,66.49669,52.421745,14.074944
237,15,30,0.746536135673523,48.758587,59.45959,10.701004
237,16,30,0.8471859693527222,65.432785,52.27151,13.161274
237,17,30,0.7976821064949036,69.07281,49.659676,19.413132
237,18,30,0.8547731637954712,64.78659,58.811523,5.975067
237,19,30,0.5339465141296387,50.87308,59.05246,8.1793785
237,20,30,0.9230664968490601,58.000282,73.80742,15.807137
237,21,30,0.8314021825790405,59.956593,58.684395,1.2721977
237,22,30,0.6093461513519287,43.03797,50.849968,7.8119965
237,23,30,0.8704646825790405,62.776447,49.704624,13.071823
237,24,30,0.8314099907875061,58.620525,52.762894,5.8576317
237,25,30,0.7335970401763916,58.4353,49.302605,9.132694
237,26,30,0.8639861941337585,66.22423,52.817406,13.406822
237,27,30,0.7902544736862183,53.46703,65.00712,11.540089
237,28,30,0.8494380712509155,59.25343,64.07895,4.8255196
237,29,30,0.8928223252296448,57.98812,63.227467,5.2393456
237,30,30,0.8076270818710327,56.22255,53.650967,2.5715828
237,31,30,0.7356166839599609,56.957695,54.324417,2.633278
237,32,30,0.8956328630447388,62.63156,52.19168,10.43988
237,33,30,0.5441235303878784,57.95713,45.43825,12.518879
237,34,30,0.812911868095398,57.05581,67.882935,10.827126
237,35,30,0.9013724327087402,58.144154,54.15429,3.9898643
237,36,30,0.6007118225097656,42.926266,55.34534,12.419075
237,37,30,0.8378445506095886,53.51153,55.06745,1.5559196
237,38,30,0.9865361452102661,63.88025,58.721184,5.1590652
237,39,30,0.7636042833328247,48.578594,52.155582,3.5769882
237,40,30,0.6744600534439087,48.810783,51.51274,2.7019577
237,41,30,0.8002116680145264,71.01766,59.33525,11.682411
237,42,30,0.24203670024871826,41.293682,69.07666,27.782978
237,43,30,0.576399564743042,57.34316,48.336285,9.006874
237,44,30,0.4418744444847107,57.11485,41.66452,15.450329
237,45,30,0.6443102359771729,61.260933,39.334682,21.92625
237,46,30,0.5419700145721436,47.68151,50.862167,3.1806564
237,47,30,0.8646798133850098,55.69444,59.21816,3.5237198
237,48,30,0.3285811245441437,63.041256,40.73851,22.302746
237,49,30,0.8808714151382446,49.989544,56.584763,6.5952187
229,0,30,0.9129027128219604,82.235634,72.747665,9.487968
229,1,30,0.9394698143005371,62.068226,66.73208,4.6638527
229,2,30,0.7738269567489624,54.187656,62.012604,7.8249474
229,3,30,0.9547995328903198,76.5994,65.52483,11.07457
229,4,30,0.9114901423454285,74.493904,61.247623,13.246281
229,5,30,0.9408793449401855,69.77235,69.34702,0.4253235
229,6,30,0.9276958107948303,62.47393,64.795685,2.3217545
229,7,30,0.8997852802276611,76.562,58.436222,18.125774
229,8,30,0.8715424537658691,56.768955,68.62706,11.858105
229,9,30,0.9392324686050415,65.23679,61.453403,3.78339
229,10,30,0.9129271507263184,75.552956,61.404137,14.148819
229,11,30,0.9144457578659058,70.36961,66.5346,3.8350143
229,12,30,0.7762988805770874,72.05577,47.201927,24.853844
229,13,30,0.7786393165588379,49.420372,65.38409,15.963715
229,14,30,0.8041012287139893,78.24399,52.460945,25.783043
229,15,30,0.7768599987030029,55.61512,61.285156,5.6700363
229,16,30,0.9087679386138916,63.00232,66.802216,3.7998962
229,17,30,0.9421024322509766,73.63694,75.56514,1.9281998
229,18,30,0.87404465675354,70.5488,51.16016,19.388638
229,19,30,0.8040643334388733,62.754333,70.16149,7.407158
229,20,30,0.872834324836731,56.92932,71.38209,14.452766
229,21,30,0.8376333713531494,70.84424,52.31235,18.531887
229,22,30,0.9067708253860474,66.830986,54.384346,12.44664
229,23,30,0.874427318572998,61.902405,56.758316,5.1440887
229,24,30,0.8670903444290161,60.244324,57.054802,3.1895218
229,25,30,0.8497685790061951,66.34901,53.598698,12.750309
229,26,30,0.91744065284729,56.504726,72.03159,15.526867
229,27,30,0.9071188569068909,68.18039,64.44912,3.7312698
229,28,30,0.8456371426582336,52.20479,60.801723,8.596935
229,29,30,0.8569787740707397,75.39158,54.874176,20.517403
229,30,30,0.9329739212989807,71.31418,77.63027,6.3160934
229,31,30,0.862694501876831,50.88619,71.21858,20.332394
229,32,30,0.8914245367050171,63.46662,70.45791,6.991287
229,33,30,0.932237982749939,66.27631,62.50083,3.7754822
229,34,30,0.8165513277053833,58.4778,64.72468,6.2468796
229,35,30,0.8663968443870544,63.802143,57.357094,6.4450493
229,36,30,0.7344378232955933,71.14437,46.3985,24.745872
229,37,30,0.8611963987350464,49.58805,71.77394,22.18589
229,38,30,0.9127651453018188,61.903946,80.70743,18.803482
229,39,30,0.7910100817680359,49.01642,60.001987,10.985569
229,40,30,0.8999118804931641,63.349274,63.28255,0.06672287
229,41,30,0.903618335723877,61.6023,70.50261,8.9003105
229,42,30,0.8185793161392212,63.958958,55.03304,8.925919
229,43,30,0.8934502601623535,78.83605,58.35938,20.476673
229,44,30,0.8695098161697388,69.45658,65.07792,4.378662
229,45,30,0.7112586498260498,78.04045,44.14041,33.90004
229,46,30,0.8169673681259155,62.190624,57.018166,5.1724586
229,47,30,0.7928813695907593,64.54569,49.383514,15.162178
229,48,30,0.8683393597602844,60.948444,63.553482,2.6050377
229,49,30,0.8910605311393738,79.87378,58.24161,21.632168
417,0,30,0.9289931058883667,61.41325,77.529724,16.116474
417,1,30,0.7632156610488892,75.4356,49.075832,26.359768
417,2,30,0.898324191570282,62.40872,66.408844,4.000126
417,3,30,0.9176455140113831,79.1138,62.261642,16.852158
417,4,30,0.8577312231063843,75.48539,61.13297,14.352421
417,5,30,0.8509518504142761,58.486935,46.035664,12.451271
417,6,30,0.8354675769805908,61.91593,54.183735,7.732197
417,7,30,0.9435390830039978,78.52925,61.81912,16.710133
417,8,30,0.9251993298530579,76.06627,69.99365,6.0726166
417,9,30,0.8112486004829407,58.378708,66.93153,8.552826
417,10,30,0.8936337828636169,76.5249,59.78005,16.744854
417,11,30,0.9479969143867493,69.89985,77.86107,7.96122
417,12,30,0.9707531929016113,73.02805,73.67174,0.6436844
417,13,30,0.9112533330917358,79.49882,68.04322,11.455597
417,14,30,0.790375828742981,58.427853,79.68226,21.254406
417,15,30,0.9550600051879883,81.0773,71.07626,10.001038
417,16,30,0.9606274366378784,70.30739,75.73117,5.4237823
417,17,30,0.7324942350387573,73.72425,51.91604,21.808212
417,18,30,0.9867282509803772,87.552864,83.04964,4.503227
417,19,30,0.9319239854812622,86.32289,75.86922,10.453674
417,20,30,0.9709886312484741,80.71351,71.63893,9.074577
417,21,30,0.919574499130249,74.16131,78.09182,3.9305115
417,22,30,0.9573839902877808,75.84175,70.36652,5.4752274
417,23,30,0.9520359039306641,83.455894,76.638565,6.8173294
417,24,30,0.9448055028915405,68.172356,60.4621,7.7102547
417,25,30,0.9265255331993103,88.0271,69.06845,18.958649
417,26,30,0.8395282626152039,47.9957,85.86302,37.86732
417,27,30,0.703851580619812,55.897068,47.132812,8.764256
417,28,30,0.9428958892822266,73.798256,68.79527,5.002983
417,29,30,0.9053891897201538,76.71115,67.90469,8.8064575
417,30,30,0.9477043151855469,80.98217,76.00618,4.9759903
417,31,30,0.9461998343467712,72.94968,79.02545,6.075775
417,32,30,0.8103053569793701,69.904526,44.42674,25.477787
417,33,30,0.7968711853027344,54.50451,75.40619,20.90168
417,34,30,0.9589238166809082,69.94237,75.31464,5.3722687
417,35,30,0.9614052176475525,72.980255,80.543564,7.5633087
417,36,30,0.9648786783218384,76.89116,74.53243,2.3587265
417,37,30,0.9663028120994568,81.796585,69.29005,12.506538
417,38,30,0.9473408460617065,81.59141,76.27664,5.314766
417,39,30,0.915142297744751,71.2764,71.205414,0.07098389
417,40,30,0.7289296388626099,85.09067,57.77018,27.320488
417,41,30,0.9718291163444519,75.21342,78.72842,3.5149994
417,42,30,0.9481320977210999,75.537796,68.54436,6.9934387
417,43,30,0.9690088629722595,74.37867,71.96331,2.4153595
417,44,30,0.9328600764274597,65.61576,72.70133,7.0855713
417,45,30,0.9384121894836426,66.436844,77.436676,10.999832
417,46,30,0.8636521100997925,51.454548,62.162354,10.707806
417,47,30,0.9616168141365051,75.95954,66.63902,9.3205185
417,48,30,0.7663954496383667,48.99065,77.22366,28.233013
417,49,30,0.9452168345451355,84.17597,70.34607,13.829903
421,0,30,0.9039703607559204,78.17456,63.31971,14.854851
421,1,30,0.8072011470794678,83.45185,67.90629,15.545563
421,2,30,0.8101707696914673,62.572285,49.227066,13.345219
421,3,30,0.7100833654403687,50.04778,52.837936,2.7901573
421,4,30,0.7878026962280273,58.4655,78.77291,20.307411
421,5,30,0.708360493183136,46.722355,69.3828,22.660442
421,6,30,0.7457021474838257,52.148033,57.721714,5.573681
421,7,30,0.6970188617706299,53.994457,57.003395,3.0089378
421,8,30,0.8791722059249878,64.099335,60.09295,4.006386
421,9,30,0.8872699737548828,61.573174,62.111633,0.5384598
421,10,30,0.8433874249458313,59.128056,61.403595,2.2755394
421,11,30,0.8772463798522949,78.267944,65.501236,12.766708
421,12,30,0.8860752582550049,70.19349,72.86098,2.667488
421,13,30,0.841802179813385,67.429726,54.709175,12.720551
421,14,30,0.8408859968185425,69.61521,61.54908,8.066132
421,15,30,0.8028171062469482,51.80924,50.053574,1.7556648
421,16,30,0.8546339273452759,60.094044,68.717606,8.623562
421,17,30,0.8449995517730713,68.71959,53.126976,15.592613
421,18,30,0.9274857640266418,70.614876,61.162632,9.452244
421,19,30,0.8638056516647339,64.771996,54.784786,9.987209
421,20,30,0.4813741147518158,43.114033,59.501534,16.3875
421,21,30,0.5095416903495789,46.34043,52.855556,6.5151253
421,22,30,0.8733261227607727,61.83604,64.53015,2.6941109
421,23,30,0.48682671785354614,53.657288,44.84134,8.8159485
421,24,30,0.8919044733047485,65.2532,58.047527,7.2056694
421,25,30,0.8838526606559753,59.48437,66.520805,7.036434
421,26,30,0.5172470808029175,50.37391,49.16874,1.2051697
421,27,30,0.6824486255645752,66.12506,48.70767,17.417393
421,28,30,0.6575216054916382,68.75803,42.164627,26.593407
421,29,30,0.5707752704620361,64.75602,40.422928,24.333092
421,30,30,0.8338277339935303,54.079636,62.173298,8.093662
421,31,30,0.7121561169624329,52.273087,48.185383,4.0877037
421,32,30,0.8530616760253906,63.05113,53.901466,9.149662
421,33,30,0.8739201426506042,67.15642,62.86544,4.2909775
421,34,30,0.9915541410446167,70.71499,64.8566,5.858391
421,35,30,0.7773364186286926,53.356865,60.530712,7.173847
421,36,30,0.8878931403160095,63.598534,65.74484,2.146309
421,37,30,0.8516051769256592,76.65652,58.682163,17.974354
421,38,30,0.7892334461212158,51.6815,50.9543,0.72719955
421,39,30,0.5378573536872864,42.57127,65.858505,23.287235
421,40,30,0.6703140735626221,50.29589,60.63913,10.343239
421,41,30,0.6114263534545898,64.96339,43.713192,21.250195
421,42,30,0.9621025323867798,46.83278,47.14582,0.3130417
421,43,30,0.8412536382675171,58.950783,62.30431,3.353527
421,44,30,0.7578667998313904,68.289734,54.52146,13.768272
421,45,30,0.7706262469291687,61.469513,49.905064,11.564449
421,46,30,0.5884066820144653,52.211243,46.145264,6.065979
421,47,30,0.8530222773551941,55.251152,58.44708,3.1959267
421,48,30,0.39416176080703735,68.17718,41.063145,27.114033
421,49,30,0.8218113780021667,55.41249,48.57185,6.840641
430,0,30,0.9322680830955505,68.972115,76.16718,7.1950684
430,1,30,0.945575475692749,71.502304,72.506004,1.0037003
430,2,30,0.9573009014129639,80.65993,70.22163,10.438301
430,3,30,0.9482169151306152,66.64741,58.842842,7.8045654
430,4,30,0.7659705281257629,71.21361,55.542572,15.671036
430,5,30,0.8076677322387695,66.91587,53.933044,12.982826
430,6,30,0.8594133853912354,56.794563,69.18581,12.391243
430,7,30,0.919331967830658,81.35488,66.984886,14.369995
430,8,30,0.896748960018158,74.20747,59.54232,14.6651535
430,9,30,0.9675807356834412,80.870636,66.31952,14.551117
430,10,30,0.8600047826766968,67.85189,55.80618,12.0457115
430,11,30,0.7757383584976196,57.91558,65.819954,7.904373
430,12,30,0.8995460867881775,59.398052,69.88594,10.487888
430,13,30,0.9281238317489624,82.51754,63.043083,19.474457
430,14,30,0.6309549808502197,48.73296,59.66319,10.930229
430,15,30,0.8432934880256653,61.264484,73.338234,12.07375
430,16,30,0.9694687128067017,70.3194,68.51881,1.8005905
430,17,30,0.9476379156112671,69.66137,60.99684,8.664528
430,18,30,0.9264295697212219,59.264606,74.39199,15.127384
430,19,30,0.9390869140625,74.53241,65.47354,9.058868
430,20,30,0.9074687957763672,66.91275,64.18664,2.7261124
430,21,30,0.9360985159873962,59.516506,69.17209,9.655582
430,22,30,0.3161662817001343,67.03422,39.184696,27.849522
430,23,30,0.7160138487815857,90.02257,51.24548,38.77709
430,24,30,0.904282808303833,76.39724,58.358303,18.038937
430,25,30,0.9021597504615784,69.278694,57.05683,12.221863
430,26,30,0.9319575428962708,73.9086,69.57557,4.3330307
430,27,30,0.9215929508209229,65.117645,65.49826,0.38061523
430,28,30,0.9155796766281128,78.1437,61.144016,16.999683
430,29,30,0.9256956577301025,84.51829,67.09739,17.420898
430,30,30,0.9310511350631714,69.78224,67.40992,2.372322
430,31,30,0.9331861734390259,83.18352,65.669136,17.514381
430,32,30,0.8298788070678711,72.08684,52.613605,19.473232
430,33,30,0.8735249042510986,61.586327,56.29826,5.288067
430,34,30,0.9382884502410889,67.171,72.88196,5.7109604
430,35,30,0.6883394122123718,61.58152,45.67712,15.9044
430,36,30,0.8842647671699524,70.09066,68.481026,1.6096344
430,37,30,0.9012647867202759,76.88151,62.21114,14.670368
430,38,30,0.9378806352615356,66.58021,82.51053,15.930321
430,39,30,0.8136504888534546,59.658936,58.150673,1.5082626
430,40,30,0.3235926330089569,40.165802,66.720825,26.555023
430,41,30,0.9042418003082275,60.934536,66.049934,5.1153984
430,42,30,0.8969196081161499,58.441395,67.82395,9.382557
430,43,30,0.9208245873451233,80.29723,62.0693,18.227932
430,44,30,0.9416329860687256,70.2411,73.52728,3.2861862
430,45,30,0.8993675708770752,56.158722,74.25865,18.09993
430,46,30,0.9337221384048462,72.33711,74.76014,2.423027
430,47,30,0.966159462928772,71.800995,82.7835,10.982506
430,48,30,0.9581411480903625,69.88924,79.241,9.351761
430,49,30,0.8493199348449707,74.08673,51.19248,22.894253
668,0,30,0.8960658311843872,60.75872,76.029236,15.270515
668,1,30,0.9021916389465332,77.82225,59.012756,18.809494
668,2,30,0.900241494178772,73.8933,55.678364,18.21494
668,3,30,0.9415373802185059,62.137703,69.5429,7.405197
668,4,30,0.8711603283882141,75.20372,57.299698,17.904022
668,5,30,0.922383189201355,61.207047,77.26534,16.058296
668,6,30,0.9057846069335938,64.960625,61.222015,3.7386093
668,7,30,0.8143487572669983,67.72341,52.432716,15.290695
668,8,30,0.9031320810317993,60.03345,70.4077,10.3742485
668,9,30,0.925266683101654,74.67693,65.70234,8.974594
668,10,30,0.9033416509628296,77.18299,55.439976,21.743015
668,11,30,0.9454063773155212,72.47854,74.754654,2.2761154
668,12,30,0.9324073791503906,59.13162,78.09146,18.959843
668,13,30,0.8304449319839478,70.74548,54.63585,16.109634
668,14,30,0.9579637050628662,69.557816,72.9314,3.373581
668,15,30,0.8382052183151245,52.899544,61.105602,8.2060585
668,16,30,0.8353747129440308,74.6815,53.019814,21.66169
668,17,30,0.9650828242301941,83.88511,74.27875,9.606361
668,18,30,0.9188505411148071,59.27125,64.9631,5.691845
668,19,30,0.9287481904029846,77.005615,71.961006,5.044609
668,20,30,0.8479180335998535,84.311165,58.81611,25.495056
668,21,30,0.9247329235076904,60.053375,69.001526,8.948151
668,22,30,0.9618381857872009,71.282845,75.69373,4.4108887
668,23,30,0.9461418390274048,66.48746,65.91973,0.56772614
668,24,30,0.900404691696167,58.500103,60.727886,2.2277832
668,25,30,0.8679620027542114,72.41527,58.920944,13.494324
668,26,30,0.8324952125549316,51.554848,68.57811,17.023262
668,27,30,0.959696352481842,72.5717,69.53237,3.0393295
668,28,30,0.9681370258331299,85.00605,77.162834,7.843216
668,29,30,0.9492297172546387,69.06735,77.99322,8.925865
668,30,30,0.821009635925293,82.28559,52.723488,29.562103
668,31,30,0.9514277577400208,71.00933,74.61097,3.6016388
668,32,30,0.937920331954956,71.2087,68.13495,3.0737534
668,33,30,0.9513087272644043,71.765015,77.887764,6.1227493
668,34,30,0.8424758315086365,53.396328,71.90326,18.506931
668,35,30,0.9390841126441956,65.760956,64.64635,1.1146088
668,36,30,0.9165972471237183,61.72767,77.43165,15.7039795
668,37,30,0.9376507997512817,73.95016,59.61406,14.336098
668,38,30,0.9577265381813049,73.46752,81.51629,8.048767
668,39,30,0.8529906272888184,56.137016,60.212955,4.075939
668,40,30,0.9007142782211304,63.411938,56.571247,6.8406906
668,41,30,0.9306492209434509,70.385284,66.454185,3.931099
668,42,30,0.8819573521614075,67.00129,58.527637,8.473652
668,43,30,0.9550743103027344,77.24464,72.11107,5.133568
668,44,30,0.9350746870040894,67.94423,72.622,4.6777725
668,45,30,0.8574968576431274,57.724014,66.98736,9.263344
668,46,30,0.9494920969009399,72.31074,69.46807,2.8426666
668,47,30,0.9451099634170532,60.50989,62.101734,1.5918427
668,48,30,0.8652517795562744,60.76965,65.206924,4.437275
668,49,30,0.9613395929336548,73.7728,66.29311,7.479683
757,0,30,0.9316812753677368,77.26184,63.221184,14.040657
757,1,30,0.7966794371604919,51.261814,53.756035,2.4942207
757,2,30,0.6119309067726135,48.460674,71.07964,22.618969
757,3,30,0.7513308525085449,44.28249,66.300354,22.017864
757,4,30,0.8578029870986938,49.868378,69.239365,19.370987
757,5,30,0.8710440397262573,71.006454,54.402733,16.603722
757,6,30,0.9532328844070435,82.464035,69.84053,12.623505
757,7,30,0.8595607280731201,57.912178,61.60668,3.6945038
757,8,30,0.741485595703125,73.59888,46.568462,27.030415
757,9,30,0.5671595335006714,79.820076,43.183495,36.63658
757,10,30,0.8077017068862915,54.98222,70.2329,15.250683
757,11,30,0.8921838998794556,61.506554,71.31872,9.812164
757,12,30,0.8127628564834595,56.40401,51.92537,4.4786415
757,13,30,0.8809593319892883,61.741467,75.39601,13.654545
757,14,30,0.9476122856140137,69.80429,78.14523,8.340942
757,15,30,0.9481902122497559,70.639366,62.19883,8.4405365
757,16,30,0.9449700713157654,73.50972,71.472885,2.0368347
757,17,30,0.8487763404846191,72.56585,51.663998,20.901852
757,18,30,0.7833753824234009,45.199203,52.538635,7.339432
757,19,30,0.9447005987167358,69.79787,66.693474,3.104393
757,20,30,0.9150748252868652,73.59217,58.960083,14.632088
757,21,30,0.9304549694061279,59.206623,60.23118,1.0245552
757,22,30,0.9425398111343384,76.71823,60.569122,16.149109
757,23,30,0.9135481715202332,66.28469,57.925716,8.358974
757,24,30,0.7180423736572266,51.361492,61.582447,10.220955
757,25,30,0.7574673891067505,65.033424,46.8385,18.194923
757,26,30,0.9494611024856567,66.28947,71.2238,4.934334
757,27,30,0.9220271110534668,66.72805,69.34266,2.6146088
757,28,30,0.9400216341018677,71.26424,62.489456,8.77478
757,29,30,0.87153160572052,76.68717,54.106503,22.58067
757,30,30,0.7952168583869934,60.714607,54.748726,5.9658813
757,31,30,0.8097792863845825,54.044956,50.679203,3.3657532
757,32,30,0.9599199891090393,61.081806,61.733116,0.65130997
757,33,30,0.8575166463851929,62.24942,50.384098,11.865322
757,34,30,0.8374824523925781,54.261787,65.22508,10.963295
757,35,30,0.952509880065918,80.68286,65.70466,14.978203
757,36,30,0.874337911605835,72.14289,58.703976,13.438915
757,37,30,0.8474597930908203,52.964,57.68152,4.717518
757,38,30,0.6892205476760864,63.475636,48.21016,15.265476
757,39,30,0.9706662893295288,78.32996,70.31599,8.013977
757,40,30,0.7168173789978027,72.38589,45.052654,27.333233
757,41,30,0.904272198677063,81.30474,64.85975,16.444992
757,42,30,0.7066477537155151,44.442375,61.93346,17.491085
757,43,30,0.940517008304596,72.71245,58.441105,14.271343
757,44,30,0.8039618730545044,64.94437,54.65695,10.287415
757,45,30,0.865386426448822,58.310894,63.44648,5.135586
757,46,30,0.9416073560714722,64.50678,68.58463,4.0778503
757,47,30,0.9192485809326172,78.423775,56.66865,21.755123
757,48,30,0.8394439816474915,54.43894,54.628563,0.18962479
757,49,30,0.8050110340118408,63.24354,53.32774,9.915802
814,0,30,0.8186767101287842,53.012505,72.41399,19.401482
814,1,30,0.8287802338600159,73.80396,54.98498,18.818981
814,2,30,0.8782932758331299,65.55829,56.87309,8.6852
814,3,30,0.9063103199005127,67.081116,64.532364,2.5487518
814,4,30,0.9531131982803345,85.94261,71.82272,14.119888
814,5,30,0.9345555305480957,70.147644,85.04347,14.895828
814,6,30,0.9083046317100525,75.722336,59.45622,16.266117
814,7,30,0.9485852718353271,70.77567,61.692394,9.083279
814,8,30,0.8685597777366638,70.556175,60.923645,9.63253
814,9,30,0.9625499248504639,74.83652,72.850784,1.985733
814,10,30,0.9306659698486328,66.7809,61.160835,5.620064
814,11,30,0.8310245871543884,53.905403,64.52378,10.618378
814,12,30,0.929152250289917,70.94022,66.95051,3.9897156
814,13,30,0.9190893769264221,81.34048,70.112015,11.228462
814,14,30,0.9364731907844543,65.43992,75.53565,10.095734
814,15,30,0.9036349058151245,79.47269,62.38861,17.084076
814,16,30,0.9179291129112244,67.040665,63.68151,3.3591537
814,17,30,0.8444188833236694,56.946087,75.247154,18.301067
814,18,30,0.9388918876647949,88.66925,65.05524,23.614014
814,19,30,0.9418372511863708,63.1982,73.22689,10.02869
814,20,30,0.890731155872345,63.2359,67.494576,4.2586746
814,21,30,0.9502054452896118,75.82106,71.10015,4.720909
814,22,30,0.9631275534629822,79.51899,74.04475,5.474243
814,23,30,0.8713106513023376,58.59862,67.68047,9.081852
814,24,30,0.866181492805481,57.18084,73.44051,16.259674
814,25,30,0.9270954132080078,66.8256,67.00542,0.1798172
814,26,30,0.932181179523468,77.60256,67.33237,10.270195
814,27,30,0.8168820142745972,69.03769,54.887245,14.150444
814,28,30,0.8687499761581421,73.43389,55.14864,18.285252
814,29,30,0.8975421190261841,72.85112,60.368305,12.482815
814,30,30,0.8740396499633789,59.373493,67.16566,7.792164
814,31,30,0.9370322227478027,71.434006,68.06338,3.3706284
814,32,30,0.7782067060470581,53.81698,53.855545,0.03856659
814,33,30,0.9010071754455566,61.246525,54.92969,6.3168335
814,34,30,0.8438358306884766,58.268974,75.66228,17.393303
814,35,30,0.9213112592697144,62.165974,82.6081,20.442127
814,36,30,0.9154324531555176,73.78003,73.94987,0.16983795
814,37,30,0.9063856601715088,60.017277,67.13227,7.114994
814,38,30,0.8810868263244629,73.7705,57.18961,16.58089
814,39,30,0.9414607286453247,76.18559,64.658516,11.527077
814,40,30,0.7073599696159363,49.194664,72.3386,23.143936
814,41,30,0.7833054065704346,69.505104,51.378727,18.126377
814,42,30,0.8573463559150696,57.696163,63.68878,5.9926186
814,43,30,0.9179232120513916,71.59649,66.05742,5.53907
814,44,30,0.7748034596443176,64.29798,48.044697,16.253284
814,45,30,0.9140444993972778,67.20532,71.03784,3.8325195
814,46,30,0.9392092227935791,77.805,67.90701,9.897987
814,47,30,0.8784956932067871,75.30726,57.836502,17.470757
814,48,30,0.9422369599342346,83.07959,68.87888,14.2007065
814,49,30,0.9142860770225525,71.340645,65.80836,5.5322876
235,0,40,0.8868181109428406,56.88876,66.93046,10.041698
235,1,40,0.8008851408958435,60.069027,55.165092,4.9039345
235,2,40,0.7265140414237976,49.951733,57.41628,7.464546
235,3,40,0.8374309539794922,49.8669,59.438183,9.571281
235,4,40,0.8230899572372437,58.653744,44.973557,13.680187
235,5,40,0.8550302982330322,51.89902,55.562283,3.6632614
235,6,40,0.9353669881820679,56.70776,63.939186,7.2314262
235,7,40,0.840385913848877,58.777252,43.668118,15.109135
235,8,40,0.8402552604675293,61.25714,49.80789,11.449249
235,9,40,0.8707988262176514,58.55376,51.26827,7.285492
235,10,40,0.874724268913269,56.206833,48.997334,7.2094994
235,11,40,0.8606898784637451,56.98961,63.584682,6.5950737
235,12,40,0.8298887014389038,57.387165,60.498978,3.1118126
235,13,40,0.8039817214012146,54.446163,50.882812,3.5633507
235,14,40,0.8690017461776733,57.873375,54.962498,2.9108772
235,15,40,0.8371055126190186,65.40108,49.432076,15.969002
235,16,40,0.723980188369751,51.927757,57.034836,5.1070786
235,17,40,0.9028116464614868,62.182415,55.089146,7.0932693
235,18,40,0.6954165697097778,53.22702,47.2386,5.9884186
235,19,40,0.879868745803833,68.11534,52.82676,15.288582
235,20,40,0.8602374196052551,52.98418,49.054718,3.9294624
235,21,40,0.8201586008071899,51.55202,48.04496,3.507061
235,22,40,0.8990041017532349,58.672054,56.72868,1.9433746
235,23,40,0.8456658124923706,58.8091,51.973377,6.835724
235,24,40,0.6925933957099915,40.209484,58.261562,18.052078
235,25,40,0.6822961568832397,63.768368,49.856815,13.911552
235,26,40,0.8981473445892334,61.712784,49.51456,12.198223
235,27,40,0.8774458169937134,57.78585,58.34072,0.5548706
235,28,40,0.8520123362541199,47.29136,56.709698,9.418339
235,29,40,0.7695077657699585,44.510868,50.991917,6.4810486
235,30,40,0.8515655994415283,48.103413,42.2727,5.8307114
235,31,40,0.84486985206604,56.9142,46.837757,10.076443
235,32,40,0.8099174499511719,51.775818,53.16843,1.3926125
235,33,40,0.7462512254714966,51.153194,50.81581,0.33738327
235,34,40,0.8173854351043701,51.87734,61.376472,9.499134
235,35,40,0.846778392791748,53.550236,55.979694,2.4294586
235,36,40,0.8721065521240234,49.972507,51.82199,1.8494835
235,37,40,0.8842678070068359,52.80172,58.488224,5.6865044
235,38,40,0.8316864967346191,53.13188,56.29993,3.1680489
235,39,40,0.8616795539855957,58.34427,49.512478,8.831791
235,40,40,0.9095412492752075,54.056072,53.80932,0.2467537
235,41,40,0.8578441739082336,51.555656,65.866806,14.31115
235,42,40,0.7633914947509766,53.750576,49.53188,4.2186966
235,43,40,0.6860202550888062,62.81697,42.31517,20.5018
235,44,40,0.707443118095398,63.57467,46.86503,16.70964
235,45,40,0.8739145994186401,53.48503,53.609848,0.124816895
235,46,40,0.9345640540122986,69.13949,61.561535,7.5779533
235,47,40,0.9832684397697449,57.872383,56.51724,1.3551445
235,48,40,0.7784225940704346,74.27232,50.40427,23.868053
235,49,40,0.9208766222000122,60.968304,55.366653,5.60165
98,0,40,0.9306585788726807,67.1964,70.028244,2.8318405
98,1,40,0.9408689737319946,68.46778,70.32647,1.8586884
98,2,40,0.8333683609962463,54.28136,78.37497,24.093609
98,3,40,0.9289206266403198,66.184654,81.573326,15.388672
98,4,40,0.904789924621582,70.444954,73.73774,3.2927856
98,5,40,0.9553618431091309,70.57329,71.27765,0.70436096
98,6,40,0.9360580444335938,76.6348,67.294876,9.339928
98,7,40,0.9511951804161072,74.23392,75.91366,1.6797409
98,8,40,0.907969057559967,64.06676,79.51851,15.451752
98,9,40,0.9511558413505554,72.01656,74.62889,2.6123276
98,10,40,0.7224118709564209,85.332825,52.384903,32.94792
98,11,40,0.9482572078704834,72.64061,72.12514,0.5154724
98,12,40,0.9663177728652954,79.99109,84.93401,4.9429245
98,13,40,0.7408833503723145,74.89864,47.207428,27.691216
98,14,40,0.9001308679580688,72.74657,72.37413,0.37243652
98,15,40,0.8936817049980164,77.35429,62.783348,14.570938
98,16,40,0.9416409730911255,81.34167,78.60689,2.7347794
98,17,40,0.9571710228919983,74.52733,67.47466,7.0526657
98,18,40,0.9158009886741638,62.42913,60.410553,2.0185776
98,19,40,0.9907854795455933,76.41568,73.17207,3.2436066
98,20,40,0.9681763052940369,85.14623,73.02716,12.119072
98,21,40,0.8710436820983887,63.772297,62.346886,1.4254112
98,22,40,0.9402512907981873,68.169106,63.582108,4.586998
98,23,40,0.9021646976470947,63.721535,64.50639,0.7848587
98,24,40,0.9009398221969604,80.139565,61.498394,18.64117
98,25,40,0.8156977891921997,67.92239,68.70976,0.7873688
98,26,40,0.9212384223937988,76.061195,64.35223,11.708969
98,27,40,0.7843428254127502,61.157562,80.55983,19.402267
98,28,40,0.9599255323410034,75.62361,69.06038,6.5632324
98,29,40,0.841577410697937,67.10091,69.494804,2.393898
98,30,40,0.9140839576721191,76.84527,61.852856,14.992413
98,31,40,0.9513225555419922,84.95254,70.592834,14.359703
98,32,40,0.9597305655479431,80.79921,75.49815,5.301056
98,33,40,0.9584928750991821,67.07805,75.86653,8.788483
98,34,40,0.8938553333282471,80.40906,76.05479,4.354271
98,35,40,0.8022471070289612,76.17822,55.664234,20.513988
98,36,40,0.8265871405601501,66.84333,71.911896,5.0685654
98,37,40,0.7924225330352783,86.30393,56.647476,29.656456
98,38,40,0.9308190941810608,75.6711,67.92172,7.7493744
98,39,40,0.9303699731826782,75.81227,69.07817,6.7341003
98,40,40,0.9142743349075317,64.585236,69.477585,4.8923492
98,41,40,0.926979124546051,85.03837,76.12135,8.917015
98,42,40,0.7883747816085815,53.80001,60.018745,6.2187347
98,43,40,0.9359879493713379,64.744965,68.00591,3.2609482
98,44,40,0.9129422903060913,88.344444,64.66007,23.684372
98,45,40,0.9844012260437012,80.47887,65.498886,14.97998
98,46,40,0.7663594484329224,72.92324,53.991447,18.931793
98,47,40,0.7559551000595093,56.1182,74.20956,18.091358
98,48,40,0.9419628381729126,76.27557,69.03275,7.2428207
98,49,40,0.8111797571182251,69.54006,54.098587,15.441475
237,0,40,0.8635289072990417,64.546585,55.75887,8.787716
237,1,40,0.970468282699585,53.308243,54.342243,1.0340004
237,2,40,0.3198345899581909,43.3951,46.319843,2.9247437
237,3,40,0.7071107625961304,43.44087,45.295536,1.8546677
237,4,40,0.8534787893295288,52.88262,62.621613,9.738991
237,5,40,0.8244198560714722,54.02422,56.311943,2.2877235
237,6,40,0.7031636834144592,54.214985,65.70516,11.490177
237,7,40,0.6043572425842285,65.861275,43.134953,22.726322
237,8,40,0.8617661595344543,59.82687,59.378365,0.4485054
237,9,40,0.7324352264404297,67.024445,47.161922,19.862522
237,10,40,0.8950881361961365,55.493538,56.97317,1.4796333
237,11,40,0.7744061350822449,58.257236,42.884705,15.372532
237,12,40,0.8101313710212708,51.633343,53.55571,1.9223671
237,13,40,0.8934051990509033,61.039783,62.917645,1.877861
237,14,40,0.8679122924804688,66.49669,51.152763,15.343925
237,15,40,0.7182888388633728,48.758587,60.656277,11.89769
237,16,40,0.8348236083984375,65.432785,51.125534,14.307251
237,17,40,0.8586602210998535,69.07281,58.038498,11.034309
237,18,40,0.8594534993171692,64.78659,58.553463,6.2331276
237,19,40,0.532152533531189,50.87308,60.035576,9.162495
237,20,40,0.9209694862365723,58.000282,66.94245,8.942169
237,21,40,0.8351961374282837,59.956593,55.846436,4.110157
237,22,40,0.6364730596542358,43.03797,49.49037,6.4524
237,23,40,0.8551415205001831,62.776447,47.465935,15.310513
237,24,40,0.8438254594802856,58.620525,51.85136,6.769165
237,25,40,0.735502302646637,58.4353,48.773254,9.662045
237,26,40,0.859253466129303,66.22423,52.97872,13.245506
237,27,40,0.8026276230812073,53.46703,65.15982,11.692791
237,28,40,0.8408859968185425,59.25343,59.385258,0.13182831
237,29,40,0.8921288251876831,57.98812,58.955456,0.96733475
237,30,40,0.8129910230636597,56.22255,51.60497,4.6175804
237,31,40,0.778687596321106,56.957695,58.127457,1.1697617
237,32,40,0.8963596820831299,62.63156,52.962727,9.668835
237,33,40,0.5602396130561829,57.95713,45.29944,12.657692
237,34,40,0.8304654359817505,57.05581,61.042767,3.9869576
237,35,40,0.8994226455688477,58.144154,56.1351,2.0090523
237,36,40,0.6204881072044373,42.926266,54.629414,11.703148
237,37,40,0.794259786605835,53.51153,48.84661,4.664921
237,38,40,0.9793186783790588,63.88025,56.750362,7.1298866
237,39,40,0.7752646207809448,48.578594,54.987736,6.4091415
237,40,40,0.6654191017150879,48.810783,51.50443,2.6936455
237,41,40,0.7791038751602173,71.01766,54.696007,16.321655
237,42,40,0.24980220198631287,41.293682,69.12049,27.826809
237,43,40,0.5607988238334656,57.34316,45.392563,11.950596
237,44,40,0.3308660387992859,57.11485,41.74092,15.373928
237,45,40,0.5895460844039917,61.260933,42.954517,18.306416
237,46,40,0.5475665330886841,47.68151,49.852577,2.1710663
237,47,40,0.8637824654579163,55.69444,59.48334,3.7889023
237,48,40,0.3858102560043335,63.041256,39.67071,23.370544
237,49,40,0.8749065399169922,49.989544,51.406673,1.4171295
229,0,40,0.9151432514190674,82.235634,74.20151,8.034126
229,1,40,0.9395233988761902,62.068226,67.22219,5.153965
229,2,40,0.7600207924842834,54.187656,55.24088,1.0532227
229,3,40,0.9636701941490173,76.5994,70.62246,5.976944
229,4,40,0.9274766445159912,74.493904,66.19074,8.303162
229,5,40,0.942219614982605,69.77235,66.26641,3.5059357
229,6,40,0.9266957640647888,62.47393,62.71875,0.24481964
229,7,40,0.9083689451217651,76.562,60.413883,16.148113
229,8,40,0.8656180500984192,56.768955,72.263985,15.495029
229,9,40,0.9242021441459656,65.23679,57.135166,8.101627
229,10,40,0.9217088222503662,75.552956,63.10968,12.443275
229,11,40,0.9142153263092041,70.36961,65.78496,4.584656
229,12,40,0.7866729497909546,72.05577,46.219532,25.836239
229,13,40,0.7604002356529236,49.420372,60.50174,11.0813675
229,14,40,0.8803904056549072,78.24399,54.733524,23.510464
229,15,40,0.7762578725814819,55.61512,60.988728,5.3736076
229,16,40,0.9111485481262207,63.00232,70.85176,7.8494415
229,17,40,0.937820553779602,73.63694,70.11432,3.5226212
229,18,40,0.8199889659881592,70.5488,48.192764,22.356033
229,19,40,0.8038536310195923,62.754333,69.297646,6.543312
229,20,40,0.874122142791748,56.92932,75.45477,18.525452
229,21,40,0.8521615266799927,70.84424,53.69606,17.148178
229,22,40,0.8846891522407532,66.830986,50.45538,16.375607
229,23,40,0.8774293065071106,61.902405,56.04035,5.862053
229,24,40,0.868374764919281,60.244324,54.95548,5.288845
229,25,40,0.7956066131591797,66.34901,46.75028,19.598728
229,26,40,0.910638689994812,56.504726,70.55676,14.052036
229,27,40,0.9029802083969116,68.18039,60.347935,7.8324547
229,28,40,0.8547242879867554,52.20479,57.96059,5.755802
229,29,40,0.8995156288146973,75.39158,57.136574,18.255005
229,30,40,0.9339635968208313,71.31418,75.823906,4.5097275
229,31,40,0.8509460687637329,50.88619,75.02206,24.135868
229,32,40,0.8816591501235962,63.46662,65.88477,2.4181519
229,33,40,0.9372255802154541,66.27631,61.49834,4.777973
229,34,40,0.8220165967941284,58.4778,67.31703,8.839233
229,35,40,0.8706818222999573,63.802143,54.36926,9.432884
229,36,40,0.7978599071502686,71.14437,51.48464,19.659733
229,37,40,0.8619949817657471,49.58805,73.12345,23.5354
229,38,40,0.9139705896377563,61.903946,78.96803,17.064087
229,39,40,0.7891231775283813,49.01642,60.08136,11.064941
229,40,40,0.8798197507858276,63.349274,59.51012,3.8391533
229,41,40,0.8934034109115601,61.6023,61.6532,0.050899506
229,42,40,0.8118343353271484,63.958958,55.229992,8.728966
229,43,40,0.905495285987854,78.83605,61.27739,17.558662
229,44,40,0.843022882938385,69.45658,59.11194,10.344643
229,45,40,0.8109148740768433,78.04045,48.805443,29.235008
229,46,40,0.7980319261550903,62.190624,55.55039,6.640236
229,47,40,0.7801080942153931,64.54569,48.876465,15.669228
229,48,40,0.8743636608123779,60.948444,65.48447,4.536022
229,49,40,0.8795299530029297,79.87378,58.50675,21.367031
417,0,40,0.9234411120414734,61.41325,73.57051,12.157261
417,1,40,0.512086033821106,75.4356,42.029987,33.405613
417,2,40,0.8732821941375732,62.40872,60.894245,1.514473
417,3,40,0.9275062084197998,79.1138,59.91742,19.19638
417,4,40,0.9460713267326355,75.48539,64.593765,10.891624
417,5,40,0.8266240954399109,58.486935,45.828857,12.658077
417,6,40,0.8237053155899048,61.91593,52.734146,9.181786
417,7,40,0.9262828826904297,78.52925,57.926163,20.603088
417,8,40,0.924161434173584,76.06627,68.24072,7.8255463
417,9,40,0.8076163530349731,58.378708,66.68633,8.307625
417,10,40,0.9016451835632324,76.5249,63.5471,12.977802
417,11,40,0.9579308032989502,69.89985,72.962715,3.0628662
417,12,40,0.9658739566802979,73.02805,70.70092,2.3271332
417,13,40,0.9051905274391174,79.49882,61.48373,18.015087
417,14,40,0.8006693124771118,58.427853,71.77756,13.349705
417,15,40,0.9546531438827515,81.0773,72.689476,8.387825
417,16,40,0.9604239463806152,70.30739,75.22132,4.913933
417,17,40,0.7539771795272827,73.72425,51.110954,22.613297
417,18,40,0.9823407530784607,87.552864,77.28017,10.272697
417,19,40,0.9397897124290466,86.32289,73.3186,13.004288
417,20,40,0.9677323698997498,80.71351,71.70848,9.005028
417,21,40,0.919086217880249,74.16131,75.30836,1.147049
417,22,40,0.956087052822113,75.84175,68.739456,7.102295
417,23,40,0.9503587484359741,83.455894,76.28966,7.166237
417,24,40,0.9398428201675415,68.172356,59.46574,8.706615
417,25,40,0.8918513059616089,88.0271,60.59089,27.43621
417,26,40,0.8417834043502808,47.9957,81.65812,33.66242
417,27,40,0.7444039583206177,55.897068,49.56151,6.33556
417,28,40,0.9391052722930908,73.798256,66.65971,7.138542
417,29,40,0.9036062955856323,76.71115,64.412926,12.298225
417,30,40,0.9458404779434204,80.98217,77.7081,3.2740707
417,31,40,0.9427430033683777,72.94968,75.978806,3.029129
417,32,40,0.8258312940597534,69.904526,45.747902,24.156624
417,33,40,0.8070511817932129,54.50451,73.91837,19.413864
417,34,40,0.9589370489120483,69.94237,74.531105,4.5887375
417,35,40,0.9647581577301025,72.980255,79.2976,6.3173447
417,36,40,0.9654402136802673,76.89116,71.87143,5.0197296
417,37,40,0.9254377484321594,81.796585,62.31206,19.484524
417,38,40,0.9486287236213684,81.59141,72.7938,8.797607
417,39,40,0.9134966135025024,71.2764,69.46205,1.8143463
417,40,40,0.7694721221923828,85.09067,54.9488,30.141869
417,41,40,0.9730920791625977,75.21342,76.615875,1.4024582
417,42,40,0.9463968276977539,75.537796,67.86371,7.6740875
417,43,40,0.9293681979179382,74.37867,67.40607,6.972603
417,44,40,0.9302279949188232,65.61576,73.84303,8.227272
417,45,40,0.9375349879264832,66.436844,73.38994,6.9530945
417,46,40,0.840350866317749,51.454548,57.895912,6.4413643
417,47,40,0.941617488861084,75.95954,64.863914,11.095627
417,48,40,0.7594081163406372,48.99065,78.83089,29.840237
417,49,40,0.9388620257377625,84.17597,66.248055,17.927917
421,0,40,0.8924920558929443,78.17456,59.623173,18.551388
421,1,40,0.8083553314208984,83.45185,66.91809,16.53376
421,2,40,0.8331581950187683,62.572285,49.592205,12.98008
421,3,40,0.6894358396530151,50.04778,49.241547,0.80623245
421,4,40,0.7965253591537476,58.4655,69.996605,11.531105
421,5,40,0.7159312963485718,46.722355,65.66932,18.946964
421,6,40,0.7509347200393677,52.148033,53.792194,1.6441612
421,7,40,0.7138132452964783,53.994457,55.13245,1.1379929
421,8,40,0.8489853143692017,64.099335,56.083195,8.01614
421,9,40,0.8812950849533081,61.573174,57.984413,3.5887604
421,10,40,0.8406455516815186,59.128056,56.389133,2.738922
421,11,40,0.8839092254638672,78.267944,62.808628,15.459316
421,12,40,0.8739773035049438,70.19349,69.2463,0.94718933
421,13,40,0.8646639585494995,67.429726,55.960358,11.469368
421,14,40,0.8272638320922852,69.61521,60.984135,8.631077
421,15,40,0.8183163404464722,51.80924,51.433918,0.37532043
421,16,40,0.8414204120635986,60.094044,63.02335,2.929306
421,17,40,0.8846059441566467,68.71959,54.14376,14.575829
421,18,40,0.9247537851333618,70.614876,62.13036,8.484516
421,19,40,0.8651643991470337,64.771996,53.453224,11.318771
421,20,40,0.47292235493659973,43.114033,58.552277,15.438244
421,21,40,0.5267660617828369,46.34043,53.404945,7.064514
421,22,40,0.8615137338638306,61.83604,61.0675,0.7685394
421,23,40,0.5772854089736938,53.657288,48.85429,4.8029976
421,24,40,0.8656317591667175,65.2532,53.55676,11.696438
421,25,40,0.8928734064102173,59.48437,69.41783,9.93346
421,26,40,0.5740664601325989,50.37391,48.601467,1.7724419
421,27,40,0.6992205381393433,66.12506,49.763767,16.361294
421,28,40,0.595970094203949,68.75803,40.6534,28.104633
421,29,40,0.6234774589538574,64.75602,40.366833,24.389187
421,30,40,0.8334482312202454,54.079636,60.19166,6.112026
421,31,40,0.7390275001525879,52.273087,49.057297,3.2157898
421,32,40,0.883850634098053,63.05113,55.594875,7.456253
421,33,40,0.8717266917228699,67.15642,62.439087,4.717331
421,34,40,0.9886831641197205,70.71499,65.254745,5.460243
421,35,40,0.7674006819725037,53.356865,58.17097,4.814106
421,36,40,0.8749921917915344,63.598534,61.80222,1.7963142
421,37,40,0.8594480752944946,76.65652,58.956528,17.69999
421,38,40,0.7534427642822266,51.6815,51.174953,0.506546
421,39,40,0.5546020269393921,42.57127,63.478287,20.907017
421,40,40,0.679526686668396,50.29589,55.58378,5.2878876
421,41,40,0.5041177868843079,64.96339,41.512287,23.4511
421,42,40,0.9279493093490601,46.83278,45.124508,1.708271
421,43,40,0.8450572490692139,58.950783,60.119747,1.1689644
421,44,40,0.6758479475975037,68.289734,47.70176,20.587975
421,45,40,0.7833607196807861,61.469513,50.45387,11.015644
421,46,40,0.5553175806999207,52.211243,46.307617,5.9036255
421,47,40,0.860093355178833,55.251152,57.89985,2.648697
421,48,40,0.4335811734199524,68.17718,40.388668,27.78851
421,49,40,0.8288443088531494,55.41249,48.837097,6.5753937
430,0,40,0.9281793236732483,68.972115,73.51885,4.5467377
430,1,40,0.9461270570755005,71.502304,72.63154,1.1292343
430,2,40,0.9529086947441101,80.65993,74.34633,6.3135986
430,3,40,0.8696677088737488,66.64741,46.84674,19.800667
430,4,40,0.7516363263130188,71.21361,53.643307,17.570301
430,5,40,0.8578351736068726,66.91587,59.12377,7.792099
430,6,40,0.8564050793647766,56.794563,71.96455,15.169983
430,7,40,0.9129631519317627,81.35488,59.75332,21.601562
430,8,40,0.9026667475700378,74.20747,57.391087,16.816387
430,9,40,0.9490736722946167,80.870636,58.24379,22.626846
430,10,40,0.8486127257347107,67.85189,56.414963,11.436928
430,11,40,0.763401985168457,57.91558,64.099495,6.183914
430,12,40,0.897455096244812,59.398052,72.45277,13.054714
430,13,40,0.9322823286056519,82.51754,60.725994,21.791546
430,14,40,0.6329814791679382,48.73296,57.539284,8.806324
430,15,40,0.8425783514976501,61.264484,78.51382,17.249332
430,16,40,0.9613324403762817,70.3194,62.383514,7.9358826
430,17,40,0.9494423866271973,69.66137,64.72236,4.9390106
430,18,40,0.9309859871864319,59.264606,66.32719,7.06258
430,19,40,0.9395281076431274,74.53241,64.259476,10.272934
430,20,40,0.9063695669174194,66.91275,61.295258,5.6174927
430,21,40,0.9383351802825928,59.516506,69.046936,9.53043
430,22,40,0.46352648735046387,67.03422,38.115505,28.918713
430,23,40,0.7599142789840698,90.02257,52.791115,37.231453
430,24,40,0.9232149124145508,76.39724,63.118855,13.278385
430,25,40,0.9153061509132385,69.278694,57.73886,11.539833
430,26,40,0.9194636344909668,73.9086,61.346176,12.562424
430,27,40,0.9350926280021667,65.117645,74.14792,9.030273
430,28,40,0.8539959192276001,78.1437,53.810986,24.332714
430,29,40,0.9446490406990051,84.51829,77.137085,7.3812027
430,30,40,0.9284655451774597,69.78224,64.35724,5.425003
430,31,40,0.9303919672966003,83.18352,64.21835,18.965164
430,32,40,0.8179901838302612,72.08684,50.157593,21.929245
430,33,40,0.8848377466201782,61.586327,57.31634,4.269985
430,34,40,0.9439305067062378,67.171,80.248856,13.077858
430,35,40,0.5843666195869446,61.58152,45.93469,15.6468315
430,36,40,0.8811157941818237,70.09066,65.38065,4.7100067
430,37,40,0.9073767066001892,76.88151,67.90815,8.973358
430,38,40,0.9388259053230286,66.58021,83.36581,16.785599
430,39,40,0.829084575176239,59.658936,62.591553,2.9326172
430,40,40,0.33629894256591797,40.165802,60.931973,20.76617
430,41,40,0.90785151720047,60.934536,67.90224,6.967701
430,42,40,0.9014663696289062,58.441395,57.367588,1.0738068
430,43,40,0.8830060362815857,80.29723,53.322235,26.974998
430,44,40,0.9339654445648193,70.2411,68.86307,1.3780289
430,45,40,0.9038740396499634,56.158722,69.66776,13.509041
430,46,40,0.9053579568862915,72.33711,67.82064,4.516472
430,47,40,0.9551214575767517,71.800995,65.84974,5.951256
430,48,40,0.9556486010551453,69.88924,73.42086,3.5316238
430,49,40,0.8152550458908081,74.08673,50.015305,24.071426
668,0,40,0.8988966345787048,60.75872,72.6558,11.897079
668,1,40,0.9094842672348022,77.82225,58.77108,19.05117
668,2,40,0.8863648772239685,73.8933,54.46805,19.425255
668,3,40,0.9432978630065918,62.137703,67.30383,5.16613
668,4,40,0.8673237562179565,75.20372,58.977394,16.226326
668,5,40,0.9243779182434082,61.207047,76.29148,15.0844345
668,6,40,0.8947685956954956,64.960625,56.344265,8.61636
668,7,40,0.831242561340332,67.72341,53.639,14.084412
668,8,40,0.9059174060821533,60.03345,68.23284,8.19939
668,9,40,0.9193645715713501,74.67693,63.09722,11.579712
668,10,40,0.8887928128242493,77.18299,53.343666,23.839325
668,11,40,0.9394220113754272,72.47854,72.2897,0.18883514
668,12,40,0.9403054714202881,59.13162,69.16926,10.03764
668,13,40,0.8332148790359497,70.74548,54.174377,16.571106
668,14,40,0.9631480574607849,69.557816,73.44615,3.8883362
668,15,40,0.8575143814086914,52.899544,62.400124,9.50058
668,16,40,0.7943426966667175,74.6815,50.938633,23.74287
668,17,40,0.9445679187774658,83.88511,66.53732,17.347786
668,18,40,0.9243183135986328,59.27125,66.93119,7.659939
668,19,40,0.9241687059402466,77.005615,68.61738,8.388237
668,20,40,0.8516991138458252,84.311165,56.44273,27.868435
668,21,40,0.9230087995529175,60.053375,64.06763,4.0142517
668,22,40,0.9584144353866577,71.282845,73.37207,2.0892258
668,23,40,0.9475376009941101,66.48746,68.732765,2.245308
668,24,40,0.894232451915741,58.500103,57.606,0.894104
668,25,40,0.7491759657859802,72.41527,48.743126,23.672142
668,26,40,0.8248667120933533,51.554848,71.061485,19.506638
668,27,40,0.9605845808982849,72.5717,68.80599,3.765709
668,28,40,0.9682995080947876,85.00605,74.59202,10.414032
668,29,40,0.948428750038147,69.06735,72.343315,3.2759628
668,30,40,0.7965618371963501,82.28559,53.44628,28.83931
668,31,40,0.9430525898933411,71.00933,68.9155,2.093834
668,32,40,0.9410136938095093,71.2087,66.51922,4.6894836
668,33,40,0.9520225524902344,71.765015,79.89724,8.132225
668,34,40,0.8538599014282227,53.396328,68.23362,14.837292
668,35,40,0.9356474876403809,65.760956,62.9217,2.8392563
668,36,40,0.9165904521942139,61.72767,75.313194,13.5855255
668,37,40,0.9300932884216309,73.95016,57.885963,16.064194
668,38,40,0.9591423273086548,73.46752,83.07222,9.604698
668,39,40,0.841893196105957,56.137016,56.986446,0.8494301
668,40,40,0.9260216951370239,63.411938,60.8402,2.5717392
668,41,40,0.9292880892753601,70.385284,67.70115,2.6841354
668,42,40,0.9084416627883911,67.00129,64.85809,2.143196
668,43,40,0.94575434923172,77.24464,67.34577,9.898865
668,44,40,0.9226707220077515,67.94423,65.61524,2.3289871
668,45,40,0.8521312475204468,57.724014,63.66397,5.9399567
668,46,40,0.952262282371521,72.31074,70.26502,2.0457153
668,47,40,0.9408447742462158,60.50989,67.51282,7.002926
668,48,40,0.8751808404922485,60.76965,63.652786,2.8831367
668,49,40,0.958604633808136,73.7728,64.13875,9.634048
757,0,40,0.9177775382995605,77.26184,58.313667,18.948174
757,1,40,0.7766752243041992,51.261814,52.428093,1.1662788
757,2,40,0.6177518963813782,48.460674,66.60303,18.142353
757,3,40,0.7374473810195923,44.28249,69.18133,24.898838
757,4,40,0.8572372794151306,49.868378,69.28559,19.417213
757,5,40,0.8677603006362915,71.006454,54.696133,16.310322
757,6,40,0.9543468356132507,82.464035,67.26692,15.197113
757,7,40,0.8677476644515991,57.912178,65.10394,7.191765
757,8,40,0.654910683631897,73.59888,44.73376,28.865116
757,9,40,0.6117521524429321,79.820076,43.31886,36.501217
757,10,40,0.8239520788192749,54.98222,68.16221,13.179989
757,11,40,0.8913987874984741,61.506554,67.64343,6.136879
757,12,40,0.8287529945373535,56.40401,49.4798,6.9242096
757,13,40,0.8834689855575562,61.741467,70.67258,8.93111
757,14,40,0.9416345953941345,69.80429,69.87883,0.074539185
757,15,40,0.9493708610534668,70.639366,61.122463,9.516903
757,16,40,0.9455822706222534,73.50972,70.24463,3.265091
757,17,40,0.8323858976364136,72.56585,52.511574,20.054276
757,18,40,0.777277410030365,45.199203,49.211834,4.0126305
757,19,40,0.9364187717437744,69.79787,66.35906,3.4388046
757,20,40,0.9060229063034058,73.59217,57.841515,15.750656
757,21,40,0.9266072511672974,59.206623,57.87816,1.3284645
757,22,40,0.9250818490982056,76.71823,56.314255,20.403976
757,23,40,0.9087262749671936,66.28469,54.53713,11.747562
757,24,40,0.7140291333198547,51.361492,63.50237,12.140877
757,25,40,0.7743657827377319,65.033424,47.659508,17.373917
757,26,40,0.9455183744430542,66.28947,66.55714,0.26766968
757,27,40,0.9198395013809204,66.72805,70.32789,3.5998383
757,28,40,0.8742157220840454,71.26424,55.0108,16.253437
757,29,40,0.91047203540802,76.68717,57.880787,18.806385
757,30,40,0.8128482699394226,60.714607,55.639027,5.0755806
757,31,40,0.8171449899673462,54.044956,51.495922,2.549034
757,32,40,0.9588295221328735,61.081806,58.490437,2.5913696
757,33,40,0.8580775260925293,62.24942,49.848557,12.400864
757,34,40,0.8335204124450684,54.261787,65.28831,11.02652
757,35,40,0.9577583074569702,80.68286,68.33463,12.348228
757,36,40,0.7985299229621887,72.14289,49.628952,22.513939
757,37,40,0.838447093963623,52.964,56.750736,3.7867355
757,38,40,0.7005426287651062,63.475636,48.627205,14.848431
757,39,40,0.9424155950546265,78.32996,60.138515,18.191448
757,40,40,0.7644294500350952,72.38589,48.439022,23.946865
757,41,40,0.8820416927337646,81.30474,62.360878,18.943863
757,42,40,0.7209606766700745,44.442375,57.64774,13.205364
757,43,40,0.9082622528076172,72.71245,54.251274,18.461174
757,44,40,0.8217484951019287,64.94437,52.40118,12.543186
757,45,40,0.8668782711029053,58.310894,62.398266,4.087372
757,46,40,0.9380933046340942,64.50678,64.92762,0.4208374
757,47,40,0.9098981022834778,78.423775,55.765194,22.65858
757,48,40,0.8296879529953003,54.43894,52.217422,2.2215157
757,49,40,0.8526531457901001,63.24354,58.339935,4.9036064
814,0,40,0.8103868961334229,53.012505,70.02538,17.012878
814,1,40,0.806298017501831,73.80396,53.008198,20.795765
814,2,40,0.8947098851203918,65.55829,58.589447,6.9688416
814,3,40,0.9106583595275879,67.081116,64.6978,2.383316
814,4,40,0.947040319442749,85.94261,69.29385,16.648758
814,5,40,0.9334529638290405,70.147644,84.20409,14.056442
814,6,40,0.8971541523933411,75.722336,57.887306,17.83503
814,7,40,0.9359637498855591,70.77567,58.260532,12.515141
814,8,40,0.834362268447876,70.556175,57.582943,12.973232
814,9,40,0.9628170132637024,74.83652,72.46036,2.3761597
814,10,40,0.930945098400116,66.7809,59.99965,6.78125
814,11,40,0.8390783071517944,53.905403,67.763115,13.857712
814,12,40,0.9347541332244873,70.94022,69.27161,1.6686172
814,13,40,0.9210414886474609,81.34048,68.30012,13.0403595
814,14,40,0.9354325532913208,65.43992,75.002075,9.562157
814,15,40,0.906745433807373,79.47269,61.905895,17.566792
814,16,40,0.9201852679252625,67.040665,62.16914,4.871525
814,17,40,0.8520017266273499,56.946087,70.37775,13.43166
814,18,40,0.9209874868392944,88.66925,62.26011,26.409142
814,19,40,0.9478003978729248,63.1982,74.23234,11.034138
814,20,40,0.899011492729187,63.2359,67.51041,4.2745056
814,21,40,0.9489794373512268,75.82106,69.970436,5.850624
814,22,40,0.9445067644119263,79.51899,66.96708,12.55191
814,23,40,0.8726531863212585,58.59862,66.93212,8.3335
814,24,40,0.8718307614326477,57.18084,78.67045,21.489609
814,25,40,0.9361566305160522,66.8256,67.36292,0.537323
814,26,40,0.9307853579521179,77.60256,63.517136,14.085426
814,27,40,0.8080049753189087,69.03769,52.465813,16.571877
814,28,40,0.839550793170929,73.43389,53.297474,20.136417
814,29,40,0.8827230930328369,72.85112,59.001778,13.849342
814,30,40,0.875658392906189,59.373493,63.826653,4.4531593
814,31,40,0.9281935691833496,71.434006,61.949913,9.484093
814,32,40,0.7757569551467896,53.81698,53.24554,0.57143784
814,33,40,0.9079268574714661,61.246525,57.49267,3.7538567
814,34,40,0.8390743732452393,58.268974,77.547516,19.278542
814,35,40,0.9133473634719849,62.165974,74.038086,11.872112
814,36,40,0.9160197377204895,73.78003,74.51406,0.7340317
814,37,40,0.9050686359405518,60.017277,64.75292,4.7356453
814,38,40,0.8802292346954346,73.7705,56.48348,17.287022
814,39,40,0.9363381862640381,76.18559,64.2694,11.916191
814,40,40,0.7126541137695312,49.194664,69.04108,19.846413
814,41,40,0.7788270115852356,69.505104,48.81745,20.687653
814,42,40,0.8296585083007812,57.696163,58.293663,0.59749985
814,43,40,0.9158042669296265,71.59649,64.06722,7.5292664
814,44,40,0.7231478691101074,64.29798,44.69597,19.602013
814,45,40,0.9165350198745728,67.20532,66.512436,0.69288635
814,46,40,0.9376131296157837,77.805,64.93615,12.868851
814,47,40,0.8941567540168762,75.30726,56.769516,18.537743
814,48,40,0.9412959218025208,83.07959,67.204346,15.875244
814,49,40,0.9259324669837952,71.340645,70.53963,0.80101776
235,0,50,0.8784487247467041,56.88876,63.45558,6.566822
235,1,50,0.822119951248169,60.069027,52.260014,7.8090134
235,2,50,0.7476714849472046,49.951733,51.239346,1.2876129
235,3,50,0.8462114334106445,49.8669,52.33877,2.4718704
235,4,50,0.8107740879058838,58.653744,42.976196,15.677547
235,5,50,0.8679969310760498,51.89902,55.953236,4.0542145
235,6,50,0.9360672235488892,56.70776,62.393555,5.685795
235,7,50,0.8515202403068542,58.777252,45.841812,12.93544
235,8,50,0.829231321811676,61.25714,49.700203,11.556938
235,9,50,0.8698392510414124,58.55376,52.33226,6.2215004
235,10,50,0.8835362195968628,56.206833,49.28742,6.9194145
235,11,50,0.8571847677230835,56.98961,60.09955,3.1099396
235,12,50,0.8785324096679688,57.387165,56.51332,0.87384415
235,13,50,0.7987459897994995,54.446163,52.552917,1.8932457
235,14,50,0.8790000677108765,57.873375,55.83681,2.0365639
235,15,50,0.7595264315605164,65.40108,45.278687,20.12239
235,16,50,0.740641713142395,51.927757,55.58654,3.658783
235,17,50,0.9235361814498901,62.182415,57.270718,4.9116974
235,18,50,0.7376031279563904,53.22702,45.92395,7.30307
235,19,50,0.8160198926925659,68.11534,53.70234,14.413002
235,20,50,0.8133067488670349,52.98418,46.23517,6.749012
235,21,50,0.8067371845245361,51.55202,47.759113,3.7929077
235,22,50,0.8916953802108765,58.672054,54.806736,3.8653183
235,23,50,0.7691847085952759,58.8091,50.441845,8.367256
235,24,50,0.6913572549819946,40.209484,55.829605,15.620121
235,25,50,0.6780433654785156,63.768368,50.187256,13.581112
235,26,50,0.8895164728164673,61.712784,46.23706,15.475723
235,27,50,0.8809961676597595,57.78585,56.711163,1.074688
235,28,50,0.8575196862220764,47.29136,52.87885,5.58749
235,29,50,0.7620490193367004,44.510868,47.671104,3.1602364
235,30,50,0.8462033271789551,48.103413,43.222923,4.8804893
235,31,50,0.8456621170043945,56.9142,46.08543,10.82877
235,32,50,0.7929091453552246,51.775818,50.598736,1.1770821
235,33,50,0.7352430820465088,51.153194,49.070187,2.0830078
235,34,50,0.8242032527923584,51.87734,62.6912,10.813862
235,35,50,0.8422315120697021,53.550236,51.34196,2.2082748
235,36,50,0.8680525422096252,49.972507,48.692204,1.280304
235,37,50,0.8821640014648438,52.80172,58.419395,5.617676
235,38,50,0.8329229950904846,53.13188,51.739655,1.3922272
235,39,50,0.8574135303497314,58.34427,49.67036,8.673908
235,40,50,0.9064302444458008,54.056072,55.227722,1.1716499
235,41,50,0.8613920211791992,51.555656,61.531303,9.975647
235,42,50,0.7759404182434082,53.750576,49.199585,4.550991
235,43,50,0.6527649164199829,62.81697,41.21739,21.599583
235,44,50,0.762742817401886,63.57467,49.31735,14.25732
235,45,50,0.8696930408477783,53.48503,52.97195,0.5130806
235,46,50,0.9302198886871338,69.13949,59.38716,9.752327
235,47,50,0.96285080909729,57.872383,51.168095,6.7042885
235,48,50,0.7728447318077087,74.27232,52.135857,22.136467
235,49,50,0.9122359752655029,60.968304,58.209713,2.7585907
98,0,50,0.9274582862854004,67.1964,66.53091,0.6654968
98,1,50,0.9065632224082947,68.46778,64.077866,4.3899155
98,2,50,0.8382503986358643,54.28136,76.88169,22.60033
98,3,50,0.925573468208313,66.184654,73.715385,7.530731
98,4,50,0.9055091142654419,70.444954,68.94285,1.5021057
98,5,50,0.9647772312164307,70.57329,63.326603,7.246685
98,6,50,0.9229130148887634,76.6348,63.766724,12.86808
98,7,50,0.9483357667922974,74.23392,75.77157,1.5376511
98,8,50,0.9054573178291321,64.06676,76.43202,12.365265
98,9,50,0.9328173995018005,72.01656,70.46187,1.5546951
98,10,50,0.7177226543426514,85.332825,53.220814,32.11201
98,11,50,0.9588416814804077,72.64061,76.61751,3.9768982
98,12,50,0.9605239629745483,79.99109,78.26558,1.7255096
98,13,50,0.5758589506149292,74.89864,42.6781,32.220543
98,14,50,0.897197961807251,72.74657,65.956635,6.7899323
98,15,50,0.889589786529541,77.35429,60.458294,16.895992
98,16,50,0.9334916472434998,81.34167,69.62081,11.720856
98,17,50,0.9595877528190613,74.52733,66.16044,8.36689
98,18,50,0.9156271815299988,62.42913,66.12359,3.694458
98,19,50,0.9593921899795532,76.41568,67.18064,9.235039
98,20,50,0.9396072626113892,85.14623,63.92275,21.223484
98,21,50,0.871953010559082,63.772297,66.446686,2.674389
98,22,50,0.93703293800354,68.169106,64.3721,3.7970047
98,23,50,0.9162611961364746,63.721535,62.267307,1.4542274
98,24,50,0.8548464775085449,80.139565,57.222588,22.916977
98,25,50,0.8295093178749084,67.92239,64.628876,3.293518
98,26,50,0.871251106262207,76.061195,61.092667,14.968529
98,27,50,0.7969322204589844,61.157562,71.916756,10.759193
98,28,50,0.9602015614509583,75.62361,68.65044,6.973175
98,29,50,0.8240947723388672,67.10091,56.056114,11.044792
98,30,50,0.9077630043029785,76.84527,62.14057,14.704697
98,31,50,0.957849383354187,84.95254,74.029945,10.922592
98,32,50,0.9609925150871277,80.79921,75.52279,5.2764206
98,33,50,0.9531924724578857,67.07805,68.10558,1.0275345
98,34,50,0.9082668423652649,80.40906,67.134445,13.274612
98,35,50,0.836058497428894,76.17822,55.28488,20.893341
98,36,50,0.869173526763916,66.84333,66.06812,0.7752075
98,37,50,0.7679023146629333,86.30393,54.489548,31.814384
98,38,50,0.9264051914215088,75.6711,71.01403,4.6570663
98,39,50,0.9436571002006531,75.81227,70.50737,5.304901
98,40,50,0.905503511428833,64.585236,70.017365,5.432129
98,41,50,0.905819833278656,85.03837,70.067764,14.970604
98,42,50,0.7596716284751892,53.80001,70.59334,16.793327
98,43,50,0.9019649028778076,64.744965,57.234715,7.51025
98,44,50,0.923886239528656,88.344444,62.672913,25.671532
98,45,50,0.9847853183746338,80.47887,66.95929,13.519577
98,46,50,0.6967194080352783,72.92324,51.866257,21.056984
98,47,50,0.7582200765609741,56.1182,73.9472,17.828999
98,48,50,0.8853901624679565,76.27557,61.27385,15.001724
98,49,50,0.7434090375900269,69.54006,50.53241,19.007652
237,0,50,0.8504812717437744,64.546585,59.09441,5.452175
237,1,50,0.9477686882019043,53.308243,55.98419,2.675949
237,2,50,0.3543106019496918,43.3951,45.606316,2.211216
237,3,50,0.7812092304229736,43.44087,46.398453,2.9575844
237,4,50,0.8630815744400024,52.88262,67.12658,14.2439575
237,5,50,0.8174817562103271,54.02422,52.485683,1.5385361
237,6,50,0.6600381731987,54.214985,54.836178,0.62119293
237,7,50,0.6792967319488525,65.861275,45.651707,20.209568
237,8,50,0.8558031916618347,59.82687,56.49694,3.3299294
237,9,50,0.6920375823974609,67.024445,46.309254,20.71519
237,10,50,0.9017471075057983,55.493538,59.48382,3.990284
237,11,50,0.7252702116966248,58.257236,38.73408,19.523155
237,12,50,0.7922542095184326,51.633343,54.98515,3.3518066
237,13,50,0.8521069288253784,61.039783,56.44998,4.589802
237,14,50,0.883877694606781,66.49669,52.74741,13.749279
237,15,50,0.7604386806488037,48.758587,60.42548,11.666893
237,16,50,0.8366093635559082,65.432785,48.932648,16.500137
237,17,50,0.8432208299636841,69.07281,52.751385,16.321423
237,18,50,0.8780103921890259,64.78659,58.952072,5.8345184
237,19,50,0.5634727478027344,50.87308,56.618065,5.7449837
237,20,50,0.9219801425933838,58.000282,70.71182,12.71154
237,21,50,0.8419249653816223,59.956593,57.13295,2.8236427
237,22,50,0.6261173486709595,43.03797,50.419918,7.3819466
237,23,50,0.8262775540351868,62.776447,44.50382,18.272629
237,24,50,0.8282663226127625,58.620525,51.94121,6.6793137
237,25,50,0.7879242897033691,58.4353,50.676064,7.7592354
237,26,50,0.8723991513252258,66.22423,53.680927,12.543301
237,27,50,0.7832387685775757,53.46703,60.284767,6.8177376
237,28,50,0.8368422985076904,59.25343,59.029095,0.22433472
237,29,50,0.9001970291137695,57.98812,60.73526,2.747139
237,30,50,0.821797788143158,56.22255,49.986584,6.2359657
237,31,50,0.7381775379180908,56.957695,52.273563,4.6841316
237,32,50,0.8888379335403442,62.63156,51.07437,11.55719
237,33,50,0.5016539096832275,57.95713,42.92748,15.029652
237,34,50,0.8316668272018433,57.05581,63.501915,6.446106
237,35,50,0.9104702472686768,58.144154,55.174007,2.9701462
237,36,50,0.6172246336936951,42.926266,53.182755,10.256489
237,37,50,0.8102179765701294,53.51153,49.37854,4.132992
237,38,50,0.9772985577583313,63.88025,60.837162,3.043087
237,39,50,0.7552627325057983,48.578594,50.464115,1.8855209
237,40,50,0.6951591968536377,48.810783,51.012653,2.20187
237,41,50,0.8026832342147827,71.01766,54.512943,16.504719
237,42,50,0.26621049642562866,41.293682,65.34218,24.048496
237,43,50,0.5711438655853271,57.34316,44.03497,13.308189
237,44,50,0.47710609436035156,57.11485,39.959454,17.155396
237,45,50,0.5860660076141357,61.260933,40.455875,20.805058
237,46,50,0.604648232460022,47.68151,52.233105,4.551594
237,47,50,0.846873939037323,55.69444,58.763767,3.0693283
237,48,50,0.3657230734825134,63.041256,38.51612,24.525135
237,49,50,0.8782687187194824,49.989544,52.151176,2.1616325
229,0,50,0.9023634195327759,82.235634,63.741978,18.493656
229,1,50,0.943109929561615,62.068226,65.67535,3.6071205
229,2,50,0.7816477417945862,54.187656,62.624317,8.436661
229,3,50,0.9510348439216614,76.5994,64.125626,12.473778
229,4,50,0.9055454730987549,74.493904,61.247242,13.246662
229,5,50,0.9263585805892944,69.77235,62.258247,7.514099
229,6,50,0.9187933206558228,62.47393,59.71515,2.7587814
229,7,50,0.9082068800926208,76.562,63.940113,12.621883
229,8,50,0.8763338327407837,56.768955,65.319916,8.550961
229,9,50,0.9182124733924866,65.23679,54.554382,10.682411
229,10,50,0.8980997800827026,75.552956,58.798058,16.754898
229,11,50,0.9026452302932739,70.36961,62.584545,7.7850685
229,12,50,0.7656546831130981,72.05577,50.26637,21.789402
229,13,50,0.7689741849899292,49.420372,59.82492,10.404549
229,14,50,0.7918769121170044,78.24399,49.918316,28.325672
229,15,50,0.7819214463233948,55.61512,60.601326,4.986206
229,16,50,0.9078530073165894,63.00232,64.51561,1.5132904
229,17,50,0.9346022605895996,73.63694,69.17061,4.4663315
229,18,50,0.8275654315948486,70.5488,48.25947,22.289326
229,19,50,0.8084566593170166,62.754333,68.399704,5.6453705
229,20,50,0.8719379901885986,56.92932,68.480934,11.551613
229,21,50,0.8592473268508911,70.84424,54.384365,16.459873
229,22,50,0.8707166314125061,66.830986,49.0418,17.789185
229,23,50,0.8406698703765869,61.902405,51.279934,10.622471
229,24,50,0.8602521419525146,60.244324,52.75165,7.492672
229,25,50,0.8130416870117188,66.34901,47.86978,18.479225
229,26,50,0.9106027483940125,56.504726,70.597336,14.092609
229,27,50,0.8972477912902832,68.18039,61.58538,6.595009
229,28,50,0.850132405757904,52.20479,53.222675,1.0178871
229,29,50,0.9100390672683716,75.39158,61.014782,14.376797
229,30,50,0.9168643951416016,71.31418,69.02154,2.2926407
229,31,50,0.8505476117134094,50.88619,70.746544,19.860355
229,32,50,0.8904085159301758,63.46662,65.65469,2.1880722
229,33,50,0.9294298887252808,66.27631,57.351128,8.925186
229,34,50,0.8171613812446594,58.4778,62.26335,3.785553
229,35,50,0.8526785373687744,63.802143,52.385693,11.4164505
229,36,50,0.8460586071014404,71.14437,51.784134,19.360237
229,37,50,0.859647274017334,49.58805,70.10225,20.514198
229,38,50,0.9118126034736633,61.903946,75.28774,13.383797
229,39,50,0.7981829047203064,49.01642,55.48446,6.4680405
229,40,50,0.8932377099990845,63.349274,61.288418,2.0608559
229,41,50,0.8996251821517944,61.6023,59.14767,2.454628
229,42,50,0.8106631636619568,63.958958,54.98786,8.971096
229,43,50,0.9081939458847046,78.83605,59.324947,19.511105
229,44,50,0.7964720726013184,69.45658,56.360344,13.096237
229,45,50,0.599079966545105,78.04045,44.75986,33.28059
229,46,50,0.6915605664253235,62.190624,42.43182,19.758804
229,47,50,0.7822922468185425,64.54569,50.01895,14.526741
229,48,50,0.8647395968437195,60.948444,61.17571,0.2272644
229,49,50,0.8462215662002563,79.87378,55.1089,24.764881
417,0,50,0.9290163516998291,61.41325,71.344955,9.931705
417,1,50,0.656973123550415,75.4356,45.75147,29.684132
417,2,50,0.881105899810791,62.40872,59.297386,3.111332
417,3,50,0.8479219675064087,79.1138,53.5726,25.541199
417,4,50,0.8035105466842651,75.48539,52.832237,22.653152
417,5,50,0.8481247425079346,58.486935,48.836517,9.650417
417,6,50,0.8459466099739075,61.91593,51.95339,9.9625435
417,7,50,0.9136961698532104,78.52925,57.72358,20.805672
417,8,50,0.9026160836219788,76.06627,60.562233,15.504036
417,9,50,0.817387580871582,58.378708,62.66819,4.289482
417,10,50,0.8181580901145935,76.5249,48.769875,27.755028
417,11,50,0.9556029438972473,69.89985,72.945854,3.0460052
417,12,50,0.9607874155044556,73.02805,67.470566,5.5574875
417,13,50,0.9045984745025635,79.49882,61.975803,17.523014
417,14,50,0.8108615875244141,58.427853,68.064,9.63615
417,15,50,0.9527664184570312,81.0773,68.2057,12.871597
417,16,50,0.9590716361999512,70.30739,72.26457,1.9571838
417,17,50,0.649115264415741,73.72425,49.71229,24.01196
417,18,50,0.9832317233085632,87.552864,79.00372,8.549141
417,19,50,0.9248548150062561,86.32289,70.06656,16.256332
417,20,50,0.9748600125312805,80.71351,70.914185,9.799324
417,21,50,0.9207605719566345,74.16131,74.441284,0.2799759
417,22,50,0.9543339014053345,75.84175,71.13921,4.7025375
417,23,50,0.9490429759025574,83.455894,75.12195,8.333946
417,24,50,0.9450217485427856,68.172356,58.892605,9.279751
417,25,50,0.8797956705093384,88.0271,59.28591,28.741188
417,26,50,0.8457047939300537,47.9957,78.53834,30.542637
417,27,50,0.7704596519470215,55.897068,49.075676,6.821392
417,28,50,0.9346123933792114,73.798256,64.13045,9.667809
417,29,50,0.8961980938911438,76.71115,59.940773,16.770378
417,30,50,0.9337923526763916,80.98217,69.74509,11.237083
417,31,50,0.9479866027832031,72.94968,70.861725,2.0879517
417,32,50,0.7825057506561279,69.904526,42.679714,27.224812
417,33,50,0.8017987012863159,54.50451,71.05412,16.549614
417,34,50,0.9572775363922119,69.94237,73.63617,3.6938019
417,35,50,0.9616739749908447,72.980255,77.15946,4.179207
417,36,50,0.9650920033454895,76.89116,70.611534,6.279625
417,37,50,0.9366155862808228,81.796585,60.403854,21.39273
417,38,50,0.9500380158424377,81.59141,71.153,10.438408
417,39,50,0.908369779586792,71.2764,65.31429,5.962105
417,40,50,0.7730802297592163,85.09067,52.535812,32.554855
417,41,50,0.9752987027168274,75.21342,72.99942,2.213997
417,42,50,0.931473433971405,75.537796,61.901268,13.636528
417,43,50,0.9470783472061157,74.37867,65.27694,9.10173
417,44,50,0.9353728294372559,65.61576,68.24716,2.631401
417,45,50,0.9338270425796509,66.436844,71.72511,5.288269
417,46,50,0.8693457841873169,51.454548,62.89085,11.436302
417,47,50,0.9185127019882202,75.95954,59.50537,16.45417
417,48,50,0.7699318528175354,48.99065,74.18072,25.190067
417,49,50,0.9468103051185608,84.17597,66.30178,17.874191
421,0,50,0.9012625217437744,78.17456,59.66144,18.513119
421,1,50,0.8149967193603516,83.45185,66.05638,17.39547
421,2,50,0.8079873323440552,62.572285,48.616985,13.955299
421,3,50,0.7107024192810059,50.04778,48.076504,1.9712753
421,4,50,0.7976652383804321,58.4655,73.13906,14.673561
421,5,50,0.7220757603645325,46.722355,62.500458,15.778103
421,6,50,0.7434998750686646,52.148033,54.036488,1.8884544
421,7,50,0.7068354487419128,53.994457,52.171707,1.8227501
421,8,50,0.8385496735572815,64.099335,55.853054,8.246281
421,9,50,0.8806394338607788,61.573174,56.293545,5.2796288
421,10,50,0.850509524345398,59.128056,54.2096,4.918457
421,11,50,0.8745853304862976,78.267944,58.873554,19.39439
421,12,50,0.8629475831985474,70.19349,60.764435,9.429054
421,13,50,0.8586850166320801,67.429726,56.19986,11.229866
421,14,50,0.8136343359947205,69.61521,58.997147,10.618065
421,15,50,0.7955691814422607,51.80924,47.319473,4.489765
421,16,50,0.8500224351882935,60.094044,63.20107,3.1070251
421,17,50,0.8753962516784668,68.71959,52.94236,15.777229
421,18,50,0.9234700202941895,70.614876,58.968998,11.645878
421,19,50,0.8371864557266235,64.771996,52.956303,11.815693
421,20,50,0.475928395986557,43.114033,54.049694,10.935661
421,21,50,0.5239042639732361,46.34043,52.114197,5.7737656
421,22,50,0.8671005368232727,61.83604,60.502235,1.3338051
421,23,50,0.5639058947563171,53.657288,47.23049,6.426796
421,24,50,0.8569550514221191,65.2532,51.939133,13.314064
421,25,50,0.894137442111969,59.48437,63.706367,4.2219963
421,26,50,0.6182137131690979,50.37391,50.187706,0.186203
421,27,50,0.6819822788238525,66.12506,49.564262,16.560799
421,28,50,0.6089818477630615,68.75803,42.097275,26.660759
421,29,50,0.7418950796127319,64.75602,46.439056,18.316963
421,30,50,0.8331365585327148,54.079636,58.65999,4.580353
421,31,50,0.6806625723838806,52.273087,43.8168,8.456287
421,32,50,0.8420757055282593,63.05113,52.04482,11.0063095
421,33,50,0.8696098923683167,67.15642,59.542587,7.6138306
421,34,50,0.9678152799606323,70.71499,57.898315,12.816673
421,35,50,0.7763667702674866,53.356865,54.850517,1.4936523
421,36,50,0.8799471855163574,63.598534,59.53851,4.0600243
421,37,50,0.8304287195205688,76.65652,56.091343,20.565174
421,38,50,0.7733407020568848,51.6815,49.5592,2.1222992
421,39,50,0.5551334619522095,42.57127,58.654854,16.083584
421,40,50,0.6835752725601196,50.29589,56.07479,5.7789
421,41,50,0.642691433429718,64.96339,43.066708,21.896679
421,42,50,0.9232024550437927,46.83278,47.837505,1.0047264
421,43,50,0.8403148651123047,58.950783,56.090466,2.8603172
421,44,50,0.7510168552398682,68.289734,51.49179,16.797943
421,45,50,0.7734457850456238,61.469513,51.79678,9.672733
421,46,50,0.6108995676040649,52.211243,49.610737,2.6005058
421,47,50,0.8463400602340698,55.251152,54.63901,0.61214066
421,48,50,0.673790693283081,68.17718,43.4032,24.77398
421,49,50,0.7931907176971436,55.41249,46.64353,8.768959
430,0,50,0.9317641854286194,68.972115,78.95415,9.982033
430,1,50,0.9370847344398499,71.502304,70.07609,1.4262161
430,2,50,0.9519456624984741,80.65993,66.91045,13.749474
430,3,50,0.9097909927368164,66.64741,49.679253,16.968155
430,4,50,0.7660610675811768,71.21361,55.956898,15.25671
430,5,50,0.5280498266220093,66.91587,41.632175,25.283695
430,6,50,0.85098797082901,56.794563,66.747246,9.9526825
430,7,50,0.8024649620056152,81.35488,50.66218,30.6927
430,8,50,0.8993552923202515,74.20747,60.3288,13.878674
430,9,50,0.9525816440582275,80.870636,62.031586,18.83905
430,10,50,0.8586516976356506,67.85189,53.789097,14.062794
430,11,50,0.7695603370666504,57.91558,62.120117,4.2045364
430,12,50,0.8924185037612915,59.398052,67.89342,8.495365
430,13,50,0.9231137037277222,82.51754,59.91854,22.598999
430,14,50,0.649622917175293,48.73296,55.92436,7.1913986
430,15,50,0.841196596622467,61.264484,69.010056,7.745571
430,16,50,0.9605410695075989,70.3194,63.8053,6.5140953
430,17,50,0.9364652633666992,69.66137,60.584785,9.076584
430,18,50,0.9252005219459534,59.264606,68.06758,8.802975
430,19,50,0.9487345218658447,74.53241,66.25766,8.27475
430,20,50,0.9033567905426025,66.91275,58.379055,8.533695
430,21,50,0.941805362701416,59.516506,63.40117,3.8846626
430,22,50,0.3515770435333252,67.03422,38.70377,28.330448
430,23,50,0.809224009513855,90.02257,52.828762,37.193806
430,24,50,0.8789014220237732,76.39724,52.310165,24.087074
430,25,50,0.895374059677124,69.278694,53.799664,15.479031
430,26,50,0.9228203296661377,73.9086,60.840996,13.067604
430,27,50,0.8905366063117981,65.117645,55.561394,9.556252
430,28,50,0.9262763857841492,78.1437,62.017494,16.126205
430,29,50,0.9459766149520874,84.51829,69.49929,15.018997
430,30,50,0.9322347044944763,69.78224,66.09076,3.6914825
430,31,50,0.934926450252533,83.18352,65.72886,17.454659
430,32,50,0.8005584478378296,72.08684,47.23355,24.853287
430,33,50,0.8782912492752075,61.586327,56.879772,4.7065544
430,34,50,0.9310657978057861,67.171,66.22328,0.94771576
430,35,50,0.6209167242050171,61.58152,45.717037,15.864483
430,36,50,0.8622097373008728,70.09066,63.75612,6.3345413
430,37,50,0.9105560183525085,76.88151,65.85714,11.024368
430,38,50,0.9362173676490784,66.58021,70.96316,4.38295
430,39,50,0.8153287172317505,59.658936,56.66975,2.9891853
430,40,50,0.33296191692352295,40.165802,61.17769,21.011887
430,41,50,0.902981162071228,60.934536,68.97128,8.036747
430,42,50,0.8875293135643005,58.441395,53.679558,4.761837
430,43,50,0.9026072025299072,80.29723,56.2687,24.028534
430,44,50,0.928540050983429,70.2411,67.916016,2.3250809
430,45,50,0.868671715259552,56.158722,66.3791,10.220375
430,46,50,0.938401460647583,72.33711,70.69414,1.6429749
430,47,50,0.9561390280723572,71.800995,68.42954,3.3714523
430,48,50,0.9558217525482178,69.88924,69.327965,0.56127167
430,49,50,0.8502855896949768,74.08673,54.21598,19.87075
668,0,50,0.8813949823379517,60.75872,66.86448,6.1057587
668,1,50,0.9132287502288818,77.82225,57.254215,20.568035
668,2,50,0.9258325099945068,73.8933,57.88086,16.012444
668,3,50,0.9458997845649719,62.137703,68.71942,6.5817184
668,4,50,0.857718825340271,75.20372,54.8085,20.395222
668,5,50,0.9237805604934692,61.207047,73.75725,12.550201
668,6,50,0.8940674066543579,64.960625,58.29747,6.6631546
668,7,50,0.8515232801437378,67.72341,55.801544,11.921867
668,8,50,0.9012168645858765,60.03345,64.439545,4.4060936
668,9,50,0.9118518829345703,74.67693,59.333298,15.343636
668,10,50,0.8555529117584229,77.18299,48.470978,28.712013
668,11,50,0.9369199275970459,72.47854,62.49772,9.98082
668,12,50,0.9273753762245178,59.13162,72.08882,12.957203
668,13,50,0.8048059940338135,70.74548,51.44901,19.296474
668,14,50,0.9561758041381836,69.557816,61.5685,7.989315
668,15,50,0.8417612910270691,52.899544,53.145107,0.2455635
668,16,50,0.8100190162658691,74.6815,50.974094,23.707409
668,17,50,0.9599857330322266,83.88511,69.018036,14.867073
668,18,50,0.9220898747444153,59.27125,64.2892,5.017948
668,19,50,0.9217890501022339,77.005615,65.16594,11.839676
668,20,50,0.8370051383972168,84.311165,54.628323,29.682842
668,21,50,0.9248142242431641,60.053375,63.872707,3.8193321
668,22,50,0.9612641334533691,71.282845,71.151825,0.13101959
668,23,50,0.926959753036499,66.48746,67.10829,0.62083435
668,24,50,0.8987424373626709,58.500103,57.32435,1.1757545
668,25,50,0.7207356691360474,72.41527,49.285282,23.129986
668,26,50,0.8363785743713379,51.554848,63.442017,11.887169
668,27,50,0.955787181854248,72.5717,67.09611,5.4755936
668,28,50,0.9631499648094177,85.00605,69.72309,15.282959
668,29,50,0.9471499919891357,69.06735,68.58577,0.48158264
668,30,50,0.7792457342147827,82.28559,51.81364,30.47195
668,31,50,0.946692705154419,71.00933,68.16756,2.841774
668,32,50,0.9389865398406982,71.2087,65.40081,5.807892
668,33,50,0.9538823366165161,71.765015,76.14596,4.3809433
668,34,50,0.8535366058349609,53.396328,66.7816,13.385273
668,35,50,0.9223517775535583,65.760956,58.20902,7.551937
668,36,50,0.9162108302116394,61.72767,71.37584,9.64817
668,37,50,0.891730785369873,73.95016,53.448437,20.50172
668,38,50,0.9582048654556274,73.46752,77.33123,3.8637085
668,39,50,0.8509621620178223,56.137016,54.134865,2.0021515
668,40,50,0.9067884087562561,63.411938,55.855877,7.556061
668,41,50,0.9232527017593384,70.385284,65.34286,5.042427
668,42,50,0.881224513053894,67.00129,58.159565,8.841724
668,43,50,0.9510830044746399,77.24464,66.46286,10.781776
668,44,50,0.9297924041748047,67.94423,67.62798,0.31624603
668,45,50,0.8489259481430054,57.724014,61.023117,3.2991028
668,46,50,0.9306243658065796,72.31074,65.887436,6.4233017
668,47,50,0.9416952729225159,60.50989,66.55643,6.0465355
668,48,50,0.8588434457778931,60.76965,59.442028,1.3276215
668,49,50,0.9472094178199768,73.7728,63.514282,10.258514
757,0,50,0.9205290079116821,77.26184,55.87877,21.383072
757,1,50,0.7615344524383545,51.261814,52.304695,1.042881
757,2,50,0.6311166286468506,48.460674,61.132214,12.671539
757,3,50,0.7277854084968567,44.28249,67.89444,23.61195
757,4,50,0.872736394405365,49.868378,61.668476,11.800098
757,5,50,0.8696151971817017,71.006454,56.202393,14.804062
757,6,50,0.9409650564193726,82.464035,64.0588,18.405235
757,7,50,0.8436944484710693,57.912178,59.060555,1.1483765
757,8,50,0.718817949295044,73.59888,44.78404,28.814838
757,9,50,0.5916723608970642,79.820076,42.044453,37.775623
757,10,50,0.831973671913147,54.98222,62.62129,7.6390686
757,11,50,0.8940054178237915,61.506554,64.64437,3.1378174
757,12,50,0.8249889612197876,56.40401,49.281933,7.122078
757,13,50,0.8779360055923462,61.741467,67.079445,5.3379784
757,14,50,0.9445292949676514,69.80429,69.398796,0.4054947
757,15,50,0.9108420610427856,70.639366,52.76156,17.877808
757,16,50,0.9241309762001038,73.50972,60.413326,13.096394
757,17,50,0.838977575302124,72.56585,52.584705,19.981144
757,18,50,0.7748204469680786,45.199203,49.066208,3.8670044
757,19,50,0.9281532764434814,69.79787,60.26591,9.531956
757,20,50,0.8957943916320801,73.59217,56.355057,17.237114
757,21,50,0.9190472364425659,59.206623,54.84176,4.3648643
757,22,50,0.9166082143783569,76.71823,55.62724,21.090992
757,23,50,0.9053021669387817,66.28469,54.110497,12.174194
757,24,50,0.7196603417396545,51.361492,55.878227,4.516735
757,25,50,0.7292006015777588,65.033424,45.206486,19.826939
757,26,50,0.9490525126457214,66.28947,67.27396,0.98448944
757,27,50,0.9184762835502625,66.72805,68.70646,1.9784088
757,28,50,0.9221388101577759,71.26424,59.073635,12.190601
757,29,50,0.8690804243087769,76.68717,54.415558,22.271614
757,30,50,0.81821608543396,60.714607,57.6304,3.0842056
757,31,50,0.8335691690444946,54.044956,53.486828,0.55812836
757,32,50,0.9511873126029968,61.081806,59.22853,1.8532753
757,33,50,0.8381024599075317,62.24942,48.212738,14.036682
757,34,50,0.8344993591308594,54.261787,59.96306,5.701271
757,35,50,0.923774003982544,80.68286,62.10882,18.57404
757,36,50,0.8129986524581909,72.14289,50.266533,21.876358
757,37,50,0.7426410913467407,52.964,47.91343,5.0505714
757,38,50,0.7464848756790161,63.475636,46.79949,16.676144
757,39,50,0.949113667011261,78.32996,66.28936,12.040604
757,40,50,0.7564736604690552,72.38589,48.089207,24.29668
757,41,50,0.8633533716201782,81.30474,57.79639,23.50835
757,42,50,0.7318792939186096,44.442375,56.29913,11.856754
757,43,50,0.8876574039459229,72.71245,51.94465,20.7678
757,44,50,0.7852885723114014,64.94437,49.999355,14.945011
757,45,50,0.8565378785133362,58.310894,59.80712,1.4962273
757,46,50,0.9341919422149658,64.50678,62.50245,2.0043335
757,47,50,0.8320978283882141,78.423775,51.27817,27.145603
757,48,50,0.8106973171234131,54.43894,52.439457,1.9994812
757,49,50,0.7689900398254395,63.24354,51.70239,11.541153
814,0,50,0.8145853281021118,53.012505,65.51503,12.502525
814,1,50,0.8111005425453186,73.80396,53.98578,19.818184
814,2,50,0.8482005000114441,65.55829,52.014927,13.543362
814,3,50,0.8944908380508423,67.081116,59.099415,7.981701
814,4,50,0.9470794200897217,85.94261,67.14567,18.796944
814,5,50,0.9346295595169067,70.147644,76.91069,6.7630463
814,6,50,0.9187216758728027,75.722336,58.016964,17.705372
814,7,50,0.9414450526237488,70.77567,59.1786,11.597073
814,8,50,0.8142843842506409,70.556175,52.308514,18.247662
814,9,50,0.9516381025314331,74.83652,73.41316,1.4233551
814,10,50,0.9198011159896851,66.7809,62.629665,4.1512337
814,11,50,0.8379459381103516,53.905403,61.244614,7.3392105
814,12,50,0.9144392609596252,70.94022,60.85124,10.088985
814,13,50,0.8792698383331299,81.34048,63.181057,18.15942
814,14,50,0.9312105774879456,65.43992,71.16992,5.7300034
814,15,50,0.8766852021217346,79.47269,55.18053,24.292156
814,16,50,0.9166704416275024,67.040665,60.695477,6.345188
814,17,50,0.8577570915222168,56.946087,73.24673,16.30064
814,18,50,0.9412896037101746,88.66925,65.60629,23.062958
814,19,50,0.9476274847984314,63.1982,72.183815,8.985615
814,20,50,0.8916621208190918,63.2359,64.475235,1.2393341
814,21,50,0.9400702714920044,75.82106,66.01132,9.809738
814,22,50,0.9435245990753174,79.51899,67.8265,11.69249
814,23,50,0.8697986602783203,58.59862,64.48472,5.886097
814,24,50,0.8562585115432739,57.18084,66.064316,8.883476
814,25,50,0.9345712065696716,66.8256,62.336517,4.4890823
814,26,50,0.9155045747756958,77.60256,67.20798,10.394585
814,27,50,0.8017049431800842,69.03769,52.81541,16.222279
814,28,50,0.8513657450675964,73.43389,55.93916,17.494732
814,29,50,0.8561279773712158,72.85112,51.714542,21.136578
814,30,50,0.870786190032959,59.373493,68.40939,9.0359
814,31,50,0.9209895133972168,71.434006,60.91479,10.519215
814,32,50,0.7937259674072266,53.81698,51.61677,2.2002068
814,33,50,0.8316152691841125,61.246525,47.94068,13.305843
814,34,50,0.8432275056838989,58.268974,69.7526,11.483627
814,35,50,0.918099045753479,62.165974,70.415924,8.24995
814,36,50,0.9255896210670471,73.78003,74.43063,0.65060425
814,37,50,0.9053939580917358,60.017277,59.90319,0.11408615
814,38,50,0.82359778881073,73.7705,50.29193,23.478569
814,39,50,0.9361656904220581,76.18559,60.439724,15.745869
814,40,50,0.72511225938797,49.194664,61.021393,11.826729
814,41,50,0.7416472434997559,69.505104,48.2746,21.230503
814,42,50,0.8450594544410706,57.696163,54.50768,3.1884842
814,43,50,0.9055129885673523,71.59649,62.91525,8.68124
814,44,50,0.6745796799659729,64.29798,44.239166,20.058815
814,45,50,0.9253126382827759,67.20532,66.47612,0.7292023
814,46,50,0.9308116436004639,77.805,62.14177,15.663231
814,47,50,0.8712992668151855,75.30726,55.742126,19.565132
814,48,50,0.9188181161880493,83.07959,60.787045,22.292545
814,49,50,0.8978763818740845,71.340645,58.967247,12.373398
235,0,60,0.8531361222267151,56.88876,60.44312,3.5543594
235,1,60,0.8134967684745789,60.069027,51.887104,8.181923
235,2,60,0.737564206123352,49.951733,50.016468,0.06473541
235,3,60,0.8364827036857605,49.8669,58.34544,8.4785385
235,4,60,0.8226327896118164,58.653744,43.720177,14.933567
235,5,60,0.861664354801178,51.89902,53.906258,2.0072365
235,6,60,0.9142273664474487,56.70776,56.543484,0.16427612
235,7,60,0.8451453447341919,58.777252,46.3037,12.473553
235,8,60,0.8025627136230469,61.25714,46.166553,15.090588
235,9,60,0.8141096830368042,58.55376,48.109478,10.444283
235,10,60,0.8865206241607666,56.206833,49.68104,6.525791
235,11,60,0.8591097593307495,56.98961,59.880047,2.890438
235,12,60,0.8434607982635498,57.387165,59.422073,2.0349083
235,13,60,0.7857601642608643,54.446163,51.7081,2.7380638
235,14,60,0.864305853843689,57.873375,51.749756,6.123619
235,15,60,0.681067705154419,65.40108,41.54381,23.857265
235,16,60,0.7258108854293823,51.927757,50.36234,1.5654182
235,17,60,0.9209706783294678,62.182415,56.87574,5.306675
235,18,60,0.7013832330703735,53.22702,46.34761,6.87941
235,19,60,0.80322265625,68.11534,48.229073,19.886269
235,20,60,0.8246012330055237,52.98418,44.123478,8.8607025
235,21,60,0.8006169199943542,51.55202,48.004242,3.547779
235,22,60,0.886115550994873,58.672054,55.091507,3.5805473
235,23,60,0.8837401270866394,58.8091,55.07916,3.7299423
235,24,60,0.7246079444885254,40.209484,52.210384,12.0009
235,25,60,0.6597934365272522,63.768368,47.471413,16.296955
235,26,60,0.8487495183944702,61.712784,46.156647,15.556137
235,27,60,0.8806224465370178,57.78585,54.89898,2.8868713
235,28,60,0.8518043756484985,47.29136,54.85435,7.562992
235,29,60,0.7920894622802734,44.510868,48.707695,4.196827
235,30,60,0.8459353446960449,48.103413,46.01404,2.0893707
235,31,60,0.820975661277771,56.9142,44.734997,12.179203
235,32,60,0.7957817316055298,51.775818,52.243046,0.46722794
235,33,60,0.7558825612068176,51.153194,47.186726,3.9664688
235,34,60,0.8196749687194824,51.87734,59.468563,7.5912247
235,35,60,0.8381158709526062,53.550236,55.6216,2.0713654
235,36,60,0.8650883436203003,49.972507,49.435326,0.53718185
235,37,60,0.8854765295982361,52.80172,59.150528,6.3488083
235,38,60,0.8457918763160706,53.13188,55.490917,2.3590355
235,39,60,0.8003363609313965,58.34427,48.162823,10.181446
235,40,60,0.8895511627197266,54.056072,53.2006,0.85547256
235,41,60,0.8496818542480469,51.555656,58.722397,7.1667404
235,42,60,0.7102216482162476,53.750576,44.518253,9.232323
235,43,60,0.6675429344177246,62.81697,43.401993,19.414978
235,44,60,0.5267668962478638,63.57467,39.63376,23.94091
235,45,60,0.8614168763160706,53.48503,51.982376,1.502655
235,46,60,0.8971706628799438,69.13949,56.216488,12.923
235,47,60,0.9289089441299438,57.872383,50.62432,7.248062
235,48,60,0.7916643619537354,74.27232,51.526115,22.746208
235,49,60,0.8838041424751282,60.968304,52.59323,8.3750725
98,0,60,0.9104810953140259,67.1964,62.82945,4.366955
98,1,60,0.8850471377372742,68.46778,62.752644,5.7151375
98,2,60,0.8337020874023438,54.28136,69.27192,14.990559
98,3,60,0.9364219903945923,66.184654,62.95954,3.225113
98,4,60,0.8840288519859314,70.444954,63.429173,7.0157814
98,5,60,0.9633971452713013,70.57329,62.510414,8.062874
98,6,60,0.9174229502677917,76.6348,61.93024,14.704563
98,7,60,0.9397780299186707,74.23392,75.3168,1.0828857
98,8,60,0.8970915079116821,64.06676,71.0714,7.0046463
98,9,60,0.943349301815033,72.01656,72.69078,0.6742172
98,10,60,0.7573398351669312,85.332825,51.362045,33.97078
98,11,60,0.9467595815658569,72.64061,66.94013,5.7004776
98,12,60,0.9579868912696838,79.99109,73.716255,6.2748337
98,13,60,0.684203028678894,74.89864,44.31835,30.580292
98,14,60,0.898491621017456,72.74657,73.01416,0.26759338
98,15,60,0.8982376456260681,77.35429,66.43346,10.92083
98,16,60,0.9253832697868347,81.34167,68.06977,13.271896
98,17,60,0.8868482112884521,74.52733,55.35656,19.170769
98,18,60,0.9077154397964478,62.42913,59.872505,2.5566254
98,19,60,0.9374493360519409,76.41568,61.508087,14.907593
98,20,60,0.9320439696311951,85.14623,58.870247,26.275986
98,21,60,0.8057156801223755,63.772297,55.893112,7.8791847
98,22,60,0.9403442144393921,68.169106,62.38146,5.7876472
98,23,60,0.8812804222106934,63.721535,56.397007,7.3245277
98,24,60,0.8163909912109375,80.139565,54.04877,26.090794
98,25,60,0.8354014158248901,67.92239,58.26929,9.653103
98,26,60,0.8990404605865479,76.061195,63.768444,12.292751
98,27,60,0.8024336695671082,61.157562,69.25287,8.095306
98,28,60,0.9606366157531738,75.62361,67.63489,7.9887238
98,29,60,0.808137059211731,67.10091,55.17458,11.926327
98,30,60,0.7006055116653442,76.84527,47.744415,29.100853
98,31,60,0.9449114203453064,84.95254,75.938705,9.013832
98,32,60,0.8768888115882874,80.79921,64.745285,16.053925
98,33,60,0.9184301495552063,67.07805,55.83727,11.24078
98,34,60,0.890963613986969,80.40906,75.654274,4.7547836
98,35,60,0.8014507293701172,76.17822,53.198086,22.980137
98,36,60,0.8660920858383179,66.84333,62.826626,4.0167046
98,37,60,0.8927363157272339,86.30393,64.21371,22.090225
98,38,60,0.9451158046722412,75.6711,75.22982,0.44127655
98,39,60,0.940151035785675,75.81227,71.23149,4.58078
98,40,60,0.8947358727455139,64.585236,62.616543,1.9686928
98,41,60,0.9334525465965271,85.03837,74.763885,10.274483
98,42,60,0.775150716304779,53.80001,56.70594,2.9059296
98,43,60,0.9262056350708008,64.744965,61.50732,3.2376442
98,44,60,0.9245381951332092,88.344444,66.53607,21.808372
98,45,60,0.9697056412696838,80.47887,63.727463,16.751404
98,46,60,0.7082229852676392,72.92324,48.715763,24.207478
98,47,60,0.753969669342041,56.1182,61.659428,5.5412292
98,48,60,0.8913907408714294,76.27557,58.99497,17.280605
98,49,60,0.7433557510375977,69.54006,49.60279,19.937271
237,0,60,0.861351728439331,64.546585,60.457508,4.089077
237,1,60,0.9407974481582642,53.308243,56.066967,2.7587242
237,2,60,0.3159716725349426,43.3951,44.603004,1.2079048
237,3,60,0.7572667598724365,43.44087,49.765484,6.3246155
237,4,60,0.8503682613372803,52.88262,61.444275,8.561653
237,5,60,0.8204324841499329,54.02422,52.23778,1.786438
237,6,60,0.6794208288192749,54.214985,58.807472,4.5924873
237,7,60,0.6411636471748352,65.861275,43.138466,22.722809
237,8,60,0.8367313146591187,59.82687,56.296852,3.5300179
237,9,60,0.6872345805168152,67.024445,45.79102,21.233425
237,10,60,0.8665850758552551,55.493538,52.260033,3.2335052
237,11,60,0.7792643308639526,58.257236,44.009567,14.247669
237,12,60,0.775679349899292,51.633343,54.908424,3.2750816
237,13,60,0.8703847527503967,61.039783,60.66593,0.37385178
237,14,60,0.865082859992981,66.49669,51.438187,15.058502
237,15,60,0.7406586408615112,48.758587,56.307297,7.54871
237,16,60,0.839692234992981,65.432785,47.138878,18.293907
237,17,60,0.8634812831878662,69.07281,55.9848,13.088009
237,18,60,0.8222925662994385,64.78659,54.807934,9.978657
237,19,60,0.5612471103668213,50.87308,56.37415,5.501068
237,20,60,0.9185848236083984,58.000282,67.95813,9.957848
237,21,60,0.8300133943557739,59.956593,55.273872,4.68272
237,22,60,0.6293935775756836,43.03797,51.42661,8.388638
237,23,60,0.7945187091827393,62.776447,45.116714,17.659733
237,24,60,0.8547889590263367,58.620525,52.727818,5.892708
237,25,60,0.7027347087860107,58.4353,50.7821,7.6531982
237,26,60,0.8321274518966675,66.22423,47.721573,18.502655
237,27,60,0.7983201742172241,53.46703,59.668697,6.201668
237,28,60,0.816091001033783,59.25343,54.54965,4.703781
237,29,60,0.8876439332962036,57.98812,55.79685,2.1912727
237,30,60,0.8063023090362549,56.22255,54.048313,2.1742363
237,31,60,0.7394547462463379,56.957695,51.279423,5.6782722
237,32,60,0.8838501572608948,62.63156,53.52805,9.103512
237,33,60,0.5574501156806946,57.95713,43.916325,14.040806
237,34,60,0.8327300548553467,57.05581,56.873077,0.18273163
237,35,60,0.9001595973968506,58.144154,52.31862,5.825535
237,36,60,0.6187235116958618,42.926266,51.43023,8.503963
237,37,60,0.8181450366973877,53.51153,54.158913,0.6473808
237,38,60,0.9363468289375305,63.88025,52.347645,11.532604
237,39,60,0.7202594876289368,48.578594,48.55668,0.021915436
237,40,60,0.7093378305435181,48.810783,46.190933,2.6198502
237,41,60,0.7857927083969116,71.01766,52.774803,18.242859
237,42,60,0.2781749963760376,41.293682,64.10304,22.80936
237,43,60,0.5780653953552246,57.34316,43.279613,14.063545
237,44,60,0.47296008467674255,57.11485,42.499844,14.6150055
237,45,60,0.7278910875320435,61.260933,43.721672,17.53926
237,46,60,0.5535552501678467,47.68151,46.695126,0.98638535
237,47,60,0.8579355478286743,55.69444,58.329506,2.635067
237,48,60,0.4824417233467102,63.041256,38.01174,25.029514
237,49,60,0.880276083946228,49.989544,57.18406,7.194515
229,0,60,0.8732060194015503,82.235634,62.981743,19.253891
229,1,60,0.9396066665649414,62.068226,64.00484,1.9366112
229,2,60,0.7448367476463318,54.187656,55.088085,0.9004288
229,3,60,0.947504997253418,76.5994,62.98036,13.619045
229,4,60,0.9121208786964417,74.493904,58.95342,15.540485
229,5,60,0.9399698972702026,69.77235,64.2486,5.5237503
229,6,60,0.8475230932235718,62.47393,53.27703,9.196899
229,7,60,0.8918006420135498,76.562,58.873318,17.688679
229,8,60,0.8646658658981323,56.768955,62.57887,5.8099136
229,9,60,0.9033486843109131,65.23679,52.539825,12.696968
229,10,60,0.8821641206741333,75.552956,56.419083,19.133873
229,11,60,0.8901112079620361,70.36961,60.456486,9.913128
229,12,60,0.8002225756645203,72.05577,56.52087,15.534901
229,13,60,0.7914609313011169,49.420372,63.65143,14.231056
229,14,60,0.8799716234207153,78.24399,53.90633,24.337658
229,15,60,0.7814559936523438,55.61512,54.985584,0.6295357
229,16,60,0.9137132167816162,63.00232,64.65305,1.650734
229,17,60,0.9286035299301147,73.63694,66.31336,7.323578
229,18,60,0.7482399940490723,70.5488,43.03502,27.513779
229,19,60,0.814362645149231,62.754333,69.02293,6.268593
229,20,60,0.8739664554595947,56.92932,70.2451,13.315781
229,21,60,0.8478047847747803,70.84424,52.248734,18.595505
229,22,60,0.8915036916732788,66.830986,50.755917,16.07507
229,23,60,0.655726432800293,61.902405,46.82134,15.081066
229,24,60,0.8032926321029663,60.244324,49.587055,10.657269
229,25,60,0.7997535467147827,66.34901,48.990467,17.35854
229,26,60,0.8911803960800171,56.504726,55.508507,0.99621964
229,27,60,0.9056470394134521,68.18039,61.016655,7.1637344
229,28,60,0.819683313369751,52.20479,51.368835,0.83595276
229,29,60,0.8940296173095703,75.39158,54.637955,20.753624
229,30,60,0.9204895496368408,71.31418,69.848495,1.465683
229,31,60,0.848320722579956,50.88619,65.70829,14.822102
229,32,60,0.87485671043396,63.46662,60.38787,3.0787506
229,33,60,0.9256397485733032,66.27631,57.81279,8.463524
229,34,60,0.8315504789352417,58.4778,62.561646,4.083847
229,35,60,0.8356679677963257,63.802143,48.474148,15.327995
229,36,60,0.8234707117080688,71.14437,50.54161,20.60276
229,37,60,0.871686577796936,49.58805,64.23594,14.647888
229,38,60,0.9141758680343628,61.903946,67.423485,5.519539
229,39,60,0.7905519008636475,49.01642,55.32919,6.312771
229,40,60,0.8875078558921814,63.349274,61.13224,2.2170334
229,41,60,0.9015254974365234,61.6023,62.01996,0.41765976
229,42,60,0.7939537763595581,63.958958,51.762035,12.196922
229,43,60,0.787043571472168,78.83605,47.065872,31.77018
229,44,60,0.8591686487197876,69.45658,60.089363,9.367218
229,45,60,0.38903123140335083,78.04045,41.079796,36.960655
229,46,60,0.5331077575683594,62.190624,40.19662,21.994003
229,47,60,0.8046364784240723,64.54569,50.33199,14.213703
229,48,60,0.856952965259552,60.948444,58.761456,2.1869888
229,49,60,0.8586068153381348,79.87378,56.206238,23.667542
417,0,60,0.9298221468925476,61.41325,72.498695,11.085445
417,1,60,0.6079751253128052,75.4356,43.71536,31.720242
417,2,60,0.8994230628013611,62.40872,62.22321,0.18550873
417,3,60,0.9235482811927795,79.1138,57.5625,21.5513
417,4,60,0.9321739673614502,75.48539,59.806236,15.679153
417,5,60,0.7749465703964233,58.486935,44.301754,14.185181
417,6,60,0.8243806958198547,61.91593,50.39641,11.51952
417,7,60,0.8740346431732178,78.52925,49.83987,28.68938
417,8,60,0.8725589513778687,76.06627,58.399956,17.666313
417,9,60,0.797976016998291,58.378708,62.83215,4.4534416
417,10,60,0.8230503797531128,76.5249,51.81453,24.710373
417,11,60,0.9395656585693359,69.89985,60.983925,8.915924
417,12,60,0.9586166739463806,73.02805,67.19545,5.8326035
417,13,60,0.8329983949661255,79.49882,57.07539,22.423428
417,14,60,0.8095422387123108,58.427853,63.165375,4.737522
417,15,60,0.9324128031730652,81.0773,67.36709,13.710213
417,16,60,0.955640971660614,70.30739,72.52329,2.2159042
417,17,60,0.6855518221855164,73.72425,44.25811,29.46614
417,18,60,0.9693093299865723,87.552864,73.38681,14.166054
417,19,60,0.9307770133018494,86.32289,65.93351,20.389381
417,20,60,0.9698534607887268,80.71351,72.27284,8.440666
417,21,60,0.9165634512901306,74.16131,70.23088,3.9304276
417,22,60,0.9402255415916443,75.84175,62.243565,13.5981865
417,23,60,0.9403453469276428,83.455894,68.34063,15.115265
417,24,60,0.8983441591262817,68.172356,50.38289,17.789467
417,25,60,0.8894026875495911,88.0271,64.5182,23.508896
417,26,60,0.8446391820907593,47.9957,71.4981,23.5024
417,27,60,0.7381789684295654,55.897068,48.171383,7.725685
417,28,60,0.9444407224655151,73.798256,66.46395,7.334305
417,29,60,0.9067049622535706,76.71115,62.028812,14.682339
417,30,60,0.9420223832130432,80.98217,74.32838,6.6537933
417,31,60,0.9376813173294067,72.94968,70.55189,2.397789
417,32,60,0.735177755355835,69.904526,41.088936,28.81559
417,33,60,0.8121787309646606,54.50451,68.70844,14.203934
417,34,60,0.9551039934158325,69.94237,73.547325,3.6049576
417,35,60,0.9653277397155762,72.980255,74.02653,1.0462723
417,36,60,0.9635387659072876,76.89116,69.05918,7.831978
417,37,60,0.9250253438949585,81.796585,57.958023,23.838562
417,38,60,0.9429799914360046,81.59141,65.51122,16.080185
417,39,60,0.9028195142745972,71.2764,63.615303,7.6610947
417,40,60,0.7634027004241943,85.09067,57.81459,27.276077
417,41,60,0.9723394513130188,75.21342,68.403305,6.810112
417,42,60,0.8855204582214355,75.537796,55.265873,20.271923
417,43,60,0.9200425148010254,74.37867,62.446537,11.932133
417,44,60,0.9310715198516846,65.61576,61.375816,4.2399445
417,45,60,0.9317144155502319,66.436844,68.88383,2.4469833
417,46,60,0.7943789958953857,51.454548,57.004707,5.5501595
417,47,60,0.9423941969871521,75.95954,62.05332,13.9062195
417,48,60,0.7687501907348633,48.99065,72.27266,23.28201
417,49,60,0.931145966053009,84.17597,62.83253,21.343441
421,0,60,0.900301456451416,78.17456,60.209568,17.964993
421,1,60,0.7902109026908875,83.45185,58.274963,25.176888
421,2,60,0.7703053951263428,62.572285,45.2839,17.288383
421,3,60,0.7059272527694702,50.04778,48.476677,1.5711021
421,4,60,0.8014767169952393,58.4655,68.10869,9.643188
421,5,60,0.7293401956558228,46.722355,54.507023,7.784668
421,6,60,0.7198249697685242,52.148033,50.602947,1.5450859
421,7,60,0.684837818145752,53.994457,49.45089,4.5435677
421,8,60,0.8405135869979858,64.099335,54.6969,9.402435
421,9,60,0.8558242321014404,61.573174,54.03227,7.540905
421,10,60,0.8291768431663513,59.128056,51.921314,7.2067413
421,11,60,0.8834685683250427,78.267944,59.712185,18.55576
421,12,60,0.8244031667709351,70.19349,58.31748,11.876011
421,13,60,0.8146030902862549,67.429726,50.749977,16.679749
421,14,60,0.7905580997467041,69.61521,56.887615,12.727596
421,15,60,0.7658566236495972,51.80924,46.216434,5.592804
421,16,60,0.8226842880249023,60.094044,58.6731,1.4209442
421,17,60,0.7905364036560059,68.71959,49.665447,19.054142
421,18,60,0.8938940763473511,70.614876,54.159393,16.455482
421,19,60,0.8841590285301208,64.771996,52.91702,11.854977
421,20,60,0.4736466407775879,43.114033,52.711304,9.597271
421,21,60,0.5204707980155945,46.34043,49.60697,3.2665405
421,22,60,0.867707371711731,61.83604,56.256187,5.579853
421,23,60,0.5718406438827515,53.657288,44.994755,8.662533
421,24,60,0.8361170887947083,65.2532,47.970875,17.282322
421,25,60,0.8905261754989624,59.48437,63.08679,3.602417
421,26,60,0.6016302108764648,50.37391,46.109943,4.2639656
421,27,60,0.651052713394165,66.12506,47.72904,18.396023
421,28,60,0.5755809545516968,68.75803,40.72535,28.032684
421,29,60,0.6082096695899963,64.75602,40.150787,24.605232
421,30,60,0.8258253335952759,54.079636,57.422905,3.3432693
421,31,60,0.7200616002082825,52.273087,46.08788,6.1852074
421,32,60,0.8249988555908203,63.05113,48.304577,14.7465515
421,33,60,0.8469206690788269,67.15642,51.048546,16.107872
421,34,60,0.9678950309753418,70.71499,60.232483,10.482506
421,35,60,0.7661543488502502,53.356865,51.920948,1.4359169
421,36,60,0.8613556027412415,63.598534,55.225227,8.373306
421,37,60,0.7879321575164795,76.65652,50.26333,26.393188
421,38,60,0.755934476852417,51.6815,45.62403,6.0574684
421,39,60,0.5578207969665527,42.57127,57.04149,14.470219
421,40,60,0.6486090421676636,50.29589,48.865437,1.4304543
421,41,60,0.670557975769043,64.96339,45.02401,19.939377
421,42,60,0.8178766965866089,46.83278,44.07416,2.7586174
421,43,60,0.8289939165115356,58.950783,53.97537,4.9754143
421,44,60,0.6727522611618042,68.289734,47.047924,21.24181
421,45,60,0.7896873950958252,61.469513,51.10112,10.368393
421,46,60,0.5991910696029663,52.211243,50.67986,1.5313835
421,47,60,0.8429660797119141,55.251152,57.317677,2.0665245
421,48,60,0.4995249807834625,68.17718,40.53174,27.64544
421,49,60,0.8310874104499817,55.41249,49.305946,6.1065445
430,0,60,0.9262981414794922,68.972115,72.73976,3.7676468
430,1,60,0.9271944165229797,71.502304,64.81217,6.690132
430,2,60,0.9237402081489563,80.65993,64.75276,15.907166
430,3,60,0.843776524066925,66.64741,45.836372,20.811035
430,4,60,0.6334478259086609,71.21361,46.128742,25.084866
430,5,60,0.7450811862945557,66.91587,49.609413,17.306458
430,6,60,0.8496954441070557,56.794563,61.831272,5.036709
430,7,60,0.8981736302375793,81.35488,54.272835,27.082047
430,8,60,0.8962316513061523,74.20747,58.305813,15.901661
430,9,60,0.9471770524978638,80.870636,61.026955,19.843681
430,10,60,0.8592166304588318,67.85189,52.37788,15.47401
430,11,60,0.7652853727340698,57.91558,60.567688,2.6521072
430,12,60,0.8935167789459229,59.398052,64.45833,5.060276
430,13,60,0.9018607139587402,82.51754,58.640594,23.876945
430,14,60,0.6386094093322754,48.73296,60.30993,11.576969
430,15,60,0.8412865400314331,61.264484,64.61543,3.3509483
430,16,60,0.9459768533706665,70.3194,59.65301,10.666386
430,17,60,0.9403126835823059,69.66137,64.08626,5.5751114
430,18,60,0.9179223775863647,59.264606,75.73476,16.47015
430,19,60,0.9187257289886475,74.53241,54.400322,20.132088
430,20,60,0.8851312398910522,66.91275,55.28743,11.62532
430,21,60,0.9307984113693237,59.516506,67.57856,8.062054
430,22,60,0.33644527196884155,67.03422,39.036346,27.997871
430,23,60,0.6678706407546997,90.02257,49.269806,40.75276
430,24,60,0.921555757522583,76.39724,61.115154,15.282085
430,25,60,0.8970494270324707,69.278694,56.007603,13.271091
430,26,60,0.8936923742294312,73.9086,54.342567,19.566032
430,27,60,0.8854259252548218,65.117645,56.045406,9.072239
430,28,60,0.9048676490783691,78.1437,56.85192,21.291779
430,29,60,0.9033064842224121,84.51829,59.25039,25.267899
430,30,60,0.9300023317337036,69.78224,61.936066,7.846176
430,31,60,0.9013242721557617,83.18352,58.14791,25.035606
430,32,60,0.6350386142730713,72.08684,41.55428,30.532558
430,33,60,0.8486990332603455,61.586327,54.90865,6.677677
430,34,60,0.9212782979011536,67.171,69.84716,2.6761627
430,35,60,0.5267782211303711,61.58152,44.70941,16.872108
430,36,60,0.8941912651062012,70.09066,65.64459,4.446068
430,37,60,0.8905326128005981,76.88151,57.806305,19.075203
430,38,60,0.9281129837036133,66.58021,69.27178,2.691574
430,39,60,0.8106188774108887,59.658936,55.75859,3.9003448
430,40,60,0.37081849575042725,40.165802,53.001984,12.836182
430,41,60,0.8801276683807373,60.934536,60.435337,0.4991989
430,42,60,0.8936243057250977,58.441395,54.55964,3.8817558
430,43,60,0.91847825050354,80.29723,60.897636,19.399597
430,44,60,0.8941722512245178,70.2411,58.76571,11.475388
430,45,60,0.8892551064491272,56.158722,61.25817,5.099449
430,46,60,0.9379738569259644,72.33711,70.41023,1.9268799
430,47,60,0.9491438269615173,71.800995,64.40712,7.393875
430,48,60,0.953850507736206,69.88924,71.10801,1.2187729
430,49,60,0.6785761117935181,74.08673,47.053963,27.032768
668,0,60,0.879871129989624,60.75872,64.11177,3.3530502
668,1,60,0.8817389011383057,77.82225,54.668633,23.153618
668,2,60,0.8605785369873047,73.8933,52.393364,21.499939
668,3,60,0.9423217177391052,62.137703,61.736584,0.40111923
668,4,60,0.8848979473114014,75.20372,55.16161,20.04211
668,5,60,0.9273535013198853,61.207047,65.80624,4.5991898
668,6,60,0.8849139213562012,64.960625,52.942978,12.017647
668,7,60,0.791314423084259,67.72341,51.230137,16.493275
668,8,60,0.9037830829620361,60.03345,61.888615,1.8551636
668,9,60,0.9102869033813477,74.67693,58.79993,15.877003
668,10,60,0.8601078987121582,77.18299,54.20349,22.9795
668,11,60,0.9285080432891846,72.47854,59.129883,13.348656
668,12,60,0.9394895434379578,59.13162,67.722404,8.590786
668,13,60,0.8081754446029663,70.74548,53.388355,17.357128
668,14,60,0.9546307325363159,69.557816,68.298546,1.2592697
668,15,60,0.8228140473365784,52.899544,53.70327,0.8037262
668,16,60,0.844840407371521,74.6815,54.275673,20.40583
668,17,60,0.9214035868644714,83.88511,57.445385,26.439724
668,18,60,0.916712760925293,59.27125,60.87528,1.6040268
668,19,60,0.9220632910728455,77.005615,67.016624,9.988991
668,20,60,0.7849639654159546,84.311165,50.89863,33.412537
668,21,60,0.9240041971206665,60.053375,63.29183,3.238453
668,22,60,0.934627890586853,71.282845,66.5281,4.7547455
668,23,60,0.9333577156066895,66.48746,61.91947,4.5679855
668,24,60,0.895768404006958,58.500103,61.071625,2.5715218
668,25,60,0.7241263389587402,72.41527,47.650513,24.764755
668,26,60,0.8312986493110657,51.554848,56.489357,4.9345093
668,27,60,0.9536052942276001,72.5717,64.39674,8.174957
668,28,60,0.9631972908973694,85.00605,71.86909,13.136963
668,29,60,0.9413686990737915,69.06735,65.8773,3.1900558
668,30,60,0.8039642572402954,82.28559,51.540295,30.745296
668,31,60,0.9032535552978516,71.00933,56.35619,14.653141
668,32,60,0.9296592473983765,71.2087,57.466213,13.742489
668,33,60,0.9515863656997681,71.765015,75.917725,4.15271
668,34,60,0.8353539705276489,53.396328,67.74457,14.34824
668,35,60,0.8964309096336365,65.760956,53.15055,12.610405
668,36,60,0.9178910255432129,61.72767,68.591965,6.864296
668,37,60,0.8871959447860718,73.95016,54.093025,19.857132
668,38,60,0.9550021290779114,73.46752,78.82173,5.35421
668,39,60,0.8226791024208069,56.137016,52.41383,3.7231865
668,40,60,0.8944503664970398,63.411938,53.362568,10.04937
668,41,60,0.9046893119812012,70.385284,60.81757,9.567715
668,42,60,0.8377805352210999,67.00129,53.586697,13.414593
668,43,60,0.9356932640075684,77.24464,67.74162,9.503014
668,44,60,0.9063459634780884,67.94423,61.76881,6.175419
668,45,60,0.8429328203201294,57.724014,60.47671,2.752697
668,46,60,0.9347443580627441,72.31074,61.16018,11.150558
668,47,60,0.9302104711532593,60.50989,56.589214,3.9206772
668,48,60,0.8614600300788879,60.76965,65.22542,4.4557686
668,49,60,0.9089056849479675,73.7728,54.198673,19.574123
757,0,60,0.8871244192123413,77.26184,55.96405,21.29779
757,1,60,0.7740587592124939,51.261814,48.93923,2.3225822
757,2,60,0.6182368397712708,48.460674,55.179268,6.7185936
757,3,60,0.7723212242126465,44.28249,55.22043,10.937939
757,4,60,0.8691190481185913,49.868378,57.515034,7.646656
757,5,60,0.8188952207565308,71.006454,52.583786,18.422668
757,6,60,0.9275083541870117,82.464035,64.911064,17.55297
757,7,60,0.8313759565353394,57.912178,52.955963,4.956215
757,8,60,0.7259129285812378,73.59888,48.468494,25.130383
757,9,60,0.6274365186691284,79.820076,44.780617,35.03946
757,10,60,0.8340868949890137,54.98222,58.12617,3.1439514
757,11,60,0.8891302943229675,61.506554,57.076145,4.4304085
757,12,60,0.8252875804901123,56.40401,48.60202,7.8019905
757,13,60,0.8662342429161072,61.741467,58.815166,2.9263
757,14,60,0.9243608713150024,69.80429,64.64191,5.162384
757,15,60,0.8974094986915588,70.639366,52.2595,18.379868
757,16,60,0.9066245555877686,73.50972,59.02101,14.4887085
757,17,60,0.7750188112258911,72.56585,50.341866,22.223984
757,18,60,0.785778284072876,45.199203,51.79651,6.5973053
757,19,60,0.9021890163421631,69.79787,54.256756,15.541111
757,20,60,0.8868384957313538,73.59217,57.05449,16.537682
757,21,60,0.8921079635620117,59.206623,50.912308,8.294315
757,22,60,0.9232339262962341,76.71823,59.188858,17.529373
757,23,60,0.8708095550537109,66.28469,52.744843,13.539848
757,24,60,0.7279951572418213,51.361492,53.281807,1.9203148
757,25,60,0.7403138279914856,65.033424,47.332302,17.701122
757,26,60,0.9341888427734375,66.28947,60.74102,5.5484467
757,27,60,0.9012696743011475,66.72805,63.912437,2.8156128
757,28,60,0.9227924346923828,71.26424,59.173252,12.090984
757,29,60,0.8447734117507935,76.68717,54.02834,22.658833
757,30,60,0.8361266851425171,60.714607,55.30981,5.4047966
757,31,60,0.8344697952270508,54.044956,49.032734,5.0122223
757,32,60,0.9274297952651978,61.081806,56.64526,4.4365463
757,33,60,0.805869460105896,62.24942,52.537254,9.712166
757,34,60,0.8354814052581787,54.261787,58.328407,4.06662
757,35,60,0.9276845455169678,80.68286,61.069267,19.613594
757,36,60,0.7914962768554688,72.14289,47.517612,24.625278
757,37,60,0.7835606932640076,52.964,48.819008,4.144993
757,38,60,0.7279366254806519,63.475636,50.335117,13.140518
757,39,60,0.9070783853530884,78.32996,53.989834,24.34013
757,40,60,0.7732936143875122,72.38589,46.618416,25.767471
757,41,60,0.8831421136856079,81.30474,63.163727,18.141014
757,42,60,0.7218323945999146,44.442375,51.650738,7.2083626
757,43,60,0.8935471773147583,72.71245,53.918972,18.793476
757,44,60,0.7598047256469727,64.94437,48.997215,15.947151
757,45,60,0.8256629705429077,58.310894,54.65397,3.6569252
757,46,60,0.9107635021209717,64.50678,53.819897,10.686886
757,47,60,0.8254625797271729,78.423775,50.671257,27.752518
757,48,60,0.8176670670509338,54.43894,48.10923,6.329708
757,49,60,0.7552872896194458,63.24354,50.133133,13.110409
814,0,60,0.8258817195892334,53.012505,64.06486,11.052353
814,1,60,0.8305613994598389,73.80396,51.32607,22.477894
814,2,60,0.7811379432678223,65.55829,49.857224,15.701065
814,3,60,0.8967320919036865,67.081116,57.048603,10.032513
814,4,60,0.9435439109802246,85.94261,64.4338,21.508812
814,5,60,0.9323047995567322,70.147644,70.35678,0.20913696
814,6,60,0.8854014873504639,75.722336,55.484737,20.237598
814,7,60,0.9390919208526611,70.77567,63.009506,7.7661667
814,8,60,0.8373979926109314,70.556175,55.665684,14.8904915
814,9,60,0.9390770196914673,74.83652,68.612785,6.223732
814,10,60,0.9153534770011902,66.7809,59.396515,7.384384
814,11,60,0.8119092583656311,53.905403,59.346104,5.4407005
814,12,60,0.8812929391860962,70.94022,56.103752,14.836472
814,13,60,0.8784651756286621,81.34048,62.10642,19.234058
814,14,60,0.9215900301933289,65.43992,69.7078,4.2678833
814,15,60,0.8630979657173157,79.47269,54.19088,25.281807
814,16,60,0.8968424201011658,67.040665,56.353065,10.687599
814,17,60,0.8520473837852478,56.946087,67.73399,10.787907
814,18,60,0.9141839146614075,88.66925,60.27562,28.393631
814,19,60,0.9487273097038269,63.1982,65.25114,2.0529366
814,20,60,0.8917534947395325,63.2359,63.087196,0.14870453
814,21,60,0.9189466238021851,75.82106,62.482063,13.338997
814,22,60,0.9514549970626831,79.51899,68.30137,11.217621
814,23,60,0.8606041669845581,58.59862,59.300156,0.7015343
814,24,60,0.8490233421325684,57.18084,66.169624,8.988785
814,25,60,0.9321224689483643,66.8256,62.93209,3.893509
814,26,60,0.936962366104126,77.60256,65.82237,11.7801895
814,27,60,0.8492028117179871,69.03769,51.054504,17.983185
814,28,60,0.814946174621582,73.43389,53.09516,20.33873
814,29,60,0.8779319524765015,72.85112,56.973442,15.877678
814,30,60,0.8553896546363831,59.373493,63.177925,3.804432
814,31,60,0.8912485837936401,71.434006,55.394512,16.039494
814,32,60,0.7929370403289795,53.81698,50.773438,3.043541
814,33,60,0.8589411973953247,61.246525,50.42873,10.817795
814,34,60,0.8461027145385742,58.268974,66.2322,7.9632263
814,35,60,0.9240788817405701,62.165974,76.82696,14.660984
814,36,60,0.9197807312011719,73.78003,68.43293,5.3470993
814,37,60,0.8902934789657593,60.017277,64.846725,4.8294487
814,38,60,0.8022043108940125,73.7705,53.57846,20.19204
814,39,60,0.925510585308075,76.18559,61.265472,14.92012
814,40,60,0.7053360939025879,49.194664,59.960953,10.766289
814,41,60,0.8062083125114441,69.505104,52.4805,17.024605
814,42,60,0.7977883815765381,57.696163,57.657665,0.038497925
814,43,60,0.9232244491577148,71.59649,59.21986,12.376629
814,44,60,0.7426222562789917,64.29798,47.44652,16.85146
814,45,60,0.8839008808135986,67.20532,60.63139,6.5739326
814,46,60,0.9426110982894897,77.805,65.69057,12.114433
814,47,60,0.8682899475097656,75.30726,53.43519,21.87207
814,48,60,0.9535388946533203,83.07959,71.49363,11.58596
814,49,60,0.9175201058387756,71.340645,63.94858,7.392063
235,0,70,0.7902867794036865,56.88876,55.659275,1.2294846
235,1,70,0.7919962406158447,60.069027,55.594135,4.4748917
235,2,70,0.7252985835075378,49.951733,49.163933,0.78779984
235,3,70,0.8225847482681274,49.8669,54.349762,4.4828606
235,4,70,0.7231276035308838,58.653744,42.084282,16.569462
235,5,70,0.8506821393966675,51.89902,55.491783,3.592762
235,6,70,0.9021034240722656,56.70776,51.607162,5.1005974
235,7,70,0.823201596736908,58.777252,45.000168,13.777084
235,8,70,0.8486815690994263,61.25714,51.32063,9.936512
235,9,70,0.808706521987915,58.55376,50.380337,8.173424
235,10,70,0.8842705488204956,56.206833,49.97763,6.2292023
235,11,70,0.8706244826316833,56.98961,56.889156,0.10045242
235,12,70,0.8293023109436035,57.387165,56.56706,0.8201065
235,13,70,0.6750614643096924,54.446163,50.656948,3.789215
235,14,70,0.8591539263725281,57.873375,54.221992,3.6513824
235,15,70,0.8019270896911621,65.40108,47.73362,17.667458
235,16,70,0.6984424591064453,51.927757,53.62216,1.6944046
235,17,70,0.8924173712730408,62.182415,53.17677,9.005646
235,18,70,0.7486765384674072,53.22702,47.170296,6.0567245
235,19,70,0.8356800079345703,68.11534,53.17847,14.936871
235,20,70,0.7701694965362549,52.98418,43.357777,9.626404
235,21,70,0.7807347178459167,51.55202,48.8927,2.6593208
235,22,70,0.8803502917289734,58.672054,53.365566,5.306488
235,23,70,0.8297765254974365,58.8091,48.721455,10.0876465
235,24,70,0.7304190993309021,40.209484,49.845695,9.636211
235,25,70,0.6531320810317993,63.768368,47.19005,16.57832
235,26,70,0.8341960906982422,61.712784,44.97452,16.738262
235,27,70,0.8723820447921753,57.78585,53.12568,4.6601715
235,28,70,0.8140337467193604,47.29136,50.223087,2.9317284
235,29,70,0.7683849334716797,44.510868,48.716404,4.205536
235,30,70,0.8010554313659668,48.103413,45.14845,2.9549637
235,31,70,0.7557003498077393,56.9142,45.833145,11.081055
235,32,70,0.7440043687820435,51.775818,48.362164,3.4136543
235,33,70,0.6965394020080566,51.153194,47.406925,3.7462692
235,34,70,0.8083592653274536,51.87734,55.68391,3.806572
235,35,70,0.8261626958847046,53.550236,50.201733,3.348503
235,36,70,0.8402376174926758,49.972507,54.22089,4.2483826
235,37,70,0.8726600408554077,52.80172,54.19944,1.3977203
235,38,70,0.8234434127807617,53.13188,49.841583,3.2902985
235,39,70,0.8065000772476196,58.34427,50.306583,8.037685
235,40,70,0.8580590486526489,54.056072,52.798317,1.2577553
235,41,70,0.8680939674377441,51.555656,55.921978,4.3663216
235,42,70,0.7701734900474548,53.750576,53.00373,0.74684525
235,43,70,0.697802722454071,62.81697,44.805676,18.011295
235,44,70,0.7734664678573608,63.57467,47.10005,16.474617
235,45,70,0.831186056137085,53.48503,47.73123,5.7537994
235,46,70,0.8791745901107788,69.13949,54.577946,14.5615425
235,47,70,0.9069764614105225,57.872383,53.6079,4.2644844
235,48,70,0.7646608948707581,74.27232,51.078606,23.193718
235,49,70,0.8772929906845093,60.968304,50.69291,10.275394
98,0,70,0.9096159934997559,67.1964,59.39517,7.801235
98,1,70,0.8317087888717651,68.46778,57.827934,10.639847
98,2,70,0.8318665027618408,54.28136,77.04458,22.763218
98,3,70,0.9221168756484985,66.184654,63.376556,2.8080978
98,4,70,0.9119789600372314,70.444954,67.26989,3.175064
98,5,70,0.8928492069244385,70.57329,54.823067,15.750221
98,6,70,0.9051878452301025,76.6348,61.437813,15.196991
98,7,70,0.9389330148696899,74.23392,72.74406,1.4898605
98,8,70,0.8913787603378296,64.06676,69.865524,5.798767
98,9,70,0.9431129097938538,72.01656,63.975018,8.041546
98,10,70,0.7521762251853943,85.332825,49.81924,35.513584
98,11,70,0.9382444620132446,72.64061,66.66933,5.971283
98,12,70,0.9410821795463562,79.99109,64.30584,15.685249
98,13,70,0.6838114261627197,74.89864,43.790806,31.107838
98,14,70,0.8276904821395874,72.74657,56.36554,16.381027
98,15,70,0.914475679397583,77.35429,56.13042,21.223866
98,16,70,0.9081240296363831,81.34167,61.12368,20.217987
98,17,70,0.9081782102584839,74.52733,57.97615,16.551178
98,18,70,0.9032195210456848,62.42913,54.3012,8.12793
98,19,70,0.8548587560653687,76.41568,56.53089,19.884789
98,20,70,0.9229652881622314,85.14623,60.152306,24.993927
98,21,70,0.8257811069488525,63.772297,61.568222,2.2040749
98,22,70,0.9146459102630615,68.169106,53.64386,14.525246
98,23,70,0.8282657861709595,63.721535,50.42228,13.299255
98,24,70,0.8022050857543945,80.139565,55.042877,25.096687
98,25,70,0.8469760417938232,67.92239,58.846214,9.0761795
98,26,70,0.888812780380249,76.061195,55.46899,20.592205
98,27,70,0.8048712015151978,61.157562,67.89882,6.7412567
98,28,70,0.9583555459976196,75.62361,64.58321,11.040398
98,29,70,0.7999048233032227,67.10091,55.7576,11.3433075
98,30,70,0.7539883852005005,76.84527,49.613453,27.231815
98,31,70,0.9263733625411987,84.95254,63.92708,21.02546
98,32,70,0.9031295776367188,80.79921,61.489845,19.309364
98,33,70,0.9495710730552673,67.07805,74.16382,7.0857697
98,34,70,0.8727453947067261,80.40906,64.66399,15.745071
98,35,70,0.8343478441238403,76.17822,56.48944,19.688782
98,36,70,0.8203450441360474,66.84333,54.234863,12.608467
98,37,70,0.7875005602836609,86.30393,54.849354,31.454578
98,38,70,0.9272325038909912,75.6711,66.458534,9.212563
98,39,70,0.9071000814437866,75.81227,58.866035,16.946236
98,40,70,0.8708604574203491,64.585236,59.13673,5.4485054
98,41,70,0.9078413248062134,85.03837,66.158455,18.879913
98,42,70,0.7738767862319946,53.80001,56.5589,2.7588882
98,43,70,0.8810536861419678,64.744965,56.846664,7.8983
98,44,70,0.8612133264541626,88.344444,58.454994,29.88945
98,45,70,0.9504916667938232,80.47887,64.191216,16.287651
98,46,70,0.775850772857666,72.92324,52.414993,20.508247
98,47,70,0.7502398490905762,56.1182,59.308735,3.1905365
98,48,70,0.815410315990448,76.27557,54.802284,21.47329
98,49,70,0.8050692081451416,69.54006,49.866833,19.67323
237,0,70,0.8619364500045776,64.546585,59.6903,4.856285
237,1,70,0.9091330766677856,53.308243,57.380943,4.0727005
237,2,70,0.3188140392303467,43.3951,46.164783,2.7696838
237,3,70,0.7277379035949707,43.44087,46.1717,2.7308311
237,4,70,0.8496268391609192,52.88262,54.642864,1.7602425
237,5,70,0.8380484580993652,54.02422,54.793514,0.76929474
237,6,70,0.6953579187393188,54.214985,55.737522,1.5225372
237,7,70,0.6599542498588562,65.861275,44.912907,20.948368
237,8,70,0.8289158344268799,59.82687,56.031067,3.795803
237,9,70,0.6356513500213623,67.024445,46.980175,20.04427
237,10,70,0.8597794771194458,55.493538,50.742092,4.751446
237,11,70,0.7629221677780151,58.257236,47.407677,10.84956
237,12,70,0.8255214691162109,51.633343,54.99091,3.3575668
237,13,70,0.8653263449668884,61.039783,53.504963,7.5348206
237,14,70,0.8470333814620972,66.49669,49.1608,17.335888
237,15,70,0.7128190994262695,48.758587,52.5808,3.8222122
237,16,70,0.7743613719940186,65.432785,47.092205,18.34058
237,17,70,0.8302984237670898,69.07281,50.68327,18.389538
237,18,70,0.829840898513794,64.78659,54.815178,9.971413
237,19,70,0.5782750844955444,50.87308,54.101288,3.2282066
237,20,70,0.9129626750946045,58.000282,63.643936,5.643654
237,21,70,0.8242915868759155,59.956593,58.112045,1.8445473
237,22,70,0.647499680519104,43.03797,48.001392,4.963421
237,23,70,0.8081459999084473,62.776447,48.224083,14.552364
237,24,70,0.7906478643417358,58.620525,54.37473,4.245796
237,25,70,0.6803703904151917,58.4353,48.05868,10.376617
237,26,70,0.834679365158081,66.22423,48.909164,17.315063
237,27,70,0.7939025163650513,53.46703,58.250423,4.783394
237,28,70,0.8347275853157043,59.25343,54.60721,4.646221
237,29,70,0.8142423033714294,57.98812,51.182507,6.8056145
237,30,70,0.8078498840332031,56.22255,49.089954,7.132595
237,31,70,0.7185195088386536,56.957695,46.21006,10.747635
237,32,70,0.8568047881126404,62.63156,50.240612,12.390949
237,33,70,0.4811561107635498,57.95713,43.367565,14.589565
237,34,70,0.830651044845581,57.05581,56.39873,0.6570778
237,35,70,0.8542399406433105,58.144154,50.03901,8.1051445
237,36,70,0.6480309963226318,42.926266,52.20801,9.281746
237,37,70,0.7692450284957886,53.51153,49.213486,4.298046
237,38,70,0.885132908821106,63.88025,50.085087,13.795162
237,39,70,0.7421772480010986,48.578594,48.0444,0.53419495
237,40,70,0.6633892059326172,48.810783,50.91162,2.1008377
237,41,70,0.734350323677063,71.01766,52.83682,18.180843
237,42,70,0.34073391556739807,41.293682,50.72014,9.426456
237,43,70,0.5959829092025757,57.34316,45.418556,11.9246025
237,44,70,0.5687128305435181,57.11485,42.69074,14.42411
237,45,70,0.6263355612754822,61.260933,41.171432,20.0895
237,46,70,0.5437362194061279,47.68151,43.900604,3.7809067
237,47,70,0.8606177568435669,55.69444,54.595318,1.0991211
237,48,70,0.5924720168113708,63.041256,42.546005,20.49525
237,49,70,0.8572409152984619,49.989544,52.67787,2.6883278
229,0,70,0.8564800024032593,82.235634,58.650375,23.585258
229,1,70,0.8940623998641968,62.068226,57.026604,5.041622
229,2,70,0.7670639753341675,54.187656,57.70158,3.5139236
229,3,70,0.9313333034515381,76.5994,60.561478,16.037926
229,4,70,0.8677974939346313,74.493904,55.79166,18.702244
229,5,70,0.9468657970428467,69.77235,64.9837,4.788643
229,6,70,0.9060552716255188,62.47393,57.038685,5.4352455
229,7,70,0.850002646446228,76.562,52.20088,24.361118
229,8,70,0.8788504004478455,56.768955,56.83946,0.070503235
229,9,70,0.8903000354766846,65.23679,53.132374,12.10442
229,10,70,0.8641834259033203,75.552956,54.536095,21.016861
229,11,70,0.8973697423934937,70.36961,60.33512,10.0344925
229,12,70,0.6977884769439697,72.05577,47.698574,24.357197
229,13,70,0.7190401554107666,49.420372,51.80071,2.3803368
229,14,70,0.8129606246948242,78.24399,49.132587,29.1114
229,15,70,0.7708284854888916,55.61512,54.604187,1.0109329
229,16,70,0.875816822052002,63.00232,58.30171,4.700611
229,17,70,0.9178606867790222,73.63694,65.98468,7.65226
229,18,70,0.7180910110473633,70.5488,45.134968,25.41383
229,19,70,0.8030616641044617,62.754333,67.52662,4.7722855
229,20,70,0.8690816760063171,56.92932,62.157513,5.2281914
229,21,70,0.7889605760574341,70.84424,51.94189,18.902348
229,22,70,0.8294346928596497,66.830986,48.916706,17.91428
229,23,70,0.7828839421272278,61.902405,48.635914,13.266491
229,24,70,0.844214916229248,60.244324,53.84813,6.3961945
229,25,70,0.7024872303009033,66.34901,46.749935,19.599072
229,26,70,0.737362265586853,56.504726,48.7718,7.7329254
229,27,70,0.8802117109298706,68.18039,57.333656,10.846733
229,28,70,0.8028265237808228,52.20479,49.36289,2.8418999
229,29,70,0.8638008832931519,75.39158,51.503437,23.888142
229,30,70,0.9003801345825195,71.31418,61.729134,9.585045
229,31,70,0.8578870892524719,50.88619,69.809395,18.923206
229,32,70,0.866606593132019,63.46662,57.644882,5.821739
229,33,70,0.8921895027160645,66.27631,53.954163,12.322151
229,34,70,0.8186752796173096,58.4778,52.871788,5.6060104
229,35,70,0.8423625230789185,63.802143,49.141975,14.660168
229,36,70,0.7067760229110718,71.14437,44.91909,26.22528
229,37,70,0.867232084274292,49.58805,59.691715,10.103664
229,38,70,0.8980616331100464,61.903946,63.399796,1.4958496
229,39,70,0.7983613014221191,49.01642,54.339806,5.323387
229,40,70,0.8298159241676331,63.349274,52.129776,11.219498
229,41,70,0.914469301700592,61.6023,58.888058,2.714241
229,42,70,0.7989506125450134,63.958958,52.88439,11.074566
229,43,70,0.8286025524139404,78.83605,49.915363,28.920689
229,44,70,0.8284640312194824,69.45658,55.820354,13.636227
229,45,70,0.5027273297309875,78.04045,41.999657,36.040794
229,46,70,0.6224851608276367,62.190624,42.70523,19.485394
229,47,70,0.7974462509155273,64.54569,53.59929,10.9464035
229,48,70,0.8358056545257568,60.948444,55.188267,5.7601776
229,49,70,0.8229694962501526,79.87378,54.89048,24.9833
417,0,70,0.9300325512886047,61.41325,64.16906,2.7558098
417,1,70,0.6961647272109985,75.4356,46.44969,28.985909
417,2,70,0.8894132375717163,62.40872,54.64661,7.762108
417,3,70,0.8903835415840149,79.1138,52.12082,26.992981
417,4,70,0.7632353901863098,75.48539,47.69157,27.79382
417,5,70,0.6917835474014282,58.486935,42.58271,15.904224
417,6,70,0.8130868673324585,61.91593,48.96861,12.947323
417,7,70,0.8742039203643799,78.52925,54.439034,24.090218
417,8,70,0.9072676301002502,76.06627,59.498505,16.567764
417,9,70,0.8015886545181274,58.378708,64.43406,6.0553513
417,10,70,0.7802678346633911,76.5249,49.887653,26.637249
417,11,70,0.8957475423812866,69.89985,55.212166,14.687683
417,12,70,0.945672869682312,73.02805,63.118774,9.909279
417,13,70,0.8954254388809204,79.49882,60.89064,18.608177
417,14,70,0.817712664604187,58.427853,62.726486,4.2986336
417,15,70,0.942378580570221,81.0773,63.869972,17.207329
417,16,70,0.9414446949958801,70.30739,62.559307,7.748081
417,17,70,0.6244559288024902,73.72425,44.384834,29.339417
417,18,70,0.958878219127655,87.552864,68.31563,19.237236
417,19,70,0.9084072113037109,86.32289,58.15351,28.16938
417,20,70,0.9630298614501953,80.71351,68.72611,11.987396
417,21,70,0.9112791419029236,74.16131,70.78792,3.3733902
417,22,70,0.9467217922210693,75.84175,58.210533,17.631218
417,23,70,0.9407042264938354,83.455894,67.72251,15.733383
417,24,70,0.843277096748352,68.172356,47.13202,21.040337
417,25,70,0.8460060954093933,88.0271,57.852657,30.174442
417,26,70,0.8386776447296143,47.9957,73.37306,25.377361
417,27,70,0.7687085866928101,55.897068,48.909595,6.9874725
417,28,70,0.8632823824882507,73.798256,53.259563,20.538692
417,29,70,0.8875805735588074,76.71115,60.934105,15.777046
417,30,70,0.9198845624923706,80.98217,65.13921,15.842957
417,31,70,0.9163361191749573,72.94968,68.721115,4.2285614
417,32,70,0.7259373664855957,69.904526,41.114452,28.790073
417,33,70,0.8155685663223267,54.50451,66.81961,12.315102
417,34,70,0.9495923519134521,69.94237,68.61469,1.3276749
417,35,70,0.9474242329597473,72.980255,68.89609,4.0841675
417,36,70,0.9558115601539612,76.89116,64.361244,12.529915
417,37,70,0.9068940877914429,81.796585,60.131138,21.665447
417,38,70,0.9289000630378723,81.59141,63.66818,17.92323
417,39,70,0.9060819745063782,71.2764,63.402073,7.874325
417,40,70,0.7549299001693726,85.09067,53.059258,32.03141
417,41,70,0.9735164046287537,75.21342,68.08465,7.128769
417,42,70,0.8875259160995483,75.537796,56.632145,18.905651
417,43,70,0.9121332168579102,74.37867,63.32452,11.05415
417,44,70,0.9289864301681519,65.61576,65.45718,0.1585846
417,45,70,0.9217722415924072,66.436844,63.50602,2.9308243
417,46,70,0.7541821002960205,51.454548,52.933044,1.4784966
417,47,70,0.8868104219436646,75.95954,53.4835,22.47604
417,48,70,0.7671717405319214,48.99065,65.17022,16.17957
417,49,70,0.9142775535583496,84.17597,60.679775,23.496197
421,0,70,0.7392128705978394,78.17456,49.418625,28.755936
421,1,70,0.7553544044494629,83.45185,51.86387,31.587982
421,2,70,0.7803111672401428,62.572285,44.97823,17.594055
421,3,70,0.7031435370445251,50.04778,47.84673,2.2010498
421,4,70,0.8226481676101685,58.4655,65.8846,7.419098
421,5,70,0.7223795652389526,46.722355,54.268238,7.545883
421,6,70,0.7136799097061157,52.148033,49.39,2.7580338
421,7,70,0.7241106629371643,53.994457,55.829967,1.8355103
421,8,70,0.8541755676269531,64.099335,60.05019,4.0491447
421,9,70,0.8482106924057007,61.573174,50.990852,10.582321
421,10,70,0.8439978361129761,59.128056,50.385635,8.74242
421,11,70,0.8748558759689331,78.267944,59.650677,18.617268
421,12,70,0.8333226442337036,70.19349,53.849644,16.343845
421,13,70,0.8581488132476807,67.429726,55.8657,11.564026
421,14,70,0.788851797580719,69.61521,53.665344,15.949867
421,15,70,0.739480197429657,51.80924,43.582172,8.227066
421,16,70,0.8350812196731567,60.094044,58.549286,1.5447578
421,17,70,0.7033417224884033,68.71959,44.621895,24.097694
421,18,70,0.8880345225334167,70.614876,56.46694,14.147934
421,19,70,0.8226543664932251,64.771996,53.164265,11.607731
421,20,70,0.49215930700302124,43.114033,53.06886,9.954826
421,21,70,0.5460458993911743,46.34043,48.957058,2.6166267
421,22,70,0.8529658317565918,61.83604,60.577938,1.2581024
421,23,70,0.535555362701416,53.657288,43.45298,10.204308
421,24,70,0.8186038732528687,65.2532,50.37142,14.881775
421,25,70,0.8717100620269775,59.48437,64.284,4.7996254
421,26,70,0.6412560939788818,50.37391,52.849613,2.4757042
421,27,70,0.7168199419975281,66.12506,48.010838,18.114223
421,28,70,0.7177598476409912,68.75803,46.31486,22.443172
421,29,70,0.7163965702056885,64.75602,41.248253,23.507767
421,30,70,0.8342641592025757,54.079636,51.988064,2.0915718
421,31,70,0.6648478507995605,52.273087,43.73319,8.539898
421,32,70,0.8508008718490601,63.05113,50.558884,12.492245
421,33,70,0.8593089580535889,67.15642,56.034775,11.121643
421,34,70,0.9431369304656982,70.71499,57.716045,12.998943
421,35,70,0.7213110327720642,53.356865,50.381336,2.9755287
421,36,70,0.8749768733978271,63.598534,55.649925,7.9486084
421,37,70,0.8399583101272583,76.65652,55.290504,21.366013
421,38,70,0.7590024471282959,51.6815,47.78828,3.893219
421,39,70,0.5686603784561157,42.57127,56.135025,13.563755
421,40,70,0.6679835319519043,50.29589,51.814728,1.518837
421,41,70,0.6662343144416809,64.96339,45.75573,19.207657
421,42,70,0.8052725791931152,46.83278,45.767155,1.0656242
421,43,70,0.7786102294921875,58.950783,47.830814,11.119968
421,44,70,0.6686611175537109,68.289734,45.95049,22.339245
421,45,70,0.7527987957000732,61.469513,48.00313,13.466381
421,46,70,0.5903487205505371,52.211243,49.346992,2.8642502
421,47,70,0.7683788537979126,55.251152,45.97386,9.27729
421,48,70,0.6227118372917175,68.17718,41.12667,27.050507
421,49,70,0.8071472644805908,55.41249,48.11947,7.293022
430,0,70,0.9118585586547852,68.972115,60.23804,8.734074
430,1,70,0.9257222414016724,71.502304,64.19039,7.3119125
430,2,70,0.9217166304588318,80.65993,65.67709,14.982834
430,3,70,0.8720454573631287,66.64741,52.13096,14.516449
430,4,70,0.7627665996551514,71.21361,51.65898,19.554626
430,5,70,0.7465289831161499,66.91587,46.59187,20.324001
430,6,70,0.8503842353820801,56.794563,58.581585,1.7870216
430,7,70,0.8682945966720581,81.35488,52.75173,28.60315
430,8,70,0.8702167272567749,74.20747,54.545742,19.661732
430,9,70,0.889557957649231,80.870636,51.60502,29.265617
430,10,70,0.7041833400726318,67.85189,43.233524,24.618366
430,11,70,0.7697032690048218,57.91558,57.87089,0.04468918
430,12,70,0.8698859214782715,59.398052,57.855614,1.5424385
430,13,70,0.8983523845672607,82.51754,57.852715,24.664825
430,14,70,0.6611936092376709,48.73296,51.300613,2.5676537
430,15,70,0.7921868562698364,61.264484,52.693863,8.5706215
430,16,70,0.9319508671760559,70.3194,59.965576,10.353821
430,17,70,0.9014618992805481,69.66137,56.854504,12.806866
430,18,70,0.9167898893356323,59.264606,66.14935,6.8847466
430,19,70,0.8964352607727051,74.53241,54.928127,19.604282
430,20,70,0.832257091999054,66.91275,50.07979,16.832962
430,21,70,0.9102509617805481,59.516506,56.78275,2.733757
430,22,70,0.5540385246276855,67.03422,41.8252,25.209019
430,23,70,0.7988194227218628,90.02257,54.846985,35.175583
430,24,70,0.8812304735183716,76.39724,54.36327,22.03397
430,25,70,0.8174151182174683,69.278694,56.148453,13.130241
430,26,70,0.8746127486228943,73.9086,51.60383,22.304771
430,27,70,0.900357723236084,65.117645,61.445263,3.6723824
430,28,70,0.8450095653533936,78.1437,51.650414,26.493286
430,29,70,0.916103720664978,84.51829,60.335266,24.183022
430,30,70,0.9092356562614441,69.78224,57.941944,11.840298
430,31,70,0.8933087587356567,83.18352,55.60727,27.576248
430,32,70,0.5846015810966492,72.08684,41.9014,30.185436
430,33,70,0.8443503975868225,61.586327,50.59668,10.989647
430,34,70,0.8960915803909302,67.171,59.96243,7.2085686
430,35,70,0.6123977899551392,61.58152,42.06172,19.519798
430,36,70,0.8847784996032715,70.09066,66.17504,3.915619
430,37,70,0.8477453589439392,76.88151,53.958393,22.923115
430,38,70,0.9123270511627197,66.58021,63.00527,3.5749397
430,39,70,0.7317172288894653,59.658936,45.93697,13.721966
430,40,70,0.39483359456062317,40.165802,51.988045,11.822243
430,41,70,0.8442046046257019,60.934536,59.485374,1.4491615
430,42,70,0.8387941122055054,58.441395,46.437687,12.003708
430,43,70,0.8449769020080566,80.29723,51.30814,28.989094
430,44,70,0.899447500705719,70.2411,61.012115,9.228981
430,45,70,0.8737434148788452,56.158722,56.60101,0.44228745
430,46,70,0.9172582030296326,72.33711,65.25622,7.0808945
430,47,70,0.9216032028198242,71.800995,58.24871,13.552284
430,48,70,0.9411169290542603,69.88924,61.150303,8.738934
430,49,70,0.7484056949615479,74.08673,47.988773,26.097958
668,0,70,0.8629568815231323,60.75872,57.09616,3.6625595
668,1,70,0.843460738658905,77.82225,52.377018,25.445232
668,2,70,0.8285278081893921,73.8933,49.524845,24.368458
668,3,70,0.9346410036087036,62.137703,62.548317,0.410614
668,4,70,0.8201056122779846,75.20372,53.13698,22.066742
668,5,70,0.9200433492660522,61.207047,66.44325,5.236206
668,6,70,0.8297615051269531,64.960625,49.30614,15.654484
668,7,70,0.8225454092025757,67.72341,51.949272,15.774139
668,8,70,0.9006168842315674,60.03345,61.863785,1.8303337
668,9,70,0.8530066013336182,74.67693,54.752083,19.92485
668,10,70,0.7722479701042175,77.18299,46.25357,30.92942
668,11,70,0.8630733489990234,72.47854,52.069687,20.408852
668,12,70,0.9338326454162598,59.13162,66.51934,7.387722
668,13,70,0.80077064037323,70.74548,52.004517,18.740967
668,14,70,0.9413387775421143,69.557816,57.032116,12.5257
668,15,70,0.8390583395957947,52.899544,54.444942,1.5453987
668,16,70,0.8086239099502563,74.6815,48.142723,26.53878
668,17,70,0.9479281902313232,83.88511,64.681175,19.203934
668,18,70,0.9200260639190674,59.27125,57.964092,1.3071594
668,19,70,0.8774392604827881,77.005615,58.430088,18.575527
668,20,70,0.7870451807975769,84.311165,51.480675,32.83049
668,21,70,0.9003356099128723,60.053375,54.06363,5.989746
668,22,70,0.9402501583099365,71.282845,67.612854,3.6699905
668,23,70,0.9309577941894531,66.48746,64.99569,1.4917679
668,24,70,0.8867132663726807,58.500103,58.812874,0.31277084
668,25,70,0.8336840271949768,72.41527,52.932804,19.482464
668,26,70,0.8331694602966309,51.554848,60.7457,9.190853
668,27,70,0.948272168636322,72.5717,64.27945,8.292252
668,28,70,0.9511059522628784,85.00605,67.823975,17.182076
668,29,70,0.9418653249740601,69.06735,61.231365,7.835987
668,30,70,0.6769900321960449,82.28559,50.733852,31.551739
668,31,70,0.881606936454773,71.00933,51.919727,19.089603
668,32,70,0.8778859972953796,71.2087,53.88907,17.319633
668,33,70,0.9440019130706787,71.765015,66.3658,5.3992157
668,34,70,0.8354827165603638,53.396328,62.897118,9.50079
668,35,70,0.8938009738922119,65.760956,51.745453,14.015503
668,36,70,0.9097910523414612,61.72767,63.135246,1.4075775
668,37,70,0.8496766090393066,73.95016,52.88359,21.066566
668,38,70,0.9444824457168579,73.46752,69.32501,4.1425095
668,39,70,0.7982673645019531,56.137016,53.225697,2.9113197
668,40,70,0.9078085422515869,63.411938,53.482616,9.929321
668,41,70,0.84663325548172,70.385284,51.056797,19.328487
668,42,70,0.9010403752326965,67.00129,63.906292,3.0949974
668,43,70,0.8965981006622314,77.24464,63.3678,13.876835
668,44,70,0.9034466743469238,67.94423,58.158146,9.786083
668,45,70,0.8465948104858398,57.724014,59.64939,1.9253769
668,46,70,0.9258937835693359,72.31074,61.32234,10.9883995
668,47,70,0.892137885093689,60.50989,53.37812,7.131771
668,48,70,0.8661062717437744,60.76965,64.00822,3.2385674
668,49,70,0.9122421145439148,73.7728,54.186077,19.58672
757,0,70,0.8369312286376953,77.26184,47.448917,29.812923
757,1,70,0.7683024406433105,51.261814,54.702393,3.4405785
757,2,70,0.6137803792953491,48.460674,52.517696,4.057022
757,3,70,0.7647045254707336,44.28249,52.9017,8.619209
757,4,70,0.8828668594360352,49.868378,57.70219,7.8338127
757,5,70,0.8281145095825195,71.006454,53.474644,17.53181
757,6,70,0.8869552612304688,82.464035,55.860157,26.603878
757,7,70,0.827283501625061,57.912178,56.02746,1.8847198
757,8,70,0.7465635538101196,73.59888,50.301407,23.29747
757,9,70,0.6082131862640381,79.820076,43.423256,36.39682
757,10,70,0.8366082906723022,54.98222,58.48556,3.5033417
757,11,70,0.8979882001876831,61.506554,55.46838,6.0381737
757,12,70,0.8307263255119324,56.40401,48.55359,7.850422
757,13,70,0.8706985712051392,61.741467,55.800884,5.9405823
757,14,70,0.8920223712921143,69.80429,57.43383,12.3704605
757,15,70,0.8633753061294556,70.639366,47.90501,22.734356
757,16,70,0.8769620060920715,73.50972,59.269157,14.240562
757,17,70,0.7696224451065063,72.56585,49.95997,22.60588
757,18,70,0.7870419025421143,45.199203,46.221905,1.0227013
757,19,70,0.8827826380729675,69.79787,52.64968,17.148186
757,20,70,0.8689066767692566,73.59217,56.780346,16.811825
757,21,70,0.9004616141319275,59.206623,51.20673,7.999893
757,22,70,0.8549694418907166,76.71823,48.09998,28.618252
757,23,70,0.8277357816696167,66.28469,48.039795,18.244896
757,24,70,0.7140861749649048,51.361492,56.080673,4.719181
757,25,70,0.7395830750465393,65.033424,47.40616,17.627266
757,26,70,0.882797360420227,66.28947,57.6745,8.614967
757,27,70,0.8800797462463379,66.72805,58.12569,8.60236
757,28,70,0.8834327459335327,71.26424,57.42067,13.843567
757,29,70,0.8626863360404968,76.68717,54.48401,22.203163
757,30,70,0.809555172920227,60.714607,52.140507,8.5741005
757,31,70,0.7830047607421875,54.044956,46.685875,7.3590813
757,32,70,0.9163227081298828,61.081806,52.711864,8.369942
757,33,70,0.8090769052505493,62.24942,54.40634,7.8430786
757,34,70,0.8122134208679199,54.261787,60.268024,6.006237
757,35,70,0.8542039394378662,80.68286,50.8494,29.833462
757,36,70,0.8173183798789978,72.14289,49.946007,22.196884
757,37,70,0.760887622833252,52.964,48.224304,4.7396965
757,38,70,0.7769354581832886,63.475636,48.54742,14.928215
757,39,70,0.9315294027328491,78.32996,60.4247,17.905262
757,40,70,0.7937136888504028,72.38589,51.565536,20.82035
757,41,70,0.8496958017349243,81.30474,56.95013,24.35461
757,42,70,0.7142429351806641,44.442375,50.176792,5.734417
757,43,70,0.8814305663108826,72.71245,53.136593,19.575855
757,44,70,0.7635186910629272,64.94437,49.208065,15.736301
757,45,70,0.8004682064056396,58.310894,55.504375,2.8065186
757,46,70,0.8749181032180786,64.50678,58.045116,6.461666
757,47,70,0.8493595123291016,78.423775,52.804363,25.619411
757,48,70,0.8008274435997009,54.43894,51.160866,3.2780724
757,49,70,0.7739267945289612,63.24354,51.176758,12.066784
814,0,70,0.820259153842926,53.012505,59.880207,6.8677025
814,1,70,0.7709298729896545,73.80396,48.602215,25.201748
814,2,70,0.6891382932662964,65.55829,46.03636,19.521927
814,3,70,0.8891409635543823,67.081116,55.097633,11.983482
814,4,70,0.9272545576095581,85.94261,57.718414,28.224197
814,5,70,0.9309132099151611,70.147644,70.058945,0.08869934
814,6,70,0.8828973770141602,75.722336,53.365364,22.356972
814,7,70,0.8945888876914978,70.77567,55.80183,14.973843
814,8,70,0.8261551856994629,70.556175,52.483963,18.072212
814,9,70,0.9258575439453125,74.83652,62.31385,12.522667
814,10,70,0.886890172958374,66.7809,55.131226,11.649673
814,11,70,0.8123737573623657,53.905403,57.597095,3.6916924
814,12,70,0.8809483647346497,70.94022,53.3005,17.639725
814,13,70,0.8554903268814087,81.34048,54.92443,26.416046
814,14,70,0.9307749271392822,65.43992,66.11421,0.6742935
814,15,70,0.848822295665741,79.47269,54.269337,25.20335
814,16,70,0.8984200954437256,67.040665,56.26823,10.772434
814,17,70,0.8572306632995605,56.946087,66.687,9.74091
814,18,70,0.9426875114440918,88.66925,62.765755,25.903496
814,19,70,0.926918625831604,63.1982,63.654053,0.4558525
814,20,70,0.8736079931259155,63.2359,59.29711,3.9387894
814,21,70,0.910272479057312,75.82106,55.487953,20.333107
814,22,70,0.9327880144119263,79.51899,64.14731,15.371681
814,23,70,0.8567588329315186,58.59862,59.070602,0.47198105
814,24,70,0.8666391372680664,57.18084,73.79472,16.613884
814,25,70,0.9313665628433228,66.8256,62.69832,4.127281
814,26,70,0.9223001599311829,77.60256,63.63759,13.964973
814,27,70,0.7641158103942871,69.03769,47.611458,21.426231
814,28,70,0.8427444696426392,73.43389,53.45465,19.97924
814,29,70,0.8337225914001465,72.85112,51.085716,21.765404
814,30,70,0.8255943655967712,59.373493,56.210316,3.1631775
814,31,70,0.8822851181030273,71.434006,57.40694,14.027065
814,32,70,0.7668349742889404,53.81698,49.56499,4.2519875
814,33,70,0.8247057199478149,61.246525,46.799965,14.44656
814,34,70,0.8375257253646851,58.268974,65.2758,7.0068283
814,35,70,0.9083738327026367,62.165974,63.212086,1.0461121
814,36,70,0.9195706248283386,73.78003,61.998215,11.781815
814,37,70,0.8902086019515991,60.017277,61.073303,1.0560265
814,38,70,0.7263208627700806,73.7705,46.535606,27.234894
814,39,70,0.8866206407546997,76.18559,57.766846,18.418747
814,40,70,0.677304208278656,49.194664,64.658424,15.46376
814,41,70,0.7614974975585938,69.505104,49.100975,20.404129
814,42,70,0.8291465044021606,57.696163,53.895836,3.8003273
814,43,70,0.9105356335639954,71.59649,55.20112,16.39537
814,44,70,0.688337504863739,64.29798,42.933643,21.364338
814,45,70,0.913864016532898,67.20532,57.39026,9.815063
814,46,70,0.9135420322418213,77.805,58.414368,19.390633
814,47,70,0.7951700091362,75.30726,52.562225,22.745033
814,48,70,0.9077172875404358,83.07959,57.728603,25.350986
814,49,70,0.8581371307373047,71.340645,52.579063,18.761581
235,0,80,0.8171472549438477,56.88876,54.842995,2.045765
235,1,80,0.7388147115707397,60.069027,52.287853,7.7811737
235,2,80,0.7119247317314148,49.951733,48.918423,1.0333099
235,3,80,0.7909880876541138,49.8669,52.309174,2.4422722
235,4,80,0.7406599521636963,58.653744,44.592907,14.060837
235,5,80,0.8476063013076782,51.89902,50.366325,1.5326958
235,6,80,0.8471621870994568,56.70776,47.530552,9.177208
235,7,80,0.7667058706283569,58.777252,47.873356,10.903896
235,8,80,0.8304316997528076,61.25714,49.96444,11.292702
235,9,80,0.7452335357666016,58.55376,47.65659,10.897171
235,10,80,0.850151777267456,56.206833,52.361675,3.8451576
235,11,80,0.8517583608627319,56.98961,53.94632,3.0432892
235,12,80,0.8137310147285461,57.387165,53.865837,3.521328
235,13,80,0.7462606430053711,54.446163,48.982624,5.463539
235,14,80,0.8181235790252686,57.873375,49.182274,8.691101
235,15,80,0.6978281140327454,65.40108,45.698742,19.702335
235,16,80,0.734387218952179,51.927757,51.880035,0.047721863
235,17,80,0.9071490168571472,62.182415,54.54312,7.6392937
235,18,80,0.680277943611145,53.22702,45.100307,8.126713
235,19,80,0.8109734058380127,68.11534,49.786163,18.329178
235,20,80,0.7668206691741943,52.98418,46.02666,6.9575195
235,21,80,0.8073936104774475,51.55202,48.968426,2.5835953
235,22,80,0.8240973353385925,58.672054,53.41256,5.259495
235,23,80,0.8001096844673157,58.8091,52.280445,6.528656
235,24,80,0.6870930790901184,40.209484,51.305077,11.0955925
235,25,80,0.6953245401382446,63.768368,48.39974,15.368629
235,26,80,0.8224289417266846,61.712784,46.72224,14.990543
235,27,80,0.7857376337051392,57.78585,48.983624,8.802227
235,28,80,0.7287577390670776,47.29136,50.585865,3.294506
235,29,80,0.7420550584793091,44.510868,46.02977,1.5189018
235,30,80,0.7888685464859009,48.103413,47.77433,0.3290825
235,31,80,0.7407263517379761,56.9142,51.688187,5.226013
235,32,80,0.7699874639511108,51.775818,48.367195,3.4086227
235,33,80,0.7500185966491699,51.153194,45.528286,5.6249084
235,34,80,0.7625712156295776,51.87734,51.09368,0.7836571
235,35,80,0.810502290725708,53.550236,50.18541,3.3648262
235,36,80,0.7668653130531311,49.972507,47.714523,2.2579842
235,37,80,0.8443571329116821,52.80172,51.108746,1.6929741
235,38,80,0.7314000129699707,53.13188,52.22489,0.90699005
235,39,80,0.6925415992736816,58.34427,47.130676,11.213593
235,40,80,0.8573722839355469,54.056072,50.886726,3.1693459
235,41,80,0.8245903253555298,51.555656,50.699524,0.8561325
235,42,80,0.675025224685669,53.750576,47.383694,6.3668823
235,43,80,0.6993893384933472,62.81697,45.72379,17.093182
235,44,80,0.735630452632904,63.57467,47.13713,16.437538
235,45,80,0.8130403757095337,53.48503,50.041832,3.4431992
235,46,80,0.8730218410491943,69.13949,56.834377,12.305111
235,47,80,0.8670510053634644,57.872383,49.555717,8.316666
235,48,80,0.7871891260147095,74.27232,54.03438,20.237942
235,49,80,0.8083200454711914,60.968304,48.384216,12.584087
98,0,80,0.8939872980117798,67.1964,53.053455,14.142948
98,1,80,0.8015260696411133,68.46778,52.115276,16.352505
98,2,80,0.7933516502380371,54.28136,58.726524,4.4451637
98,3,80,0.9058070182800293,66.184654,58.275482,7.909172
98,4,80,0.8977852463722229,70.444954,66.55787,3.887085
98,5,80,0.9115129709243774,70.57329,55.935974,14.637314
98,6,80,0.7533435821533203,76.6348,49.19413,27.440674
98,7,80,0.8770878314971924,74.23392,57.229855,17.004063
98,8,80,0.8759618997573853,64.06676,63.973507,0.093250275
98,9,80,0.9380239248275757,72.01656,66.39826,5.6183014
98,10,80,0.6754953265190125,85.332825,48.423054,36.90977
98,11,80,0.9306038022041321,72.64061,62.998898,9.641712
98,12,80,0.9088400602340698,79.99109,57.34771,22.64338
98,13,80,0.6962897777557373,74.89864,44.517445,30.381199
98,14,80,0.7735693454742432,72.74657,50.372013,22.374554
98,15,80,0.8945432305335999,77.35429,55.06714,22.287148
98,16,80,0.8655507564544678,81.34167,54.805897,26.53577
98,17,80,0.8797079920768738,74.52733,56.6932,17.83413
98,18,80,0.9065601825714111,62.42913,52.524937,9.904194
98,19,80,0.9514546394348145,76.41568,60.03816,16.377522
98,20,80,0.8592002391815186,85.14623,53.97643,31.169804
98,21,80,0.7570374608039856,63.772297,55.108864,8.663433
98,22,80,0.9049656391143799,68.169106,54.93533,13.233776
98,23,80,0.8681938648223877,63.721535,51.19461,12.526924
98,24,80,0.8385797739028931,80.139565,52.7237,27.415863
98,25,80,0.824995756149292,67.92239,55.47795,12.444443
98,26,80,0.8023017644882202,76.061195,50.022465,26.03873
98,27,80,0.8087701797485352,61.157562,63.07932,1.9217567
98,28,80,0.902110755443573,75.62361,55.48519,20.13842
98,29,80,0.8191652894020081,67.10091,57.45284,9.648067
98,30,80,0.6967709064483643,76.84527,48.496162,28.349106
98,31,80,0.8857613801956177,84.95254,58.129395,26.823143
98,32,80,0.9243043661117554,80.79921,64.742775,16.056435
98,33,80,0.8886690735816956,67.07805,55.399887,11.678162
98,34,80,0.8773892521858215,80.40906,58.49952,21.909538
98,35,80,0.6793867349624634,76.17822,45.26791,30.910313
98,36,80,0.8546710014343262,66.84333,54.69581,12.147522
98,37,80,0.7464072704315186,86.30393,53.358154,32.945778
98,38,80,0.8694162964820862,75.6711,53.220314,22.450783
98,39,80,0.883225679397583,75.81227,55.172775,20.639496
98,40,80,0.8507425785064697,64.585236,58.111885,6.4733505
98,41,80,0.8673267960548401,85.03837,61.096333,23.942036
98,42,80,0.7868462800979614,53.80001,62.260696,8.460686
98,43,80,0.8122979998588562,64.744965,52.25261,12.492355
98,44,80,0.8400111198425293,88.344444,59.545918,28.798527
98,45,80,0.8846054077148438,80.47887,53.055042,27.423824
98,46,80,0.7566133141517639,72.92324,56.05121,16.872032
98,47,80,0.7608577013015747,56.1182,64.53772,8.419521
98,48,80,0.890205442905426,76.27557,54.66567,21.609905
98,49,80,0.7859201431274414,69.54006,49.619453,19.920609
237,0,80,0.8472914695739746,64.546585,52.220623,12.325962
237,1,80,0.8382556438446045,53.308243,52.220448,1.0877953
237,2,80,0.365060955286026,43.3951,45.54003,2.1449318
237,3,80,0.731601357460022,43.44087,43.550316,0.10944748
237,4,80,0.8240638971328735,52.88262,61.571556,8.688934
237,5,80,0.816217303276062,54.02422,49.909782,4.114437
237,6,80,0.6757302284240723,54.214985,51.52407,2.6909142
237,7,80,0.7017619609832764,65.861275,49.06457,16.796703
237,8,80,0.8346760272979736,59.82687,56.218323,3.6085472
237,9,80,0.65652996301651,67.024445,47.9519,19.072544
237,10,80,0.8577346801757812,55.493538,53.974762,1.5187759
237,11,80,0.6929716467857361,58.257236,44.110115,14.147121
237,12,80,0.7524815797805786,51.633343,46.366673,5.26667
237,13,80,0.8329870700836182,61.039783,52.545216,8.494568
237,14,80,0.7967454195022583,66.49669,46.55739,19.9393
237,15,80,0.7023878693580627,48.758587,53.17792,4.4193344
237,16,80,0.7810522317886353,65.432785,45.394814,20.037971
237,17,80,0.7441152334213257,69.07281,46.718033,22.354774
237,18,80,0.7041585445404053,64.78659,47.70501,17.081581
237,19,80,0.5697031021118164,50.87308,52.952312,2.0792313
237,20,80,0.8884296417236328,58.000282,55.445923,2.5543594
237,21,80,0.8151121139526367,59.956593,51.989838,7.966755
237,22,80,0.6257798075675964,43.03797,51.279842,8.241871
237,23,80,0.8055202960968018,62.776447,47.72008,15.056366
237,24,80,0.7296508550643921,58.620525,48.04803,10.5724945
237,25,80,0.5553452372550964,58.4353,43.608685,14.826614
237,26,80,0.8106201887130737,66.22423,50.578457,15.645771
237,27,80,0.8055254817008972,53.46703,52.92731,0.5397186
237,28,80,0.7898427248001099,59.25343,54.767765,4.4856644
237,29,80,0.8591736555099487,57.98812,55.991417,1.9967041
237,30,80,0.7741222381591797,56.22255,48.878117,7.344433
237,31,80,0.7424561977386475,56.957695,48.773796,8.183899
237,32,80,0.8331558704376221,62.63156,50.138744,12.492817
237,33,80,0.6332165002822876,57.95713,45.39904,12.55809
237,34,80,0.8338078856468201,57.05581,58.41309,1.3572807
237,35,80,0.8476178646087646,58.144154,50.531487,7.612667
237,36,80,0.6394497156143188,42.926266,47.486618,4.5603523
237,37,80,0.7604475617408752,53.51153,47.77809,5.7334404
237,38,80,0.8638030290603638,63.88025,50.539204,13.341045
237,39,80,0.6963470578193665,48.578594,55.446617,6.868023
237,40,80,0.6827059388160706,48.810783,45.185707,3.6250763
237,41,80,0.7143754959106445,71.01766,49.009117,22.008545
237,42,80,0.32952746748924255,41.293682,52.621746,11.328064
237,43,80,0.6824968457221985,57.34316,48.762283,8.580875
237,44,80,0.6259721517562866,57.11485,44.547375,12.567474
237,45,80,0.6434212923049927,61.260933,45.371407,15.889526
237,46,80,0.5713814496994019,47.68151,46.199284,1.4822273
237,47,80,0.8457374572753906,55.69444,54.818077,0.87636185
237,48,80,0.6421368718147278,63.041256,41.294598,21.746658
237,49,80,0.8179264664649963,49.989544,52.23336,2.2438164
229,0,80,0.734971284866333,82.235634,49.28069,32.954945
229,1,80,0.9163813591003418,62.068226,60.2595,1.8087273
229,2,80,0.7439098358154297,54.187656,56.010357,1.8227005
229,3,80,0.9064509272575378,76.5994,54.96354,21.635864
229,4,80,0.8647779822349548,74.493904,54.573166,19.920738
229,5,80,0.9133121967315674,69.77235,60.048565,9.723782
229,6,80,0.8468465805053711,62.47393,50.33555,12.138382
229,7,80,0.8142029643058777,76.562,51.974052,24.587944
229,8,80,0.8638184070587158,56.768955,57.178577,0.4096222
229,9,80,0.7807170152664185,65.23679,48.971046,16.265747
229,10,80,0.7964481115341187,75.552956,52.622513,22.930443
229,11,80,0.8635836839675903,70.36961,58.59447,11.775143
229,12,80,0.742092490196228,72.05577,46.88959,25.16618
229,13,80,0.7066450119018555,49.420372,51.752945,2.332573
229,14,80,0.7757275700569153,78.24399,47.574287,30.6697
229,15,80,0.7713592648506165,55.61512,52.02269,3.59243
229,16,80,0.8836951851844788,63.00232,56.87712,6.1251984
229,17,80,0.9144015908241272,73.63694,62.200676,11.436264
229,18,80,0.731501579284668,70.5488,46.49322,24.055576
229,19,80,0.8055256009101868,62.754333,61.034794,1.7195396
229,20,80,0.805156409740448,56.92932,52.331276,4.5980453
229,21,80,0.768736720085144,70.84424,50.6515,20.192738
229,22,80,0.8510779738426208,66.830986,51.072205,15.758781
229,23,80,0.688440203666687,61.902405,45.923687,15.978718
229,24,80,0.7585684657096863,60.244324,45.832825,14.411499
229,25,80,0.773494303226471,66.34901,50.979507,15.369499
229,26,80,0.7912238240242004,56.504726,47.24429,9.260437
229,27,80,0.8412390351295471,68.18039,56.253555,11.926834
229,28,80,0.8136261701583862,52.20479,47.978573,4.2262154
229,29,80,0.7949604392051697,75.39158,48.206875,27.184704
229,30,80,0.8872361779212952,71.31418,62.34745,8.966728
229,31,80,0.81085205078125,50.88619,54.87237,3.9861832
229,32,80,0.857825517654419,63.46662,55.698307,7.7683144
229,33,80,0.8647006750106812,66.27631,52.48817,13.788143
229,34,80,0.8014759421348572,58.4778,50.650555,7.827244
229,35,80,0.7687335014343262,63.802143,45.00466,18.797482
229,36,80,0.5843508839607239,71.14437,45.969498,25.174873
229,37,80,0.8632531762123108,49.58805,55.16102,5.5729675
229,38,80,0.8966397643089294,61.903946,58.194847,3.7090988
229,39,80,0.7391228675842285,49.01642,50.667698,1.6512794
229,40,80,0.7382052540779114,63.349274,50.0645,13.284775
229,41,80,0.9018017053604126,61.6023,57.228085,4.374214
229,42,80,0.7868651151657104,63.958958,50.11828,13.840679
229,43,80,0.7416996955871582,78.83605,48.024204,30.811848
229,44,80,0.8152177333831787,69.45658,54.63451,14.822071
229,45,80,0.6697076559066772,78.04045,43.680744,34.359707
229,46,80,0.7379629611968994,62.190624,48.685352,13.505272
229,47,80,0.7210469245910645,64.54569,44.160755,20.384937
229,48,80,0.7264535427093506,60.948444,47.667934,13.28051
229,49,80,0.7146601676940918,79.87378,50.565376,29.308403
417,0,80,0.9238667488098145,61.41325,64.04553,2.6322823
417,1,80,0.7359877228736877,75.4356,49.82401,25.611591
417,2,80,0.8608806133270264,62.40872,48.29358,14.115139
417,3,80,0.7757645845413208,79.1138,51.20933,27.904469
417,4,80,0.8221942186355591,75.48539,48.65951,26.825878
417,5,80,0.8247586488723755,58.486935,49.046494,9.440441
417,6,80,0.820738673210144,61.91593,48.70143,13.2145
417,7,80,0.835625410079956,78.52925,50.875248,27.654003
417,8,80,0.9234448075294495,76.06627,63.08253,12.983738
417,9,80,0.7946194410324097,58.378708,60.155827,1.7771187
417,10,80,0.8041017055511475,76.5249,49.06757,27.457333
417,11,80,0.8835963606834412,69.89985,54.385868,15.513981
417,12,80,0.884533166885376,73.02805,55.32048,17.707573
417,13,80,0.8571470975875854,79.49882,57.96575,21.533066
417,14,80,0.8151700496673584,58.427853,58.00582,0.4220314
417,15,80,0.9404657483100891,81.0773,65.92489,15.152412
417,16,80,0.9310144186019897,70.30739,58.18142,12.125969
417,17,80,0.6749042272567749,73.72425,44.971096,28.753155
417,18,80,0.9424764513969421,87.552864,64.95891,22.593956
417,19,80,0.8816094398498535,86.32289,54.52362,31.79927
417,20,80,0.9361218214035034,80.71351,61.132298,19.581211
417,21,80,0.9051383137702942,74.16131,63.789642,10.371666
417,22,80,0.9075297713279724,75.84175,50.810585,25.031166
417,23,80,0.904279351234436,83.455894,61.15371,22.302185
417,24,80,0.8331682085990906,68.172356,47.45017,20.722187
417,25,80,0.846113383769989,88.0271,57.58401,30.443089
417,26,80,0.8427091836929321,47.9957,63.121994,15.126293
417,27,80,0.7325339317321777,55.897068,48.88117,7.0158997
417,28,80,0.8874405026435852,73.798256,54.092796,19.70546
417,29,80,0.7901774644851685,76.71115,53.72117,22.989983
417,30,80,0.8457426428794861,80.98217,53.838707,27.143463
417,31,80,0.9109847545623779,72.94968,64.54623,8.40345
417,32,80,0.7827684283256531,69.904526,44.47556,25.428967
417,33,80,0.8005466461181641,54.50451,64.289276,9.784767
417,34,80,0.9214160442352295,69.94237,58.665596,11.276772
417,35,80,0.9494808316230774,72.980255,67.379875,5.60038
417,36,80,0.9319016337394714,76.89116,57.941723,18.949436
417,37,80,0.8612539768218994,81.796585,53.029564,28.767021
417,38,80,0.8973312377929688,81.59141,61.35846,20.232948
417,39,80,0.889533519744873,71.2764,54.240314,17.036083
417,40,80,0.7590025067329407,85.09067,55.44438,29.646286
417,41,80,0.9568219184875488,75.21342,63.76183,11.451588
417,42,80,0.8886957764625549,75.537796,57.83223,17.705566
417,43,80,0.9180989265441895,74.37867,58.426445,15.952225
417,44,80,0.9284243583679199,65.61576,59.98371,5.6320496
417,45,80,0.8913540840148926,66.436844,58.23341,8.203434
417,46,80,0.7698754668235779,51.454548,51.096935,0.3576126
417,47,80,0.8541842103004456,75.95954,51.83394,24.125603
417,48,80,0.7301362752914429,48.99065,56.00306,7.012409
417,49,80,0.8143243789672852,84.17597,52.935795,31.240177
421,0,80,0.7201566100120544,78.17456,47.223183,30.951378
421,1,80,0.7450979351997375,83.45185,49.617294,33.834557
421,2,80,0.7161515951156616,62.572285,44.148315,18.42397
421,3,80,0.7283935546875,50.04778,51.461697,1.4139175
421,4,80,0.8086312413215637,58.4655,62.438046,3.9725456
421,5,80,0.7142212390899658,46.722355,54.823997,8.101643
421,6,80,0.7017869353294373,52.148033,52.69313,0.54509735
421,7,80,0.7131670713424683,53.994457,53.40298,0.59147644
421,8,80,0.8295811414718628,64.099335,54.20873,9.890606
421,9,80,0.8196642994880676,61.573174,49.95591,11.617264
421,10,80,0.794284999370575,59.128056,46.270805,12.85725
421,11,80,0.8641392588615417,78.267944,56.86855,21.399395
421,12,80,0.7770931720733643,70.19349,51.966293,18.227196
421,13,80,0.8430193066596985,67.429726,54.449966,12.979759
421,14,80,0.7376917600631714,69.61521,50.60087,19.014343
421,15,80,0.7538209557533264,51.80924,49.284855,2.5243835
421,16,80,0.7905406951904297,60.094044,54.751335,5.3427086
421,17,80,0.7198735475540161,68.71959,46.287296,22.432293
421,18,80,0.7006288766860962,70.614876,46.86495,23.749928
421,19,80,0.7825735807418823,64.771996,49.79023,14.981766
421,20,80,0.46424251794815063,43.114033,51.069515,7.9554825
421,21,80,0.5193635821342468,46.34043,45.222244,1.118187
421,22,80,0.8372922539710999,61.83604,53.44841,8.38763
421,23,80,0.5706141591072083,53.657288,45.136276,8.521011
421,24,80,0.8237203359603882,65.2532,50.264404,14.988792
421,25,80,0.8634772300720215,59.48437,54.058884,5.4254875
421,26,80,0.6125755906105042,50.37391,50.17803,0.19588089
421,27,80,0.6747112274169922,66.12506,47.15428,18.97078
421,28,80,0.6966290473937988,68.75803,44.86903,23.889004
421,29,80,0.6951122879981995,64.75602,44.51068,20.245338
421,30,80,0.7495191097259521,54.079636,47.93159,6.1480446
421,31,80,0.6290868520736694,52.273087,46.86489,5.4081955
421,32,80,0.7977855205535889,63.05113,48.34964,14.7014885
421,33,80,0.8217259645462036,67.15642,49.73907,17.417347
421,34,80,0.9100298285484314,70.71499,54.013485,16.701504
421,35,80,0.7166684865951538,53.356865,51.040344,2.3165207
421,36,80,0.8076409101486206,63.598534,49.5893,14.009235
421,37,80,0.7702848315238953,76.65652,50.899063,25.757454
421,38,80,0.716646671295166,51.6815,48.469807,3.2116928
421,39,80,0.5612987279891968,42.57127,56.99334,14.42207
421,40,80,0.6422867774963379,50.29589,50.40275,0.1068573
421,41,80,0.7701753377914429,64.96339,49.59004,15.373348
421,42,80,0.69868004322052,46.83278,47.09297,0.26019287
421,43,80,0.8233134746551514,58.950783,50.451992,8.498791
421,44,80,0.6193712949752808,68.289734,44.402374,23.88736
421,45,80,0.6868862509727478,61.469513,48.42897,13.040543
421,46,80,0.5401285886764526,52.211243,49.113224,3.0980186
421,47,80,0.796432614326477,55.251152,50.619816,4.631336
421,48,80,0.7517310380935669,68.17718,47.092842,21.084335
421,49,80,0.7821335792541504,55.41249,49.598732,5.813759
430,0,80,0.906819224357605,68.972115,62.235348,6.736767
430,1,80,0.9015409350395203,71.502304,56.947956,14.554348
430,2,80,0.9215081930160522,80.65993,63.29234,17.367588
430,3,80,0.8310595750808716,66.64741,50.037155,16.610252
430,4,80,0.7774512767791748,71.21361,51.77643,19.43718
430,5,80,0.6529842615127563,66.91587,44.38486,22.53101
430,6,80,0.8476927280426025,56.794563,55.957882,0.83668137
430,7,80,0.7713528871536255,81.35488,52.528194,28.826687
430,8,80,0.865687370300293,74.20747,53.225983,20.981491
430,9,80,0.8181403279304504,80.870636,53.53813,27.332504
430,10,80,0.7376187443733215,67.85189,44.873566,22.978325
430,11,80,0.728091299533844,57.91558,51.11418,6.801399
430,12,80,0.8457951545715332,59.398052,57.466442,1.9316101
430,13,80,0.8542158603668213,82.51754,50.478863,32.038677
430,14,80,0.667127251625061,48.73296,53.285145,4.552185
430,15,80,0.7795711755752563,61.264484,50.45449,10.809994
430,16,80,0.8997433185577393,70.3194,55.096165,15.223232
430,17,80,0.8753968477249146,69.66137,50.185665,19.475704
430,18,80,0.9016851782798767,59.264606,62.441074,3.176468
430,19,80,0.8646042346954346,74.53241,50.787502,23.744907
430,20,80,0.7900903224945068,66.91275,50.586098,16.326653
430,21,80,0.8895136117935181,59.516506,54.426853,5.089653
430,22,80,0.6144223213195801,67.03422,42.772633,24.261585
430,23,80,0.6606367230415344,90.02257,48.688625,41.333942
430,24,80,0.8582881689071655,76.39724,50.53008,25.86716
430,25,80,0.8594617247581482,69.278694,51.894653,17.38404
430,26,80,0.8583101034164429,73.9086,48.02948,25.87912
430,27,80,0.855950117111206,65.117645,57.22535,7.892296
430,28,80,0.8197414875030518,78.1437,52.06678,26.07692
430,29,80,0.9201200604438782,84.51829,57.883274,26.635014
430,30,80,0.9198595881462097,69.78224,63.54256,6.2396812
430,31,80,0.8744368553161621,83.18352,55.882713,27.300804
430,32,80,0.6586463451385498,72.08684,43.856586,28.230251
430,33,80,0.7737776041030884,61.586327,46.32259,15.263737
430,34,80,0.8941373825073242,67.171,56.34143,10.829567
430,35,80,0.6902093887329102,61.58152,45.43565,16.14587
430,36,80,0.8365302681922913,70.09066,59.98937,10.101292
430,37,80,0.8713598251342773,76.88151,55.394676,21.486832
430,38,80,0.9224295616149902,66.58021,66.299614,0.28059387
430,39,80,0.7529374957084656,59.658936,53.41663,6.2423058
430,40,80,0.36401426792144775,40.165802,56.961754,16.795952
430,41,80,0.843934178352356,60.934536,53.625767,7.308769
430,42,80,0.8381946086883545,58.441395,49.020176,9.421219
430,43,80,0.8408913612365723,80.29723,53.62738,26.669853
430,44,80,0.8644392490386963,70.2411,55.558,14.683098
430,45,80,0.8645908236503601,56.158722,58.83431,2.6755867
430,46,80,0.9202893972396851,72.33711,68.303635,4.033478
430,47,80,0.9301077127456665,71.800995,60.697235,11.10376
430,48,80,0.9042431116104126,69.88924,55.322277,14.566959
430,49,80,0.7310398817062378,74.08673,50.68217,23.40456
668,0,80,0.8148945569992065,60.75872,52.22678,8.53194
668,1,80,0.8214931488037109,77.82225,55.085236,22.737015
668,2,80,0.818659782409668,73.8933,50.454994,23.438309
668,3,80,0.9008651971817017,62.137703,54.2944,7.8433037
668,4,80,0.7189838290214539,75.20372,46.532356,28.671364
668,5,80,0.9025917649269104,61.207047,60.452095,0.7549515
668,6,80,0.8863409757614136,64.960625,56.034153,8.926472
668,7,80,0.7869389057159424,67.72341,48.329033,19.394379
668,8,80,0.8228622674942017,60.03345,49.02788,11.005569
668,9,80,0.7981815338134766,74.67693,48.521896,26.155037
668,10,80,0.7835087776184082,77.18299,46.854866,30.328125
668,11,80,0.8881800174713135,72.47854,54.31264,18.165897
668,12,80,0.919247031211853,59.13162,58.766865,0.36475372
668,13,80,0.7543379068374634,70.74548,48.67277,22.072712
668,14,80,0.9357640743255615,69.557816,57.59806,11.959755
668,15,80,0.8084951639175415,52.899544,49.476006,3.4235382
668,16,80,0.780793309211731,74.6815,49.20918,25.472324
668,17,80,0.8571643829345703,83.88511,51.084885,32.800224
668,18,80,0.8831705451011658,59.27125,53.612225,5.659027
668,19,80,0.9003207683563232,77.005615,57.940845,19.06477
668,20,80,0.7987043857574463,84.311165,54.61245,29.698715
668,21,80,0.8846602439880371,60.053375,59.563053,0.4903221
668,22,80,0.9060883522033691,71.282845,63.85292,7.429924
668,23,80,0.9153984785079956,66.48746,60.86805,5.6194077
668,24,80,0.9021914601325989,58.500103,58.261913,0.2381897
668,25,80,0.7474899291992188,72.41527,49.69321,22.722057
668,26,80,0.7766339778900146,51.554848,52.49159,0.9367409
668,27,80,0.9122161865234375,72.5717,58.7369,13.834801
668,28,80,0.9461476802825928,85.00605,61.87539,23.130661
668,29,80,0.9211635589599609,69.06735,58.75576,10.311592
668,30,80,0.7519016265869141,82.28559,49.674515,32.611076
668,31,80,0.8900909423828125,71.00933,55.33307,15.676262
668,32,80,0.8732181787490845,71.2087,50.041935,21.166767
668,33,80,0.9520493745803833,71.765015,72.40766,0.6426468
668,34,80,0.8373028635978699,53.396328,61.013924,7.6175957
668,35,80,0.8592787981033325,65.760956,50.29464,15.466316
668,36,80,0.8944114446640015,61.72767,60.43777,1.2898979
668,37,80,0.8054084777832031,73.95016,48.66703,25.283127
668,38,80,0.9460020065307617,73.46752,64.68635,8.781174
668,39,80,0.757333517074585,56.137016,48.96666,7.1703568
668,40,80,0.8764822483062744,63.411938,53.031437,10.380501
668,41,80,0.8933990597724915,70.385284,55.013958,15.371326
668,42,80,0.8691258430480957,67.00129,52.46771,14.533581
668,43,80,0.8921991586685181,77.24464,61.174133,16.070503
668,44,80,0.9030468463897705,67.94423,60.450935,7.493294
668,45,80,0.8209068179130554,57.724014,54.753994,2.9700203
668,46,80,0.8796590566635132,72.31074,52.896534,19.414204
668,47,80,0.8739585876464844,60.50989,55.83544,4.67445
668,48,80,0.8320642113685608,60.76965,55.193157,5.5764923
668,49,80,0.8831191658973694,73.7728,53.046013,20.726784
757,0,80,0.8841238617897034,77.26184,53.656483,23.605358
757,1,80,0.7006661891937256,51.261814,49.2462,2.0156136
757,2,80,0.5967259407043457,48.460674,53.47883,5.018154
757,3,80,0.7593435049057007,44.28249,52.98721,8.70472
757,4,80,0.8763017654418945,49.868378,60.167995,10.299618
757,5,80,0.7871497869491577,71.006454,49.240116,21.766338
757,6,80,0.8229427933692932,82.464035,51.9074,30.556637
757,7,80,0.8280423283576965,57.912178,54.52962,3.382557
757,8,80,0.7777247428894043,73.59888,52.20616,21.392715
757,9,80,0.6500603556632996,79.820076,47.593548,32.22653
757,10,80,0.8254932165145874,54.98222,51.61238,3.3698387
757,11,80,0.8791418075561523,61.506554,57.311764,4.19479
757,12,80,0.8105801939964294,56.40401,48.160027,8.243984
757,13,80,0.8653703331947327,61.741467,57.291157,4.4503098
757,14,80,0.872295618057251,69.80429,53.494843,16.309448
757,15,80,0.857894241809845,70.639366,50.622932,20.016434
757,16,80,0.8774394989013672,73.50972,56.97112,16.5386
757,17,80,0.7910540103912354,72.56585,52.832253,19.733597
757,18,80,0.7701623439788818,45.199203,51.533916,6.334713
757,19,80,0.8859184980392456,69.79787,53.946087,15.85178
757,20,80,0.8553940057754517,73.59217,53.52235,20.06982
757,21,80,0.8363043069839478,59.206623,49.85507,9.351555
757,22,80,0.8391026258468628,76.71823,49.80303,26.915203
757,23,80,0.8093332648277283,66.28469,48.480255,17.804436
757,24,80,0.70348060131073,51.361492,51.12942,0.23207092
757,25,80,0.6710295677185059,65.033424,43.90676,21.126663
757,26,80,0.8896790742874146,66.28947,60.053513,6.2359543
757,27,80,0.8287537693977356,66.72805,52.51797,14.210079
757,28,80,0.8477064371109009,71.26424,50.70391,20.560326
757,29,80,0.8391497731208801,76.68717,52.389748,24.297424
757,30,80,0.7261927127838135,60.714607,47.88492,12.829689
757,31,80,0.7795653343200684,54.044956,46.518177,7.526779
757,32,80,0.8842692375183105,61.081806,51.635395,9.446411
757,33,80,0.7661088705062866,62.24942,53.49252,8.756901
757,34,80,0.8361173868179321,54.261787,52.606396,1.6553917
757,35,80,0.8680996894836426,80.68286,53.850914,26.831947
757,36,80,0.8018949627876282,72.14289,51.697544,20.445347
757,37,80,0.7998474836349487,52.964,51.085705,1.8782959
757,38,80,0.7466259002685547,63.475636,47.329536,16.1461
757,39,80,0.8582628965377808,78.32996,51.653023,26.67694
757,40,80,0.7385569214820862,72.38589,49.96459,22.421299
757,41,80,0.8156870007514954,81.30474,56.255344,25.049397
757,42,80,0.7211006879806519,44.442375,50.85349,6.4111137
757,43,80,0.8932086825370789,72.71245,55.939617,16.772831
757,44,80,0.7430752515792847,64.94437,48.12369,16.820675
757,45,80,0.7688319683074951,58.310894,51.11129,7.199604
757,46,80,0.8325308561325073,64.50678,50.206512,14.30027
757,47,80,0.8205742835998535,78.423775,50.91733,27.506443
757,48,80,0.8031352758407593,54.43894,50.2624,4.1765366
757,49,80,0.7602773308753967,63.24354,49.531437,13.712105
814,0,80,0.8199512958526611,53.012505,53.98058,0.9680748
814,1,80,0.808779239654541,73.80396,50.02702,23.776943
814,2,80,0.7634127140045166,65.55829,51.050144,14.508144
814,3,80,0.8550907373428345,67.081116,52.427868,14.653248
814,4,80,0.8955885171890259,85.94261,56.319305,29.623306
814,5,80,0.909734845161438,70.147644,57.624218,12.523426
814,6,80,0.8860395550727844,75.722336,52.607643,23.114693
814,7,80,0.9085553288459778,70.77567,59.90897,10.866703
814,8,80,0.8360408544540405,70.556175,54.06161,16.494564
814,9,80,0.8928850293159485,74.83652,62.899605,11.936913
814,10,80,0.8455439805984497,66.7809,48.980373,17.800526
814,11,80,0.7273073196411133,53.905403,50.976837,2.928566
814,12,80,0.8791764378547668,70.94022,53.405605,17.534618
814,13,80,0.7339991331100464,81.34048,47.660145,33.680332
814,14,80,0.8957982659339905,65.43992,59.321846,6.1180725
814,15,80,0.821982741355896,79.47269,51.610336,27.86235
814,16,80,0.8489011526107788,67.040665,48.432194,18.60847
814,17,80,0.8626043796539307,56.946087,61.617302,4.671215
814,18,80,0.7681034803390503,88.66925,49.52752,39.14173
814,19,80,0.9240437150001526,63.1982,58.481697,4.716503
814,20,80,0.797709584236145,63.2359,51.913315,11.322586
814,21,80,0.8489736318588257,75.82106,56.225418,19.595642
814,22,80,0.9343459606170654,79.51899,64.94855,14.570442
814,23,80,0.817746102809906,58.59862,60.11208,1.5134583
814,24,80,0.8148010969161987,57.18084,53.737125,3.4437141
814,25,80,0.8924254179000854,66.8256,57.446568,9.379032
814,26,80,0.8922984004020691,77.60256,59.747528,17.855034
814,27,80,0.8116934299468994,69.03769,50.787247,18.250443
814,28,80,0.7943142652511597,73.43389,54.85253,18.58136
814,29,80,0.7917284965515137,72.85112,49.76678,23.08434
814,30,80,0.8577581644058228,59.373493,63.840366,4.466873
814,31,80,0.854080319404602,71.434006,50.787148,20.646858
814,32,80,0.7496294379234314,53.81698,51.833374,1.9836044
814,33,80,0.807676374912262,61.246525,51.031483,10.215042
814,34,80,0.8167878985404968,58.268974,54.669334,3.59964
814,35,80,0.9034029245376587,62.165974,64.822914,2.6569405
814,36,80,0.9223292469978333,73.78003,62.786694,10.993336
814,37,80,0.8935835957527161,60.017277,57.710987,2.3062897
814,38,80,0.6606665253639221,73.7705,46.211285,27.559216
814,39,80,0.9101684093475342,76.18559,60.126945,16.058647
814,40,80,0.7053232192993164,49.194664,58.18235,8.987686
814,41,80,0.7387661933898926,69.505104,49.7347,19.770405
814,42,80,0.7896615266799927,57.696163,51.29348,6.4026833
814,43,80,0.8624769449234009,71.59649,55.584698,16.011791
814,44,80,0.6918355226516724,64.29798,42.91419,21.383793
814,45,80,0.8470610976219177,67.20532,50.50488,16.700443
814,46,80,0.9244900345802307,77.805,62.15905,15.64595
814,47,80,0.8202912211418152,75.30726,50.376225,24.931034
814,48,80,0.8297086954116821,83.07959,53.046974,30.032616
814,49,80,0.8837497234344482,71.340645,55.68481,15.655834
235,0,90,0.755335807800293,56.88876,52.915092,3.9736671
235,1,90,0.6954420804977417,60.069027,48.270393,11.798634
235,2,90,0.6891117095947266,49.951733,49.042038,0.9096947
235,3,90,0.8278335928916931,49.8669,52.77229,2.9053879
235,4,90,0.7511783838272095,58.653744,49.22455,9.429195
235,5,90,0.8461997509002686,51.89902,58.02436,6.1253395
235,6,90,0.8167632818222046,56.70776,54.61285,2.0949097
235,7,90,0.7713699340820312,58.777252,50.57289,8.204361
235,8,90,0.7537692785263062,61.25714,51.98144,9.2757
235,9,90,0.8032482862472534,58.55376,52.216194,6.3375664
235,10,90,0.7752904891967773,56.206833,51.349735,4.8570976
235,11,90,0.7873462438583374,56.98961,52.11123,4.87838
235,12,90,0.8011044263839722,57.387165,55.539562,1.8476028
235,13,90,0.7278379201889038,54.446163,47.86577,6.5803947
235,14,90,0.7798453569412231,57.873375,51.132698,6.740677
235,15,90,0.7491751909255981,65.40108,46.67987,18.721207
235,16,90,0.7238962054252625,51.927757,55.388126,3.460369
235,17,90,0.8316056728363037,62.182415,49.966694,12.215721
235,18,90,0.7377945184707642,53.22702,47.8442,5.38282
235,19,90,0.6831302642822266,68.11534,48.734333,19.381008
235,20,90,0.7414674758911133,52.98418,44.290405,8.693775
235,21,90,0.7876179218292236,51.55202,50.812645,0.73937607
235,22,90,0.7949137091636658,58.672054,47.937504,10.73455
235,23,90,0.747478187084198,58.8091,49.55697,9.252132
235,24,90,0.6351022720336914,40.209484,52.228867,12.019382
235,25,90,0.6880345344543457,63.768368,44.578815,19.189552
235,26,90,0.7692581415176392,61.712784,49.06697,12.645813
235,27,90,0.8669769763946533,57.78585,54.44731,3.3385391
235,28,90,0.7786574959754944,47.29136,49.79213,2.5007706
235,29,90,0.7257251739501953,44.510868,49.383656,4.8727875
235,30,90,0.712408185005188,48.103413,49.61382,1.5104065
235,31,90,0.8239927887916565,56.9142,50.987186,5.9270134
235,32,90,0.7270700931549072,51.775818,49.44565,2.3301697
235,33,90,0.7191372513771057,51.153194,47.628155,3.5250397
235,34,90,0.6783326268196106,51.87734,52.539997,0.6626587
235,35,90,0.7871581315994263,53.550236,51.049217,2.5010185
235,36,90,0.7722994089126587,49.972507,51.69399,1.7214813
235,37,90,0.843822181224823,52.80172,51.493324,1.3083954
235,38,90,0.7129108905792236,53.13188,52.675198,0.4566841
235,39,90,0.7327830791473389,58.34427,51.96569,6.378578
235,40,90,0.8397045731544495,54.056072,51.908554,2.1475182
235,41,90,0.847923994064331,51.555656,50.807137,0.7485199
235,42,90,0.7212995886802673,53.750576,49.416264,4.3343124
235,43,90,0.6852976083755493,62.81697,47.05975,15.757221
235,44,90,0.7228572368621826,63.57467,49.942207,13.632462
235,45,90,0.7868428230285645,53.48503,47.316944,6.168087
235,46,90,0.8534826636314392,69.13949,53.12403,16.015457
235,47,90,0.7999413013458252,57.872383,48.07526,9.797123
235,48,90,0.8052796125411987,74.27232,46.694126,27.578197
235,49,90,0.8503220677375793,60.968304,55.4149,5.553402
98,0,90,0.8327440619468689,67.1964,52.290833,14.905571
98,1,90,0.8379594683647156,68.46778,53.654984,14.812798
98,2,90,0.7065951228141785,54.28136,54.22606,0.055301666
98,3,90,0.9143401384353638,66.184654,56.46891,9.715744
98,4,90,0.826263427734375,70.444954,55.373955,15.070999
98,5,90,0.8383821249008179,70.57329,49.658936,20.914352
98,6,90,0.7951465845108032,76.6348,50.62642,26.008385
98,7,90,0.8361979722976685,74.23392,54.79735,19.436565
98,8,90,0.8780735731124878,64.06676,62.212555,1.8542023
98,9,90,0.8683387041091919,72.01656,52.818394,19.19817
98,10,90,0.754723072052002,85.332825,48.233974,37.09885
98,11,90,0.9046247601509094,72.64061,59.886986,12.753624
98,12,90,0.8501793742179871,79.99109,49.180195,30.810894
98,13,90,0.758682131767273,74.89864,46.845276,28.053368
98,14,90,0.8318272829055786,72.74657,48.521866,24.2247
98,15,90,0.8775345087051392,77.35429,54.102634,23.251652
98,16,90,0.8185549974441528,81.34167,50.229546,31.112122
98,17,90,0.8632463216781616,74.52733,51.362446,23.164883
98,18,90,0.8498156070709229,62.42913,50.32827,12.100861
98,19,90,0.8411697149276733,76.41568,52.98849,23.427189
98,20,90,0.7775673866271973,85.14623,48.601006,36.545227
98,21,90,0.7382606267929077,63.772297,54.20702,9.565277
98,22,90,0.8505831360816956,68.169106,49.477535,18.69157
98,23,90,0.8160284757614136,63.721535,52.8621,10.859436
98,24,90,0.7633935213088989,80.139565,45.102077,35.037487
98,25,90,0.8079611659049988,67.92239,53.55931,14.363083
98,26,90,0.760615348815918,76.061195,50.29186,25.769337
98,27,90,0.7957465052604675,61.157562,64.46543,3.307869
98,28,90,0.8532524704933167,75.62361,51.039993,24.583618
98,29,90,0.7857744693756104,67.10091,53.689808,13.4110985
98,30,90,0.7979424595832825,76.84527,47.465984,29.379284
98,31,90,0.8228738903999329,84.95254,54.3428,30.609737
98,32,90,0.8778105974197388,80.79921,57.22524,23.57397
98,33,90,0.8564903140068054,67.07805,53.784264,13.293785
98,34,90,0.8774548768997192,80.40906,56.79614,23.612919
98,35,90,0.7480592727661133,76.17822,48.53906,27.639164
98,36,90,0.7992706298828125,66.84333,50.38613,16.4572
98,37,90,0.7780990600585938,86.30393,52.35831,33.94562
98,38,90,0.7236108183860779,75.6711,47.89636,27.774738
98,39,90,0.7949963808059692,75.81227,50.908936,24.903336
98,40,90,0.7424813508987427,64.585236,46.655697,17.929539
98,41,90,0.7731987237930298,85.03837,50.989784,34.048584
98,42,90,0.7327920198440552,53.80001,53.663532,0.13647842
98,43,90,0.8666545152664185,64.744965,51.896973,12.847992
98,44,90,0.8112725019454956,88.344444,51.937798,36.406647
98,45,90,0.8695061206817627,80.47887,51.317944,29.160923
98,46,90,0.7443217039108276,72.92324,51.877117,21.046124
98,47,90,0.7461973428726196,56.1182,53.642162,2.476036
98,48,90,0.7734483480453491,76.27557,49.714626,26.560947
98,49,90,0.7716299295425415,69.54006,46.703114,22.836948
237,0,90,0.7854087948799133,64.546585,49.556736,14.989849
237,1,90,0.8675036430358887,53.308243,51.206905,2.1013374
237,2,90,0.30410298705101013,43.3951,47.57303,4.177929
237,3,90,0.6757216453552246,43.44087,50.336014,6.8951454
237,4,90,0.8206847310066223,52.88262,53.999775,1.1171532
237,5,90,0.7510653734207153,54.02422,46.63605,7.3881683
237,6,90,0.6298576593399048,54.214985,47.318897,6.8960876
237,7,90,0.7007385492324829,65.861275,51.221497,14.639778
237,8,90,0.8136191368103027,59.82687,53.303806,6.5230637
237,9,90,0.6940021514892578,67.024445,49.003277,18.021168
237,10,90,0.7815544605255127,55.493538,47.231785,8.261753
237,11,90,0.7243012189865112,58.257236,44.99774,13.259495
237,12,90,0.7138429880142212,51.633343,48.07172,3.5616226
237,13,90,0.8094442486763,61.039783,52.47592,8.563862
237,14,90,0.7895083427429199,66.49669,53.009254,13.487434
237,15,90,0.6694038510322571,48.758587,50.42455,1.6659622
237,16,90,0.7574459910392761,65.432785,48.388096,17.04469
237,17,90,0.7035354971885681,69.07281,45.56946,23.503345
237,18,90,0.7205169200897217,64.78659,43.689095,21.097496
237,19,90,0.5723501443862915,50.87308,50.36509,0.5079918
237,20,90,0.8818159103393555,58.000282,54.82733,3.1729507
237,21,90,0.7660577297210693,59.956593,47.964165,11.992428
237,22,90,0.618209958076477,43.03797,53.376133,10.338161
237,23,90,0.7533022165298462,62.776447,47.992443,14.784004
237,24,90,0.7666563987731934,58.620525,49.17249,9.448036
237,25,90,0.7201061248779297,58.4353,47.555786,10.879513
237,26,90,0.7606252431869507,66.22423,49.58928,16.634949
237,27,90,0.7456144094467163,53.46703,46.112812,7.3542175
237,28,90,0.7591030597686768,59.25343,54.863056,4.390373
237,29,90,0.8123959302902222,57.98812,52.28462,5.7035027
237,30,90,0.7813000679016113,56.22255,47.782413,8.440136
237,31,90,0.6281749606132507,56.957695,44.10099,12.856705
237,32,90,0.7622257471084595,62.63156,46.06025,16.571312
237,33,90,0.6849689483642578,57.95713,44.560986,13.396145
237,34,90,0.8172376155853271,57.05581,50.86237,6.1934395
237,35,90,0.7553430199623108,58.144154,50.403843,7.7403107
237,36,90,0.6319884061813354,42.926266,48.481186,5.55492
237,37,90,0.7284013032913208,53.51153,48.00082,5.5107117
237,38,90,0.8937646150588989,63.88025,57.658993,6.2212563
237,39,90,0.6680452823638916,48.578594,50.67825,2.0996552
237,40,90,0.6472964286804199,48.810783,47.53984,1.2709427
237,41,90,0.733324408531189,71.01766,47.964085,23.053577
237,42,90,0.37810176610946655,41.293682,48.353745,7.0600624
237,43,90,0.7102516889572144,57.34316,46.913857,10.429302
237,44,90,0.6746537685394287,57.11485,45.51764,11.59721
237,45,90,0.7042664289474487,61.260933,44.741913,16.51902
237,46,90,0.5530180335044861,47.68151,49.58565,1.9041405
237,47,90,0.8072333335876465,55.69444,51.47069,4.2237473
237,48,90,0.6748168468475342,63.041256,44.97567,18.065586
237,49,90,0.7849283814430237,49.989544,50.328693,0.33914948
229,0,90,0.7695388197898865,82.235634,50.681026,31.554607
229,1,90,0.8302508592605591,62.068226,49.664917,12.403309
229,2,90,0.6886443495750427,54.187656,53.013905,1.1737518
229,3,90,0.8099685907363892,76.5994,50.4317,26.167702
229,4,90,0.8142005205154419,74.493904,51.78573,22.708176
229,5,90,0.8647658824920654,69.77235,55.058517,14.713829
229,6,90,0.7937346696853638,62.47393,52.49635,9.977581
229,7,90,0.7891333103179932,76.562,48.87944,27.682556
229,8,90,0.7427668571472168,56.768955,49.925575,6.84338
229,9,90,0.7519621253013611,65.23679,50.42256,14.814232
229,10,90,0.7758673429489136,75.552956,49.76826,25.784695
229,11,90,0.8050114512443542,70.36961,53.720306,16.649307
229,12,90,0.7343896627426147,72.05577,47.884132,24.171638
229,13,90,0.6245046854019165,49.420372,47.98605,1.4343224
229,14,90,0.733095645904541,78.24399,46.417156,31.826832
229,15,90,0.7647794485092163,55.61512,51.835804,3.779316
229,16,90,0.8552203178405762,63.00232,54.38013,8.622189
229,17,90,0.8816330432891846,73.63694,57.60582,16.03112
229,18,90,0.7203735113143921,70.5488,49.433815,21.114983
229,19,90,0.7846660614013672,62.754333,53.20987,9.544464
229,20,90,0.7845240235328674,56.92932,55.800747,1.1285744
229,21,90,0.7635579109191895,70.84424,53.69173,17.152508
229,22,90,0.7868912220001221,66.830986,47.43541,19.395576
229,23,90,0.7248213291168213,61.902405,45.841427,16.060978
229,24,90,0.756690263748169,60.244324,46.838337,13.405987
229,25,90,0.7531523704528809,66.34901,49.847797,16.50121
229,26,90,0.7510402202606201,56.504726,49.37416,7.1305656
229,27,90,0.792436957359314,68.18039,50.44177,17.73862
229,28,90,0.7036837935447693,52.20479,49.266544,2.9382439
229,29,90,0.7515519261360168,75.39158,48.52832,26.863258
229,30,90,0.8177534937858582,71.31418,51.596546,19.717632
229,31,90,0.8301025629043579,50.88619,58.650112,7.7639236
229,32,90,0.8027896881103516,63.46662,52.65006,10.816563
229,33,90,0.8162460327148438,66.27631,50.93743,15.338882
229,34,90,0.7269886136054993,58.4778,46.549114,11.928684
229,35,90,0.7644816637039185,63.802143,47.939648,15.862495
229,36,90,0.6986079812049866,71.14437,47.038464,24.105907
229,37,90,0.790332555770874,49.58805,48.56696,1.0210915
229,38,90,0.8373451232910156,61.903946,51.23215,10.671795
229,39,90,0.6853883266448975,49.01642,50.566246,1.5498276
229,40,90,0.7645723819732666,63.349274,49.488125,13.861149
229,41,90,0.7987748980522156,61.6023,50.340298,11.262001
229,42,90,0.8092533946037292,63.958958,52.630432,11.328526
229,43,90,0.6756845116615295,78.83605,47.381573,31.45448
229,44,90,0.758840799331665,69.45658,49.748386,19.708195
229,45,90,0.6869131326675415,78.04045,45.563637,32.476814
229,46,90,0.6943842768669128,62.190624,44.705467,17.485157
229,47,90,0.6331018209457397,64.54569,47.385265,17.160427
229,48,90,0.6999063491821289,60.948444,51.324207,9.624237
229,49,90,0.7786412239074707,79.87378,52.919407,26.954372
417,0,90,0.8733807802200317,61.41325,52.862934,8.550316
417,1,90,0.7571134567260742,75.4356,52.096416,23.339184
417,2,90,0.8512135148048401,62.40872,48.916737,13.4919815
417,3,90,0.8481892347335815,79.1138,51.0672,28.0466
417,4,90,0.8969064950942993,75.48539,55.004906,20.480484
417,5,90,0.7567788362503052,58.486935,49.396263,9.090672
417,6,90,0.7753337621688843,61.91593,49.183456,12.732475
417,7,90,0.812291145324707,78.52925,47.52848,31.00077
417,8,90,0.89544278383255,76.06627,56.53889,19.527378
417,9,90,0.8059487342834473,58.378708,59.062,0.6832924
417,10,90,0.8200910091400146,76.5249,50.177853,26.34705
417,11,90,0.8791624307632446,69.89985,51.536385,18.363464
417,12,90,0.8441705703735352,73.02805,51.09509,21.932964
417,13,90,0.8476142883300781,79.49882,53.14275,26.356068
417,14,90,0.7595569491386414,58.427853,50.31635,8.111504
417,15,90,0.8978365659713745,81.0773,55.11373,25.96357
417,16,90,0.9114853739738464,70.30739,59.051025,11.256363
417,17,90,0.6951746940612793,73.72425,45.797844,27.926407
417,18,90,0.9062251448631287,87.552864,60.90555,26.647316
417,19,90,0.8373935222625732,86.32289,48.292175,38.030716
417,20,90,0.926651120185852,80.71351,58.84819,21.865318
417,21,90,0.8854590654373169,74.16131,60.484154,13.677155
417,22,90,0.8908387422561646,75.84175,53.269176,22.572575
417,23,90,0.8500285744667053,83.455894,56.13137,27.324524
417,24,90,0.7999935746192932,68.172356,47.764164,20.408192
417,25,90,0.8494781255722046,88.0271,58.064404,29.962696
417,26,90,0.830806314945221,47.9957,57.896988,9.901287
417,27,90,0.7656055092811584,55.897068,48.94205,6.955017
417,28,90,0.8560173511505127,73.798256,55.25647,18.541786
417,29,90,0.8192870616912842,76.71115,56.786312,19.924839
417,30,90,0.7591832876205444,80.98217,49.902912,31.079258
417,31,90,0.8848330974578857,72.94968,55.22929,17.720387
417,32,90,0.7867792844772339,69.904526,45.82922,24.075306
417,33,90,0.7910749912261963,54.50451,60.470573,5.9660645
417,34,90,0.9082599878311157,69.94237,57.257553,12.684814
417,35,90,0.8908564448356628,72.980255,55.847095,17.13316
417,36,90,0.9055370688438416,76.89116,55.493774,21.397385
417,37,90,0.8428945541381836,81.796585,56.93778,24.858807
417,38,90,0.8874928951263428,81.59141,59.013756,22.577652
417,39,90,0.8766307234764099,71.2764,51.31798,19.958416
417,40,90,0.7972908020019531,85.09067,55.981182,29.109486
417,41,90,0.9159576892852783,75.21342,57.66894,17.544476
417,42,90,0.8806586265563965,75.537796,55.39466,20.143135
417,43,90,0.819416344165802,74.37867,56.463894,17.914776
417,44,90,0.9217432737350464,65.61576,57.04676,8.569
417,45,90,0.8769748210906982,66.436844,55.645275,10.791569
417,46,90,0.762819766998291,51.454548,52.203323,0.7487755
417,47,90,0.8027324080467224,75.95954,46.873978,29.085564
417,48,90,0.7018575072288513,48.99065,50.224068,1.2334175
417,49,90,0.7866315841674805,84.17597,51.286488,32.889484
421,0,90,0.8412508368492126,78.17456,52.590042,25.584518
421,1,90,0.7173455357551575,83.45185,49.4381,34.013752
421,2,90,0.7658754587173462,62.572285,46.26697,16.305313
421,3,90,0.7099686861038208,50.04778,50.562943,0.5151634
421,4,90,0.8183377981185913,58.4655,61.32717,2.8616714
421,5,90,0.6174660921096802,46.722355,43.794838,2.927517
421,6,90,0.6383758783340454,52.148033,54.468643,2.32061
421,7,90,0.685286819934845,53.994457,49.486313,4.5081444
421,8,90,0.7705446481704712,64.099335,48.438416,15.660919
421,9,90,0.7851583957672119,61.573174,49.626503,11.946671
421,10,90,0.775498628616333,59.128056,52.429623,6.698433
421,11,90,0.8333146572113037,78.267944,52.409607,25.858337
421,12,90,0.7371702194213867,70.19349,49.209316,20.984173
421,13,90,0.7740073204040527,67.429726,49.498062,17.931664
421,14,90,0.7101751565933228,69.61521,51.702003,17.913208
421,15,90,0.6919252872467041,51.80924,45.773914,6.035324
421,16,90,0.7535037398338318,60.094044,50.698395,9.395649
421,17,90,0.7661837339401245,68.71959,48.04786,20.67173
421,18,90,0.8405139446258545,70.614876,52.763916,17.85096
421,19,90,0.7757943868637085,64.771996,50.87521,13.896786
421,20,90,0.429324209690094,43.114033,54.188087,11.074055
421,21,90,0.503460705280304,46.34043,44.297543,2.0428886
421,22,90,0.7361583709716797,61.83604,48.495605,13.340435
421,23,90,0.5385012626647949,53.657288,47.114315,6.5429726
421,24,90,0.7193237543106079,65.2532,45.887062,19.366135
421,25,90,0.8360447883605957,59.48437,56.880974,2.6033974
421,26,90,0.643783450126648,50.37391,53.257866,2.883957
421,27,90,0.7312939167022705,66.12506,49.754436,16.370625
421,28,90,0.7404729127883911,68.75803,50.53023,18.227802
421,29,90,0.7111040353775024,64.75602,45.253456,19.502563
421,30,90,0.722933292388916,54.079636,49.189037,4.8905983
421,31,90,0.6797733306884766,52.273087,44.81761,7.455475
421,32,90,0.7441229820251465,63.05113,49.921635,13.129494
421,33,90,0.7521361112594604,67.15642,50.1864,16.970016
421,34,90,0.8044507503509521,70.71499,49.84844,20.86655
421,35,90,0.668337345123291,53.356865,47.20974,6.1471252
421,36,90,0.8020068407058716,63.598534,50.362427,13.236107
421,37,90,0.7558357119560242,76.65652,48.825043,27.831474
421,38,90,0.7088547945022583,51.6815,49.542843,2.1386566
421,39,90,0.5527974367141724,42.57127,55.81527,13.2439995
421,40,90,0.630308210849762,50.29589,44.872852,5.4230385
421,41,90,0.6939527988433838,64.96339,49.357494,15.605892
421,42,90,0.6312131285667419,46.83278,47.644432,0.81165314
421,43,90,0.735349178314209,58.950783,47.768517,11.182266
421,44,90,0.7150740027427673,68.289734,47.296715,20.99302
421,45,90,0.7128328084945679,61.469513,49.76761,11.701904
421,46,90,0.5935672521591187,52.211243,49.79926,2.4119835
421,47,90,0.7422134876251221,55.251152,46.967793,8.28336
421,48,90,0.762391984462738,68.17718,47.745213,20.431965
421,49,90,0.7854031920433044,55.41249,49.884365,5.528126
430,0,90,0.8843727111816406,68.972115,55.7658,13.206314
430,1,90,0.875305712223053,71.502304,54.20211,17.300194
430,2,90,0.9018312692642212,80.65993,57.72443,22.935497
430,3,90,0.8197922110557556,66.64741,51.38918,15.258228
430,4,90,0.7695469856262207,71.21361,52.339966,18.873642
430,5,90,0.641878068447113,66.91587,45.44545,21.47042
430,6,90,0.8006510734558105,56.794563,52.3947,4.399864
430,7,90,0.824296236038208,81.35488,53.55916,27.795723
430,8,90,0.8338132500648499,74.20747,55.819252,18.388222
430,9,90,0.8863483667373657,80.870636,56.13751,24.733128
430,10,90,0.6569547653198242,67.85189,47.96519,19.8867
430,11,90,0.7592030167579651,57.91558,57.85824,0.05734253
430,12,90,0.8186050057411194,59.398052,54.509163,4.8888893
430,13,90,0.8252279162406921,82.51754,53.269188,29.248352
430,14,90,0.6644873023033142,48.73296,51.06203,2.329071
430,15,90,0.7534269690513611,61.264484,49.730125,11.534359
430,16,90,0.8563621044158936,70.3194,57.58384,12.735558
430,17,90,0.8754749298095703,69.66137,54.381504,15.279865
430,18,90,0.8681442141532898,59.264606,53.56849,5.6961174
430,19,90,0.8221566677093506,74.53241,52.02805,22.50436
430,20,90,0.7740318179130554,66.91275,47.7261,19.18665
430,21,90,0.8545861840248108,59.516506,52.073017,7.443489
430,22,90,0.7151516675949097,67.03422,47.43295,19.601269
430,23,90,0.6213169693946838,90.02257,45.950157,44.07241
430,24,90,0.8454807996749878,76.39724,51.57831,24.818932
430,25,90,0.8332782983779907,69.278694,53.83924,15.439453
430,26,90,0.7913613319396973,73.9086,47.091587,26.817013
430,27,90,0.7803002595901489,65.117645,52.660618,12.457027
430,28,90,0.8290034532546997,78.1437,54.654263,23.489437
430,29,90,0.8683748245239258,84.51829,51.247147,33.27114
430,30,90,0.8504840135574341,69.78224,53.98712,15.79512
430,31,90,0.7983258962631226,83.18352,51.061337,32.12218
430,32,90,0.7209953665733337,72.08684,48.70114,23.385696
430,33,90,0.749154806137085,61.586327,46.129818,15.456509
430,34,90,0.8901682496070862,67.171,56.75964,10.411358
430,35,90,0.7373840808868408,61.58152,47.267643,14.313877
430,36,90,0.7108190059661865,70.09066,51.95756,18.133099
430,37,90,0.8501586318016052,76.88151,55.112965,21.768543
430,38,90,0.848035454750061,66.58021,53.17883,13.401379
430,39,90,0.7444624900817871,59.658936,51.881786,7.777149
430,40,90,0.41855165362358093,40.165802,49.044926,8.879124
430,41,90,0.822945237159729,60.934536,54.72317,6.2113647
430,42,90,0.7981745004653931,58.441395,46.784992,11.656403
430,43,90,0.8699019551277161,80.29723,56.911526,23.385708
430,44,90,0.7761248350143433,70.2411,50.766426,19.47467
430,45,90,0.8241348266601562,56.158722,55.956882,0.20183945
430,46,90,0.8840588927268982,72.33711,57.505608,14.831505
430,47,90,0.9078958034515381,71.800995,54.260506,17.54049
430,48,90,0.8862261772155762,69.88924,53.631004,16.258232
430,49,90,0.7292292714118958,74.08673,48.18639,25.900341
668,0,90,0.8235856294631958,60.75872,51.943222,8.815498
668,1,90,0.7663253545761108,77.82225,49.02483,28.79742
668,2,90,0.8308776021003723,73.8933,48.786903,25.1064
668,3,90,0.8611688613891602,62.137703,52.2891,9.848602
668,4,90,0.7049115896224976,75.20372,45.445515,29.758205
668,5,90,0.8267257213592529,61.207047,50.299606,10.90744
668,6,90,0.8066744804382324,64.960625,52.966805,11.99382
668,7,90,0.7738348245620728,67.72341,48.084343,19.639069
668,8,90,0.8762695789337158,60.03345,52.89893,7.1345215
668,9,90,0.8035460710525513,74.67693,51.0801,23.596832
668,10,90,0.7782429456710815,77.18299,47.960358,29.222633
668,11,90,0.7892067432403564,72.47854,50.064457,22.414082
668,12,90,0.8847932815551758,59.13162,55.5515,3.58012
668,13,90,0.8014334440231323,70.74548,53.190414,17.555069
668,14,90,0.8291887640953064,69.557816,51.138718,18.419098
668,15,90,0.7939034700393677,52.899544,49.06051,3.839035
668,16,90,0.77641761302948,74.6815,49.431072,25.250431
668,17,90,0.8583779335021973,83.88511,51.57253,32.31258
668,18,90,0.8460725545883179,59.27125,53.225338,6.0459137
668,19,90,0.7777503728866577,77.005615,48.900497,28.105118
668,20,90,0.768499493598938,84.311165,51.80263,32.508533
668,21,90,0.8519817590713501,60.053375,51.149063,8.904312
668,22,90,0.8842293620109558,71.282845,54.40238,16.880463
668,23,90,0.8444850444793701,66.48746,54.789635,11.697823
668,24,90,0.8786899447441101,58.500103,51.52457,6.9755325
668,25,90,0.7726073861122131,72.41527,47.88864,24.526627
668,26,90,0.789563775062561,51.554848,51.0831,0.47174835
668,27,90,0.8639476299285889,72.5717,50.62248,21.949223
668,28,90,0.8822265863418579,85.00605,52.476948,32.529102
668,29,90,0.9222211241722107,69.06735,59.58841,9.478943
668,30,90,0.74241703748703,82.28559,49.886086,32.399506
668,31,90,0.8613107204437256,71.00933,55.0573,15.95203
668,32,90,0.852177619934082,71.2087,51.731174,19.477528
668,33,90,0.9054046869277954,71.765015,54.451195,17.31382
668,34,90,0.837881326675415,53.396328,53.81601,0.41968155
668,35,90,0.8360137939453125,65.760956,52.866417,12.894539
668,36,90,0.871585488319397,61.72767,56.017387,5.7102814
668,37,90,0.8873334527015686,73.95016,52.912144,21.038013
668,38,90,0.9261800646781921,73.46752,63.82395,9.64357
668,39,90,0.7943997383117676,56.137016,51.4851,4.6519165
668,40,90,0.7819347381591797,63.411938,49.10111,14.310829
668,41,90,0.800416886806488,70.385284,56.83349,13.551796
668,42,90,0.796764612197876,67.00129,49.331593,17.669697
668,43,90,0.8753299713134766,77.24464,58.87046,18.374176
668,44,90,0.834428608417511,67.94423,56.62253,11.321697
668,45,90,0.770976185798645,57.724014,54.962917,2.761097
668,46,90,0.8602855205535889,72.31074,51.956722,20.354015
668,47,90,0.8166651725769043,60.50989,51.97448,8.535412
668,48,90,0.8074314594268799,60.76965,53.106667,7.662983
668,49,90,0.7688831090927124,73.7728,47.553715,26.219082
757,0,90,0.7925719022750854,77.26184,45.68191,31.57993
757,1,90,0.7311053276062012,51.261814,50.88294,0.37887573
757,2,90,0.5418993830680847,48.460674,48.837963,0.37728882
757,3,90,0.7603155374526978,44.28249,50.890957,6.608467
757,4,90,0.8482791185379028,49.868378,54.405746,4.537369
757,5,90,0.7831357717514038,71.006454,51.951946,19.054508
757,6,90,0.7905822992324829,82.464035,50.271122,32.192913
757,7,90,0.7935581207275391,57.912178,52.216988,5.6951904
757,8,90,0.7536129951477051,73.59888,53.81235,19.786526
757,9,90,0.697638213634491,79.820076,47.755234,32.064842
757,10,90,0.7846894264221191,54.98222,52.58558,2.3966408
757,11,90,0.8731018304824829,61.506554,55.24228,6.2642746
757,12,90,0.7779574990272522,56.40401,47.609127,8.794884
757,13,90,0.8185832500457764,61.741467,51.6449,10.096565
757,14,90,0.8598321676254272,69.80429,53.083263,16.721027
757,15,90,0.8048737049102783,70.639366,51.54564,19.093727
757,16,90,0.8403767347335815,73.50972,52.168026,21.341694
757,17,90,0.8256546258926392,72.56585,54.11058,18.455269
757,18,90,0.7840570211410522,45.199203,50.185974,4.9867706
757,19,90,0.8307353258132935,69.79787,50.721813,19.076054
757,20,90,0.8100064992904663,73.59217,52.177303,21.414867
757,21,90,0.8203126192092896,59.206623,48.693676,10.512947
757,22,90,0.8202690482139587,76.71823,49.74308,26.975151
757,23,90,0.7635735273361206,66.28469,50.098015,16.186676
757,24,90,0.7158423066139221,51.361492,54.348434,2.9869423
757,25,90,0.6973300576210022,65.033424,47.627426,17.405998
757,26,90,0.8417838215827942,66.28947,52.763596,13.525871
757,27,90,0.8598420023918152,66.72805,56.363857,10.364193
757,28,90,0.8472846746444702,71.26424,50.234016,21.03022
757,29,90,0.8125492930412292,76.68717,50.373337,26.313835
757,30,90,0.778919517993927,60.714607,49.426216,11.288391
757,31,90,0.7139538526535034,54.044956,45.085587,8.95937
757,32,90,0.8672437071800232,61.081806,52.004005,9.077801
757,33,90,0.8131796717643738,62.24942,49.305424,12.943996
757,34,90,0.7723574042320251,54.261787,53.265755,0.9960327
757,35,90,0.822874903678894,80.68286,51.026672,29.656189
757,36,90,0.7252426147460938,72.14289,49.75091,22.39198
757,37,90,0.7301934957504272,52.964,50.36844,2.595562
757,38,90,0.7894728183746338,63.475636,48.88044,14.595196
757,39,90,0.8258208632469177,78.32996,51.329823,27.000141
757,40,90,0.7754291296005249,72.38589,50.69534,21.690548
757,41,90,0.8156704902648926,81.30474,52.27806,29.02668
757,42,90,0.6919329166412354,44.442375,51.887394,7.445019
757,43,90,0.8545324206352234,72.71245,51.550385,21.162064
757,44,90,0.7626930475234985,64.94437,48.680325,16.264042
757,45,90,0.7593472599983215,58.310894,49.211433,9.099461
757,46,90,0.8390281796455383,64.50678,49.687088,14.8196945
757,47,90,0.8402926921844482,78.423775,55.954426,22.469349
757,48,90,0.7936658263206482,54.43894,49.31501,5.123928
757,49,90,0.7699509859085083,63.24354,54.934235,8.309307
814,0,90,0.7957487106323242,53.012505,51.69386,1.3186455
814,1,90,0.8017454743385315,73.80396,50.5782,23.225761
814,2,90,0.7640892863273621,65.55829,49.090195,16.468094
814,3,90,0.8095875978469849,67.081116,52.992653,14.088463
814,4,90,0.8747450113296509,85.94261,55.47857,30.464043
814,5,90,0.8702727556228638,70.147644,52.74407,17.403576
814,6,90,0.7998403906822205,75.722336,50.113613,25.608723
814,7,90,0.8805787563323975,70.77567,54.06564,16.710033
814,8,90,0.8195203542709351,70.556175,56.0477,14.508476
814,9,90,0.8552855849266052,74.83652,56.228367,18.60815
814,10,90,0.8441001176834106,66.7809,51.676914,15.103985
814,11,90,0.7888055443763733,53.905403,53.250042,0.6553612
814,12,90,0.8268615007400513,70.94022,50.24598,20.694244
814,13,90,0.7697826623916626,81.34048,50.021122,31.319355
814,14,90,0.866797685623169,65.43992,57.339867,8.100052
814,15,90,0.7917767763137817,79.47269,49.615974,29.856712
814,16,90,0.838778018951416,67.040665,47.15537,19.885296
814,17,90,0.8306126594543457,56.946087,56.914074,0.03201294
814,18,90,0.7849623560905457,88.66925,49.611534,39.057716
814,19,90,0.8829591274261475,63.1982,53.961327,9.236874
814,20,90,0.8391458988189697,63.2359,53.68733,9.548573
814,21,90,0.8679434061050415,75.82106,54.30502,21.51604
814,22,90,0.854621410369873,79.51899,52.703243,26.815746
814,23,90,0.7933045625686646,58.59862,53.957787,4.640835
814,24,90,0.7950239181518555,57.18084,51.31188,5.8689613
814,25,90,0.8951894044876099,66.8256,55.031216,11.794384
814,26,90,0.9123787879943848,77.60256,61.143936,16.458626
814,27,90,0.7556732296943665,69.03769,48.004604,21.033085
814,28,90,0.7842241525650024,73.43389,51.210976,22.222916
814,29,90,0.7986358404159546,72.85112,48.062546,24.788574
814,30,90,0.8245751261711121,59.373493,60.346046,0.97255325
814,31,90,0.843694806098938,71.434006,53.94033,17.493675
814,32,90,0.7753275632858276,53.81698,52.262856,1.5541229
814,33,90,0.7631262540817261,61.246525,47.84871,13.397816
814,34,90,0.7932696342468262,58.268974,50.666576,7.602398
814,35,90,0.8537299633026123,62.165974,52.41413,9.7518425
814,36,90,0.8292074203491211,73.78003,51.454052,22.325977
814,37,90,0.8707786798477173,60.017277,54.561516,5.455761
814,38,90,0.7549631595611572,73.7705,50.84699,22.923512
814,39,90,0.872717022895813,76.18559,55.96391,20.221684
814,40,90,0.6793141961097717,49.194664,55.335606,6.1409416
814,41,90,0.7593183517456055,69.505104,49.043175,20.46193
814,42,90,0.7832728624343872,57.696163,50.460007,7.2361565
814,43,90,0.8380477428436279,71.59649,51.342964,20.253525
814,44,90,0.7543621063232422,64.29798,48.863556,15.434425
814,45,90,0.8325322866439819,67.20532,50.495575,16.709747
814,46,90,0.8117731809616089,77.805,49.89743,27.90757
814,47,90,0.7530893087387085,75.30726,47.152332,28.154926
814,48,90,0.8873923420906067,83.07959,56.5123,26.567291
814,49,90,0.7945568561553955,71.340645,48.303352,23.037292
