class_id,img_idx,ksize,sigma,cos_sim
235,0,5,1.0,0.9491590857505798
235,0,5,2.0,0.9283461570739746
235,0,5,4.0,0.9288880825042725
235,0,5,9.0,0.9295214414596558
235,0,7,2.0,0.9042232036590576
235,0,7,4.0,0.9107727408409119
235,0,7,13.5,0.9132448434829712
235,0,7,15.0,0.9132680296897888
235,0,11,2.0,0.8999266028404236
235,0,11,5.0,0.8710440397262573
235,1,5,1.0,0.9152345657348633
235,1,5,2.0,0.8912061452865601
235,1,5,4.0,0.8838797807693481
235,1,5,9.0,0.8805828094482422
235,1,7,2.0,0.8821633458137512
235,1,7,4.0,0.870206356048584
235,1,7,13.5,0.8639207482337952
235,1,7,15.0,0.8637112379074097
235,1,11,2.0,0.8745502829551697
235,1,11,5.0,0.6938149929046631
235,2,5,1.0,0.8200476765632629
235,2,5,2.0,0.7331916093826294
235,2,5,4.0,0.7366188168525696
235,2,5,9.0,0.7408673763275146
235,2,7,2.0,0.6807819604873657
235,2,7,4.0,0.6725196838378906
235,2,7,13.5,0.675789475440979
235,2,7,15.0,0.675859808921814
235,2,11,2.0,0.6590596437454224
235,2,11,5.0,0.5794804096221924
235,3,5,1.0,0.9180626273155212
235,3,5,2.0,0.9048891663551331
235,3,5,4.0,0.9053990840911865
235,3,5,9.0,0.9048187732696533
235,3,7,2.0,0.8798098564147949
235,3,7,4.0,0.8772714734077454
235,3,7,13.5,0.8833150863647461
235,3,7,15.0,0.8833861351013184
235,3,11,2.0,0.8713387250900269
235,3,11,5.0,0.8231719732284546
235,4,5,1.0,0.9333890676498413
235,4,5,2.0,0.859200119972229
235,4,5,4.0,0.8548254370689392
235,4,5,9.0,0.8548921346664429
235,4,7,2.0,0.8295109868049622
235,4,7,4.0,0.820231556892395
235,4,7,13.5,0.8196776509284973
235,4,7,15.0,0.819637656211853
235,4,11,2.0,0.8139245510101318
235,4,11,5.0,0.7505021095275879
235,5,5,1.0,0.9376070499420166
235,5,5,2.0,0.8861774206161499
235,5,5,4.0,0.8703385591506958
235,5,5,9.0,0.86319500207901
235,5,7,2.0,0.8460170030593872
235,5,7,4.0,0.8441629409790039
235,5,7,13.5,0.837780237197876
235,5,7,15.0,0.8372968435287476
235,5,11,2.0,0.8339101076126099
235,5,11,5.0,0.7956687808036804
235,6,5,1.0,0.9537879228591919
235,6,5,2.0,0.9371746182441711
235,6,5,4.0,0.9348500967025757
235,6,5,9.0,0.9337677955627441
235,6,7,2.0,0.908087968826294
235,6,7,4.0,0.9024882316589355
235,6,7,13.5,0.9035944938659668
235,6,7,15.0,0.9036041498184204
235,6,11,2.0,0.8957135677337646
235,6,11,5.0,0.863951563835144
235,7,5,1.0,0.9614923000335693
235,7,5,2.0,0.9449383020401001
235,7,5,4.0,0.9476363658905029
235,7,5,9.0,0.9470816254615784
235,7,7,2.0,0.9180482625961304
235,7,7,4.0,0.9146164655685425
235,7,7,13.5,0.9170625805854797
235,7,7,15.0,0.9171153903007507
235,7,11,2.0,0.9066881537437439
235,7,11,5.0,0.8769228458404541
235,8,5,1.0,0.9523839354515076
235,8,5,2.0,0.9533404111862183
235,8,5,4.0,0.9557923078536987
235,8,5,9.0,0.9543544054031372
235,8,7,2.0,0.9418911933898926
235,8,7,4.0,0.9286485910415649
235,8,7,13.5,0.918728232383728
235,8,7,15.0,0.9184927940368652
235,8,11,2.0,0.932544469833374
235,8,11,5.0,0.8638371825218201
235,9,5,1.0,0.960800051689148
235,9,5,2.0,0.9076526761054993
235,9,5,4.0,0.8927791714668274
235,9,5,9.0,0.8955959677696228
235,9,7,2.0,0.9324244260787964
235,9,7,4.0,0.8978147506713867
235,9,7,13.5,0.883847177028656
235,9,7,15.0,0.8837308883666992
235,9,11,2.0,0.9194067716598511
235,9,11,5.0,0.8329223990440369
235,10,5,1.0,0.9531084299087524
235,10,5,2.0,0.9381777048110962
235,10,5,4.0,0.9349355101585388
235,10,5,9.0,0.9336106181144714
235,10,7,2.0,0.9134233593940735
235,10,7,4.0,0.8893369436264038
235,10,7,13.5,0.8769915699958801
235,10,7,15.0,0.8768645524978638
235,10,11,2.0,0.8929699659347534
235,10,11,5.0,0.7645184993743896
235,11,5,1.0,0.9025713205337524
235,11,5,2.0,0.871562123298645
235,11,5,4.0,0.8683040142059326
235,11,5,9.0,0.8674262166023254
235,11,7,2.0,0.8522738218307495
235,11,7,4.0,0.8491513729095459
235,11,7,13.5,0.8468806743621826
235,11,7,15.0,0.8468444347381592
235,11,11,2.0,0.8541873693466187
235,11,11,5.0,0.834854245185852
235,12,5,1.0,0.9314125776290894
235,12,5,2.0,0.9221945405006409
235,12,5,4.0,0.922972559928894
235,12,5,9.0,0.9230501651763916
235,12,7,2.0,0.9084421396255493
235,12,7,4.0,0.9003312587738037
235,12,7,13.5,0.9023805856704712
235,12,7,15.0,0.9024088382720947
235,12,11,2.0,0.8897558450698853
235,12,11,5.0,0.877250075340271
235,13,5,1.0,0.939277172088623
235,13,5,2.0,0.877829909324646
235,13,5,4.0,0.8277298212051392
235,13,5,9.0,0.8127134442329407
235,13,7,2.0,0.78863126039505
235,13,7,4.0,0.6451424360275269
235,13,7,13.5,0.5620895624160767
235,13,7,15.0,0.5606883764266968
235,13,11,2.0,0.7901878356933594
235,13,11,5.0,0.4119703769683838
235,14,5,1.0,0.9143884778022766
235,14,5,2.0,0.9001269340515137
235,14,5,4.0,0.8975958824157715
235,14,5,9.0,0.896194338798523
235,14,7,2.0,0.8996402621269226
235,14,7,4.0,0.8957857489585876
235,14,7,13.5,0.8907981514930725
235,14,7,15.0,0.8906875848770142
235,14,11,2.0,0.8984692096710205
235,14,11,5.0,0.8679951429367065
235,15,5,1.0,0.9618975520133972
235,15,5,2.0,0.9505457282066345
235,15,5,4.0,0.9533706903457642
235,15,5,9.0,0.9541555643081665
235,15,7,2.0,0.944383978843689
235,15,7,4.0,0.9372149109840393
235,15,7,13.5,0.9357073307037354
235,15,7,15.0,0.9356676340103149
235,15,11,2.0,0.9362571239471436
235,15,11,5.0,0.8738493919372559
235,16,5,1.0,0.8595269322395325
235,16,5,2.0,0.8392143845558167
235,16,5,4.0,0.8640643358230591
235,16,5,9.0,0.8703532218933105
235,16,7,2.0,0.7995096445083618
235,16,7,4.0,0.7957783937454224
235,16,7,13.5,0.7976086139678955
235,16,7,15.0,0.7976575493812561
235,16,11,2.0,0.7872885465621948
235,16,11,5.0,0.6941102743148804
235,17,5,1.0,0.9750247597694397
235,17,5,2.0,0.9686083793640137
235,17,5,4.0,0.967909038066864
235,17,5,9.0,0.9680477976799011
235,17,7,2.0,0.9600930213928223
235,17,7,4.0,0.9586700201034546
235,17,7,13.5,0.9583923816680908
235,17,7,15.0,0.9583515524864197
235,17,11,2.0,0.9560918807983398
235,17,11,5.0,0.9403886795043945
235,18,5,1.0,0.9561197757720947
235,18,5,2.0,0.9389780163764954
235,18,5,4.0,0.9394950866699219
235,18,5,9.0,0.9398626089096069
235,18,7,2.0,0.913104772567749
235,18,7,4.0,0.9065845012664795
235,18,7,13.5,0.9069780111312866
235,18,7,15.0,0.9070000648498535
235,18,11,2.0,0.8991758823394775
235,18,11,5.0,0.801547646522522
235,19,5,1.0,0.9732217788696289
235,19,5,2.0,0.9666986465454102
235,19,5,4.0,0.9665959477424622
235,19,5,9.0,0.96532142162323
235,19,7,2.0,0.9562245011329651
235,19,7,4.0,0.9551849365234375
235,19,7,13.5,0.955880880355835
235,19,7,15.0,0.9558979272842407
235,19,11,2.0,0.9515066146850586
235,19,11,5.0,0.9258300065994263
235,20,5,1.0,0.9479343891143799
235,20,5,2.0,0.92508864402771
235,20,5,4.0,0.9205415844917297
235,20,5,9.0,0.9195297360420227
235,20,7,2.0,0.901968240737915
235,20,7,4.0,0.8891959190368652
235,20,7,13.5,0.879570484161377
235,20,7,15.0,0.8794745206832886
235,20,11,2.0,0.889142632484436
235,20,11,5.0,0.8555605411529541
235,21,5,1.0,0.9538220167160034
235,21,5,2.0,0.9254083037376404
235,21,5,4.0,0.9226683378219604
235,21,5,9.0,0.9231916666030884
235,21,7,2.0,0.9003471732139587
235,21,7,4.0,0.9024170637130737
235,21,7,13.5,0.9004054665565491
235,21,7,15.0,0.9002933502197266
235,21,11,2.0,0.890587568283081
235,21,11,5.0,0.8285372257232666
235,22,5,1.0,0.9524441361427307
235,22,5,2.0,0.9375296831130981
235,22,5,4.0,0.9340895414352417
235,22,5,9.0,0.9331590533256531
235,22,7,2.0,0.921808123588562
235,22,7,4.0,0.9153581857681274
235,22,7,13.5,0.9161057472229004
235,22,7,15.0,0.9161445498466492
235,22,11,2.0,0.91774582862854
235,22,11,5.0,0.8740952014923096
235,23,5,1.0,0.9551477432250977
235,23,5,2.0,0.936028242111206
235,23,5,4.0,0.9300747513771057
235,23,5,9.0,0.9283021092414856
235,23,7,2.0,0.9099649786949158
235,23,7,4.0,0.8889141082763672
235,23,7,13.5,0.8821586966514587
235,23,7,15.0,0.8820066452026367
235,23,11,2.0,0.901222825050354
235,23,11,5.0,0.7628377676010132
235,24,5,1.0,0.9018621444702148
235,24,5,2.0,0.8650058507919312
235,24,5,4.0,0.8579930067062378
235,24,5,9.0,0.8555982112884521
235,24,7,2.0,0.8014930486679077
235,24,7,4.0,0.771472692489624
235,24,7,13.5,0.7667287588119507
235,24,7,15.0,0.766494631767273
235,24,11,2.0,0.7790858745574951
235,24,11,5.0,0.6632131338119507
235,25,5,1.0,0.9138443470001221
235,25,5,2.0,0.8980916738510132
235,25,5,4.0,0.9207980036735535
235,25,5,9.0,0.9228628873825073
235,25,7,2.0,0.8703954219818115
235,25,7,4.0,0.8706003427505493
235,25,7,13.5,0.8746294975280762
235,25,7,15.0,0.8746864795684814
235,25,11,2.0,0.860101044178009
235,25,11,5.0,0.8124112486839294
235,26,5,1.0,0.9699577689170837
235,26,5,2.0,0.9526031017303467
235,26,5,4.0,0.9487318396568298
235,26,5,9.0,0.9471144676208496
235,26,7,2.0,0.9316396713256836
235,26,7,4.0,0.9160963296890259
235,26,7,13.5,0.9177806377410889
235,26,7,15.0,0.9178149700164795
235,26,11,2.0,0.9206047058105469
235,26,11,5.0,0.8258293867111206
235,27,5,1.0,0.958823561668396
235,27,5,2.0,0.9331488013267517
235,27,5,4.0,0.9288241863250732
235,27,5,9.0,0.9268060326576233
235,27,7,2.0,0.8982970118522644
235,27,7,4.0,0.8584190011024475
235,27,7,13.5,0.8548354506492615
235,27,7,15.0,0.8548191785812378
235,27,11,2.0,0.8818662166595459
235,27,11,5.0,0.8285877704620361
235,28,5,1.0,0.9421107769012451
235,28,5,2.0,0.9197981357574463
235,28,5,4.0,0.9183872938156128
235,28,5,9.0,0.9174337387084961
235,28,7,2.0,0.894646406173706
235,28,7,4.0,0.8869848251342773
235,28,7,13.5,0.8868165612220764
235,28,7,15.0,0.8868082761764526
235,28,11,2.0,0.8826028108596802
235,28,11,5.0,0.8380559682846069
235,29,5,1.0,0.8931682705879211
235,29,5,2.0,0.8377714157104492
235,29,5,4.0,0.8310261368751526
235,29,5,9.0,0.8283298015594482
235,29,7,2.0,0.7943636178970337
235,29,7,4.0,0.7693747282028198
235,29,7,13.5,0.7753221988677979
235,29,7,15.0,0.7753252983093262
235,29,11,2.0,0.7739149332046509
235,29,11,5.0,0.6577603220939636
235,30,5,1.0,0.9347516298294067
235,30,5,2.0,0.9215041995048523
235,30,5,4.0,0.9245727062225342
235,30,5,9.0,0.9231177568435669
235,30,7,2.0,0.8871159553527832
235,30,7,4.0,0.8780282735824585
235,30,7,13.5,0.8667417764663696
235,30,7,15.0,0.866479754447937
235,30,11,2.0,0.8778825998306274
235,30,11,5.0,0.7752280235290527
235,31,5,1.0,0.9604284763336182
235,31,5,2.0,0.9468351602554321
235,31,5,4.0,0.9436905980110168
235,31,5,9.0,0.9433082938194275
235,31,7,2.0,0.920312225818634
235,31,7,4.0,0.9121627807617188
235,31,7,13.5,0.9135845303535461
235,31,7,15.0,0.9136030673980713
235,31,11,2.0,0.9015272259712219
235,31,11,5.0,0.851188600063324
235,32,5,1.0,0.9483902454376221
235,32,5,2.0,0.8950375318527222
235,32,5,4.0,0.8665263056755066
235,32,5,9.0,0.8642248511314392
235,32,7,2.0,0.8542102575302124
235,32,7,4.0,0.8394310474395752
235,32,7,13.5,0.8262928128242493
235,32,7,15.0,0.8261396288871765
235,32,11,2.0,0.8457255363464355
235,32,11,5.0,0.781927227973938
235,33,5,1.0,0.9310914278030396
235,33,5,2.0,0.9122391939163208
235,33,5,4.0,0.9211961030960083
235,33,5,9.0,0.9222533106803894
235,33,7,2.0,0.8700448274612427
235,33,7,4.0,0.8783934712409973
235,33,7,13.5,0.8846963047981262
235,33,7,15.0,0.8848341703414917
235,33,11,2.0,0.8462072610855103
235,33,11,5.0,0.7856541872024536
235,34,5,1.0,0.8695377111434937
235,34,5,2.0,0.8140692114830017
235,34,5,4.0,0.8118385672569275
235,34,5,9.0,0.8106354475021362
235,34,7,2.0,0.7401548027992249
235,34,7,4.0,0.6897619366645813
235,34,7,13.5,0.6747610569000244
235,34,7,15.0,0.6747387647628784
235,34,11,2.0,0.7067297697067261
235,34,11,5.0,0.5213168263435364
235,35,5,1.0,0.8959521651268005
235,35,5,2.0,0.8725736737251282
235,35,5,4.0,0.8722083568572998
235,35,5,9.0,0.870805025100708
235,35,7,2.0,0.8595761656761169
235,35,7,4.0,0.8399874567985535
235,35,7,13.5,0.8281079530715942
235,35,7,15.0,0.8279028534889221
235,35,11,2.0,0.8527266979217529
235,35,11,5.0,0.8025614023208618
235,36,5,1.0,0.9344059228897095
235,36,5,2.0,0.9043087363243103
235,36,5,4.0,0.9053524732589722
235,36,5,9.0,0.9057965874671936
235,36,7,2.0,0.8822847008705139
235,36,7,4.0,0.882908046245575
235,36,7,13.5,0.8864978551864624
235,36,7,15.0,0.8865503072738647
235,36,11,2.0,0.8781611919403076
235,36,11,5.0,0.8516438007354736
235,37,5,1.0,0.9445253014564514
235,37,5,2.0,0.9181287884712219
235,37,5,4.0,0.921407163143158
235,37,5,9.0,0.9221159219741821
235,37,7,2.0,0.900830090045929
235,37,7,4.0,0.8805580735206604
235,37,7,13.5,0.8696631789207458
235,37,7,15.0,0.8695731163024902
235,37,11,2.0,0.8913257122039795
235,37,11,5.0,0.7889934778213501
235,38,5,1.0,0.9154617786407471
235,38,5,2.0,0.88188636302948
235,38,5,4.0,0.8824114799499512
235,38,5,9.0,0.8824484348297119
235,38,7,2.0,0.8541678190231323
235,38,7,4.0,0.8265494108200073
235,38,7,13.5,0.7861068844795227
235,38,7,15.0,0.7850914001464844
235,38,11,2.0,0.8393813371658325
235,38,11,5.0,0.5365443229675293
235,39,5,1.0,0.9556514024734497
235,39,5,2.0,0.9445428848266602
235,39,5,4.0,0.945831835269928
235,39,5,9.0,0.9463986754417419
235,39,7,2.0,0.9338090419769287
235,39,7,4.0,0.930356502532959
235,39,7,13.5,0.924915611743927
235,39,7,15.0,0.9247909784317017
235,39,11,2.0,0.927071213722229
235,39,11,5.0,0.8965625762939453
235,40,5,1.0,0.9338594675064087
235,40,5,2.0,0.9074611663818359
235,40,5,4.0,0.9049274921417236
235,40,5,9.0,0.9055521488189697
235,40,7,2.0,0.8698028326034546
235,40,7,4.0,0.8714861273765564
235,40,7,13.5,0.8885113000869751
235,40,7,15.0,0.8886972665786743
235,40,11,2.0,0.8563026189804077
235,40,11,5.0,0.8250577449798584
235,41,5,1.0,0.9513517022132874
235,41,5,2.0,0.9337633848190308
235,41,5,4.0,0.9321791529655457
235,41,5,9.0,0.9315303564071655
235,41,7,2.0,0.9096393585205078
235,41,7,4.0,0.9021233320236206
235,41,7,13.5,0.8979831337928772
235,41,7,15.0,0.8979166746139526
235,41,11,2.0,0.8984420895576477
235,41,11,5.0,0.8357210755348206
235,42,5,1.0,0.9152645468711853
235,42,5,2.0,0.8687844276428223
235,42,5,4.0,0.864672064781189
235,42,5,9.0,0.8648076057434082
235,42,7,2.0,0.824413537979126
235,42,7,4.0,0.8063990473747253
235,42,7,13.5,0.805475652217865
235,42,7,15.0,0.8055070638656616
235,42,11,2.0,0.8064092397689819
235,42,11,5.0,0.7169285416603088
235,43,5,1.0,0.9196583032608032
235,43,5,2.0,0.9131239056587219
235,43,5,4.0,0.9085249900817871
235,43,5,9.0,0.9057455062866211
235,43,7,2.0,0.9008187651634216
235,43,7,4.0,0.882936954498291
235,43,7,13.5,0.8857035040855408
235,43,7,15.0,0.8858723044395447
235,43,11,2.0,0.889648973941803
235,43,11,5.0,0.842705488204956
235,44,5,1.0,0.947320818901062
235,44,5,2.0,0.9379180073738098
235,44,5,4.0,0.9270340204238892
235,44,5,9.0,0.9241271018981934
235,44,7,2.0,0.9248985052108765
235,44,7,4.0,0.912969172000885
235,44,7,13.5,0.908795177936554
235,44,7,15.0,0.9086821675300598
235,44,11,2.0,0.9196189641952515
235,44,11,5.0,0.8404601812362671
235,45,5,1.0,0.9331035017967224
235,45,5,2.0,0.9269409775733948
235,45,5,4.0,0.9264298677444458
235,45,5,9.0,0.9279477596282959
235,45,7,2.0,0.915324866771698
235,45,7,4.0,0.8993619680404663
235,45,7,13.5,0.8842930793762207
235,45,7,15.0,0.8841772079467773
235,45,11,2.0,0.9054975509643555
235,45,11,5.0,0.8723955154418945
235,46,5,1.0,0.9656375646591187
235,46,5,2.0,0.9580867886543274
235,46,5,4.0,0.9613077044487
235,46,5,9.0,0.9621041417121887
235,46,7,2.0,0.9411768913269043
235,46,7,4.0,0.9479185342788696
235,46,7,13.5,0.9498899579048157
235,46,7,15.0,0.9499188661575317
235,46,11,2.0,0.9317528009414673
235,46,11,5.0,0.9163765907287598
235,47,5,1.0,0.9051764011383057
235,47,5,2.0,0.8812745809555054
235,47,5,4.0,0.8869160413742065
235,47,5,9.0,0.8878041505813599
235,47,7,2.0,0.858583927154541
235,47,7,4.0,0.8434336185455322
235,47,7,13.5,0.8458089828491211
235,47,7,15.0,0.8458160758018494
235,47,11,2.0,0.8453305959701538
235,47,11,5.0,0.7716355919837952
235,48,5,1.0,0.947737455368042
235,48,5,2.0,0.9334365129470825
235,48,5,4.0,0.9354875087738037
235,48,5,9.0,0.9354049563407898
235,48,7,2.0,0.9243353009223938
235,48,7,4.0,0.912865161895752
235,48,7,13.5,0.8984125256538391
235,48,7,15.0,0.8983591198921204
235,48,11,2.0,0.9198398590087891
235,48,11,5.0,0.9127680063247681
235,49,5,1.0,0.9309933185577393
235,49,5,2.0,0.9126264452934265
235,49,5,4.0,0.9227774143218994
235,49,5,9.0,0.9251627922058105
235,49,7,2.0,0.9029404520988464
235,49,7,4.0,0.8960307836532593
235,49,7,13.5,0.8941255807876587
235,49,7,15.0,0.8941610455513
235,49,11,2.0,0.8954460620880127
235,49,11,5.0,0.8885543346405029
98,0,5,1.0,0.9485354423522949
98,0,5,2.0,0.9176576137542725
98,0,5,4.0,0.9233412146568298
98,0,5,9.0,0.9247795343399048
98,0,7,2.0,0.8788589239120483
98,0,7,4.0,0.8830238580703735
98,0,7,13.5,0.8888356685638428
98,0,7,15.0,0.8888792991638184
98,0,11,2.0,0.8660090565681458
98,0,11,5.0,0.8063628673553467
98,1,5,1.0,0.9750372171401978
98,1,5,2.0,0.9576689600944519
98,1,5,4.0,0.9527102708816528
98,1,5,9.0,0.9515371918678284
98,1,7,2.0,0.9413265585899353
98,1,7,4.0,0.9291428327560425
98,1,7,13.5,0.9261307120323181
98,1,7,15.0,0.9260714054107666
98,1,11,2.0,0.9257309436798096
98,1,11,5.0,0.8329823017120361
98,2,5,1.0,0.9285837411880493
98,2,5,2.0,0.909075140953064
98,2,5,4.0,0.9162631034851074
98,2,5,9.0,0.9156421422958374
98,2,7,2.0,0.8873677253723145
98,2,7,4.0,0.8979304432868958
98,2,7,13.5,0.8916598558425903
98,2,7,15.0,0.8916438817977905
98,2,11,2.0,0.8763615489006042
98,2,11,5.0,0.8510155081748962
98,3,5,1.0,0.9499660730361938
98,3,5,2.0,0.9393865466117859
98,3,5,4.0,0.9320024251937866
98,3,5,9.0,0.9288170337677002
98,3,7,2.0,0.9217331409454346
98,3,7,4.0,0.8838361501693726
98,3,7,13.5,0.8616644144058228
98,3,7,15.0,0.861319899559021
98,3,11,2.0,0.9148045778274536
98,3,11,5.0,0.7397068738937378
98,4,5,1.0,0.962923526763916
98,4,5,2.0,0.9498819708824158
98,4,5,4.0,0.9515763521194458
98,4,5,9.0,0.9529922008514404
98,4,7,2.0,0.9385908842086792
98,4,7,4.0,0.9322130680084229
98,4,7,13.5,0.9316014051437378
98,4,7,15.0,0.9315897226333618
98,4,11,2.0,0.9316859841346741
98,4,11,5.0,0.9060683846473694
98,5,5,1.0,0.9743794202804565
98,5,5,2.0,0.9684380292892456
98,5,5,4.0,0.9695296883583069
98,5,5,9.0,0.9695764183998108
98,5,7,2.0,0.9615964889526367
98,5,7,4.0,0.9564956426620483
98,5,7,13.5,0.9547054171562195
98,5,7,15.0,0.9546796679496765
98,5,11,2.0,0.9561485052108765
98,5,11,5.0,0.9365531802177429
98,6,5,1.0,0.9813655614852905
98,6,5,2.0,0.972847580909729
98,6,5,4.0,0.972011387348175
98,6,5,9.0,0.9718446731567383
98,6,7,2.0,0.9639959335327148
98,6,7,4.0,0.9508450031280518
98,6,7,13.5,0.9494319558143616
98,6,7,15.0,0.9494264125823975
98,6,11,2.0,0.958466112613678
98,6,11,5.0,0.9145532250404358
98,7,5,1.0,0.984399139881134
98,7,5,2.0,0.9766212105751038
98,7,5,4.0,0.9792470932006836
98,7,5,9.0,0.9792507290840149
98,7,7,2.0,0.9671400189399719
98,7,7,4.0,0.9683629274368286
98,7,7,13.5,0.967420220375061
98,7,7,15.0,0.9673824310302734
98,7,11,2.0,0.9627974033355713
98,7,11,5.0,0.9360033869743347
98,8,5,1.0,0.9460034370422363
98,8,5,2.0,0.9298023581504822
98,8,5,4.0,0.9349311590194702
98,8,5,9.0,0.9343469738960266
98,8,7,2.0,0.9072386026382446
98,8,7,4.0,0.8868103623390198
98,8,7,13.5,0.8650118112564087
98,8,7,15.0,0.8647799491882324
98,8,11,2.0,0.8951816558837891
98,8,11,5.0,0.8511525392532349
98,9,5,1.0,0.9767658114433289
98,9,5,2.0,0.9677085876464844
98,9,5,4.0,0.9678348302841187
98,9,5,9.0,0.9671833515167236
98,9,7,2.0,0.9589978456497192
98,9,7,4.0,0.9475706815719604
98,9,7,13.5,0.9396038055419922
98,9,7,15.0,0.9394357204437256
98,9,11,2.0,0.9534422755241394
98,9,11,5.0,0.9268547892570496
98,10,5,1.0,0.9584867358207703
98,10,5,2.0,0.968970537185669
98,10,5,4.0,0.9699280858039856
98,10,5,9.0,0.9696224331855774
98,10,7,2.0,0.9661543965339661
98,10,7,4.0,0.9621413946151733
98,10,7,13.5,0.9545787572860718
98,10,7,15.0,0.9544692039489746
98,10,11,2.0,0.9632449746131897
98,10,11,5.0,0.9485130310058594
98,11,5,1.0,0.9741272926330566
98,11,5,2.0,0.9625717997550964
98,11,5,4.0,0.9562163352966309
98,11,5,9.0,0.9525763988494873
98,11,7,2.0,0.9389225244522095
98,11,7,4.0,0.8652122020721436
98,11,7,13.5,0.8204190135002136
98,11,7,15.0,0.8196649551391602
98,11,11,2.0,0.9030582904815674
98,11,11,5.0,0.7530187368392944
98,12,5,1.0,0.9809648394584656
98,12,5,2.0,0.9737437963485718
98,12,5,4.0,0.97107994556427
98,12,5,9.0,0.9698739051818848
98,12,7,2.0,0.9680652618408203
98,12,7,4.0,0.9570666551589966
98,12,7,13.5,0.9512671232223511
98,12,7,15.0,0.9511929750442505
98,12,11,2.0,0.9648470878601074
98,12,11,5.0,0.9314444065093994
98,13,5,1.0,0.9835256338119507
98,13,5,2.0,0.9744826555252075
98,13,5,4.0,0.9758263826370239
98,13,5,9.0,0.9760404825210571
98,13,7,2.0,0.9647054672241211
98,13,7,4.0,0.9624412059783936
98,13,7,13.5,0.959626317024231
98,13,7,15.0,0.9595600962638855
98,13,11,2.0,0.9590292572975159
98,13,11,5.0,0.941089391708374
98,14,5,1.0,0.9718290567398071
98,14,5,2.0,0.9575095772743225
98,14,5,4.0,0.9262286424636841
98,14,5,9.0,0.9260158538818359
98,14,7,2.0,0.9452224373817444
98,14,7,4.0,0.9079409241676331
98,14,7,13.5,0.9010432958602905
98,14,7,15.0,0.9008826613426208
98,14,11,2.0,0.9321655631065369
98,14,11,5.0,0.8851251006126404
98,15,5,1.0,0.9485872387886047
98,15,5,2.0,0.9544262886047363
98,15,5,4.0,0.9594886302947998
98,15,5,9.0,0.9594769477844238
98,15,7,2.0,0.9398200511932373
98,15,7,4.0,0.9514678716659546
98,15,7,13.5,0.952379584312439
98,15,7,15.0,0.9523652791976929
98,15,11,2.0,0.9247777462005615
98,15,11,5.0,0.9175150394439697
98,16,5,1.0,0.9852299690246582
98,16,5,2.0,0.975177526473999
98,16,5,4.0,0.9781858921051025
98,16,5,9.0,0.9785021543502808
98,16,7,2.0,0.9657473564147949
98,16,7,4.0,0.9609774351119995
98,16,7,13.5,0.9472770690917969
98,16,7,15.0,0.9470301866531372
98,16,11,2.0,0.9588357210159302
98,16,11,5.0,0.9422399997711182
98,17,5,1.0,0.9762427806854248
98,17,5,2.0,0.9641284346580505
98,17,5,4.0,0.9594646692276001
98,17,5,9.0,0.9584327340126038
98,17,7,2.0,0.9592629075050354
98,17,7,4.0,0.9537991285324097
98,17,7,13.5,0.9440547823905945
98,17,7,15.0,0.9438390135765076
98,17,11,2.0,0.950651228427887
98,17,11,5.0,0.9427674412727356
98,18,5,1.0,0.9351333379745483
98,18,5,2.0,0.9216340780258179
98,18,5,4.0,0.9234992861747742
98,18,5,9.0,0.9254530668258667
98,18,7,2.0,0.9072614908218384
98,18,7,4.0,0.9038726687431335
98,18,7,13.5,0.9107118844985962
98,18,7,15.0,0.9108636379241943
98,18,11,2.0,0.9010563492774963
98,18,11,5.0,0.8884590864181519
98,19,5,1.0,0.9795573949813843
98,19,5,2.0,0.9720829725265503
98,19,5,4.0,0.9745047092437744
98,19,5,9.0,0.9742790460586548
98,19,7,2.0,0.9585545063018799
98,19,7,4.0,0.9607694149017334
98,19,7,13.5,0.9602922201156616
98,19,7,15.0,0.9602711796760559
98,19,11,2.0,0.9480822086334229
98,19,11,5.0,0.9025994539260864
98,20,5,1.0,0.9679067134857178
98,20,5,2.0,0.9491928815841675
98,20,5,4.0,0.9441253542900085
98,20,5,9.0,0.9425790905952454
98,20,7,2.0,0.94754958152771
98,20,7,4.0,0.9434226751327515
98,20,7,13.5,0.9392626881599426
98,20,7,15.0,0.9391645193099976
98,20,11,2.0,0.9457309246063232
98,20,11,5.0,0.9365973472595215
98,21,5,1.0,0.9691927433013916
98,21,5,2.0,0.9439073801040649
98,21,5,4.0,0.9475350975990295
98,21,5,9.0,0.9480960965156555
98,21,7,2.0,0.9234358072280884
98,21,7,4.0,0.9094691276550293
98,21,7,13.5,0.9123631715774536
98,21,7,15.0,0.9123846292495728
98,21,11,2.0,0.9164568781852722
98,21,11,5.0,0.8071029186248779
98,22,5,1.0,0.9478960633277893
98,22,5,2.0,0.9367288947105408
98,22,5,4.0,0.9376749992370605
98,22,5,9.0,0.9375914335250854
98,22,7,2.0,0.9310392737388611
98,22,7,4.0,0.9285282492637634
98,22,7,13.5,0.92840176820755
98,22,7,15.0,0.9284014701843262
98,22,11,2.0,0.9252551794052124
98,22,11,5.0,0.8917344808578491
98,23,5,1.0,0.9534868001937866
98,23,5,2.0,0.9553472995758057
98,23,5,4.0,0.9592818021774292
98,23,5,9.0,0.9600348472595215
98,23,7,2.0,0.9476314187049866
98,23,7,4.0,0.9418652653694153
98,23,7,13.5,0.93719482421875
98,23,7,15.0,0.9370894432067871
98,23,11,2.0,0.9403187036514282
98,23,11,5.0,0.8898440003395081
98,24,5,1.0,0.9674493670463562
98,24,5,2.0,0.9578915238380432
98,24,5,4.0,0.9552602767944336
98,24,5,9.0,0.9537568092346191
98,24,7,2.0,0.9487831592559814
98,24,7,4.0,0.938523530960083
98,24,7,13.5,0.9377435445785522
98,24,7,15.0,0.937764585018158
98,24,11,2.0,0.943729817867279
98,24,11,5.0,0.9362123012542725
98,25,5,1.0,0.9596304893493652
98,25,5,2.0,0.945152997970581
98,25,5,4.0,0.94383704662323
98,25,5,9.0,0.9435685873031616
98,25,7,2.0,0.9304409027099609
98,25,7,4.0,0.9146699905395508
98,25,7,13.5,0.9117570519447327
98,25,7,15.0,0.9117137789726257
98,25,11,2.0,0.9227243065834045
98,25,11,5.0,0.7602977752685547
98,26,5,1.0,0.9736803770065308
98,26,5,2.0,0.9648787975311279
98,26,5,4.0,0.9642694592475891
98,26,5,9.0,0.9641565084457397
98,26,7,2.0,0.9509056806564331
98,26,7,4.0,0.944153904914856
98,26,7,13.5,0.9390514492988586
98,26,7,15.0,0.938940703868866
98,26,11,2.0,0.9441652894020081
98,26,11,5.0,0.8815448880195618
98,27,5,1.0,0.9015874862670898
98,27,5,2.0,0.8418979644775391
98,27,5,4.0,0.8486751317977905
98,27,5,9.0,0.8516654968261719
98,27,7,2.0,0.825194776058197
98,27,7,4.0,0.801695704460144
98,27,7,13.5,0.8010773658752441
98,27,7,15.0,0.8010400533676147
98,27,11,2.0,0.8111491203308105
98,27,11,5.0,0.7773282527923584
98,28,5,1.0,0.9828318953514099
98,28,5,2.0,0.9788601398468018
98,28,5,4.0,0.9791235327720642
98,28,5,9.0,0.9792702794075012
98,28,7,2.0,0.9724233150482178
98,28,7,4.0,0.9643023014068604
98,28,7,13.5,0.9601024985313416
98,28,7,15.0,0.9600697755813599
98,28,11,2.0,0.9687538146972656
98,28,11,5.0,0.9402294158935547
98,29,5,1.0,0.9633691310882568
98,29,5,2.0,0.9551990032196045
98,29,5,4.0,0.9539690017700195
98,29,5,9.0,0.9538947343826294
98,29,7,2.0,0.9404997825622559
98,29,7,4.0,0.9292195439338684
98,29,7,13.5,0.9264386892318726
98,29,7,15.0,0.926362156867981
98,29,11,2.0,0.9310457706451416
98,29,11,5.0,0.8687093257904053
98,30,5,1.0,0.9750569462776184
98,30,5,2.0,0.9657524824142456
98,30,5,4.0,0.9653135538101196
98,30,5,9.0,0.965155839920044
98,30,7,2.0,0.9585157036781311
98,30,7,4.0,0.9420609474182129
98,30,7,13.5,0.9370520114898682
98,30,7,15.0,0.9369527697563171
98,30,11,2.0,0.9530889987945557
98,30,11,5.0,0.8886722922325134
98,31,5,1.0,0.9874681830406189
98,31,5,2.0,0.9799313545227051
98,31,5,4.0,0.9801639318466187
98,31,5,9.0,0.9803036451339722
98,31,7,2.0,0.9706170558929443
98,31,7,4.0,0.9703693389892578
98,31,7,13.5,0.9645661115646362
98,31,7,15.0,0.9644514322280884
98,31,11,2.0,0.965725302696228
98,31,11,5.0,0.9549552798271179
98,32,5,1.0,0.9836364388465881
98,32,5,2.0,0.9740043878555298
98,32,5,4.0,0.9740350246429443
98,32,5,9.0,0.9742482900619507
98,32,7,2.0,0.9629601240158081
98,32,7,4.0,0.959247887134552
98,32,7,13.5,0.957274317741394
98,32,7,15.0,0.957209587097168
98,32,11,2.0,0.956250011920929
98,32,11,5.0,0.9146841168403625
98,33,5,1.0,0.9666684865951538
98,33,5,2.0,0.956309974193573
98,33,5,4.0,0.955793023109436
98,33,5,9.0,0.9553732872009277
98,33,7,2.0,0.9498764872550964
98,33,7,4.0,0.9398910999298096
98,33,7,13.5,0.9363104701042175
98,33,7,15.0,0.9362476468086243
98,33,11,2.0,0.9467599987983704
98,33,11,5.0,0.9199868440628052
98,34,5,1.0,0.9804463386535645
98,34,5,2.0,0.9648428559303284
98,34,5,4.0,0.9585042595863342
98,34,5,9.0,0.9562394618988037
98,34,7,2.0,0.9508678913116455
98,34,7,4.0,0.9446515440940857
98,34,7,13.5,0.94602370262146
98,34,7,15.0,0.9460283517837524
98,34,11,2.0,0.9439133405685425
98,34,11,5.0,0.9306593537330627
98,35,5,1.0,0.9510488510131836
98,35,5,2.0,0.9251430034637451
98,35,5,4.0,0.9376211762428284
98,35,5,9.0,0.940669596195221
98,35,7,2.0,0.8779444694519043
98,35,7,4.0,0.9090104103088379
98,35,7,13.5,0.9104684591293335
98,35,7,15.0,0.9104306697845459
98,35,11,2.0,0.8571228981018066
98,35,11,5.0,0.8187673091888428
98,36,5,1.0,0.9574907422065735
98,36,5,2.0,0.9479528665542603
98,36,5,4.0,0.9424052238464355
98,36,5,9.0,0.9456448554992676
98,36,7,2.0,0.9375378489494324
98,36,7,4.0,0.9447590112686157
98,36,7,13.5,0.9247583746910095
98,36,7,15.0,0.9246266484260559
98,36,11,2.0,0.9352636337280273
98,36,11,5.0,0.898125410079956
98,37,5,1.0,0.9526287913322449
98,37,5,2.0,0.9380609393119812
98,37,5,4.0,0.9258400201797485
98,37,5,9.0,0.9219425916671753
98,37,7,2.0,0.9303849339485168
98,37,7,4.0,0.8931456208229065
98,37,7,13.5,0.8776065111160278
98,37,7,15.0,0.8773845434188843
98,37,11,2.0,0.9188711047172546
98,37,11,5.0,0.8415149450302124
98,38,5,1.0,0.9696034789085388
98,38,5,2.0,0.9402050375938416
98,38,5,4.0,0.9457545876502991
98,38,5,9.0,0.9478746652603149
98,38,7,2.0,0.9200817346572876
98,38,7,4.0,0.8879928588867188
98,38,7,13.5,0.8887807130813599
98,38,7,15.0,0.8888035416603088
98,38,11,2.0,0.9148902893066406
98,38,11,5.0,0.8699951767921448
98,39,5,1.0,0.9827869534492493
98,39,5,2.0,0.9784411191940308
98,39,5,4.0,0.9782180786132812
98,39,5,9.0,0.9783408045768738
98,39,7,2.0,0.9739344120025635
98,39,7,4.0,0.9712570309638977
98,39,7,13.5,0.9705113172531128
98,39,7,15.0,0.9704916477203369
98,39,11,2.0,0.9707714319229126
98,39,11,5.0,0.9599776268005371
98,40,5,1.0,0.9679032564163208
98,40,5,2.0,0.9482004046440125
98,40,5,4.0,0.8952646255493164
98,40,5,9.0,0.8775237798690796
98,40,7,2.0,0.9313679337501526
98,40,7,4.0,0.8017542362213135
98,40,7,13.5,0.7790138721466064
98,40,7,15.0,0.7791831493377686
98,40,11,2.0,0.922362208366394
98,40,11,5.0,0.7664963603019714
98,41,5,1.0,0.9297027587890625
98,41,5,2.0,0.9161221981048584
98,41,5,4.0,0.9150309562683105
98,41,5,9.0,0.9143776893615723
98,41,7,2.0,0.9030856490135193
98,41,7,4.0,0.8794313073158264
98,41,7,13.5,0.8646149635314941
98,41,7,15.0,0.864362359046936
98,41,11,2.0,0.8877270221710205
98,41,11,5.0,0.8128331899642944
98,42,5,1.0,0.7834310531616211
98,42,5,2.0,0.6899810433387756
98,42,5,4.0,0.6650609970092773
98,42,5,9.0,0.6608209609985352
98,42,7,2.0,0.6391909718513489
98,42,7,4.0,0.5821017026901245
98,42,7,13.5,0.561231255531311
98,42,7,15.0,0.5609862804412842
98,42,11,2.0,0.676994264125824
98,42,11,5.0,0.6866803169250488
98,43,5,1.0,0.9509474635124207
98,43,5,2.0,0.9299843311309814
98,43,5,4.0,0.9263185262680054
98,43,5,9.0,0.9253224730491638
98,43,7,2.0,0.9173934459686279
98,43,7,4.0,0.8945834636688232
98,43,7,13.5,0.8755154609680176
98,43,7,15.0,0.8750065565109253
98,43,11,2.0,0.9083032608032227
98,43,11,5.0,0.75212162733078
98,44,5,1.0,0.972480058670044
98,44,5,2.0,0.9766193628311157
98,44,5,4.0,0.9792197346687317
98,44,5,9.0,0.9797700047492981
98,44,7,2.0,0.9676924347877502
98,44,7,4.0,0.9674168229103088
98,44,7,13.5,0.9681779146194458
98,44,7,15.0,0.9681825637817383
98,44,11,2.0,0.959172248840332
98,44,11,5.0,0.9494269490242004
98,45,5,1.0,0.9839722514152527
98,45,5,2.0,0.9760366082191467
98,45,5,4.0,0.9777588844299316
98,45,5,9.0,0.9780429005622864
98,45,7,2.0,0.9683563709259033
98,45,7,4.0,0.9650980234146118
98,45,7,13.5,0.9640412926673889
98,45,7,15.0,0.9639924764633179
98,45,11,2.0,0.9650025367736816
98,45,11,5.0,0.9432050585746765
98,46,5,1.0,0.940031886100769
98,46,5,2.0,0.8103748559951782
98,46,5,4.0,0.8366338014602661
98,46,5,9.0,0.8499119877815247
98,46,7,2.0,0.8249808549880981
98,46,7,4.0,0.8643764853477478
98,46,7,13.5,0.8707765340805054
98,46,7,15.0,0.8708076477050781
98,46,11,2.0,0.8483141660690308
98,46,11,5.0,0.7555590867996216
98,47,5,1.0,0.917931079864502
98,47,5,2.0,0.8683103322982788
98,47,5,4.0,0.8790433406829834
98,47,5,9.0,0.8779477477073669
98,47,7,2.0,0.8373492956161499
98,47,7,4.0,0.8449753522872925
98,47,7,13.5,0.8355374336242676
98,47,7,15.0,0.8354008197784424
98,47,11,2.0,0.8248778581619263
98,47,11,5.0,0.7856780290603638
98,48,5,1.0,0.9861042499542236
98,48,5,2.0,0.9777325391769409
98,48,5,4.0,0.9747399091720581
98,48,5,9.0,0.9739874601364136
98,48,7,2.0,0.9674859046936035
98,48,7,4.0,0.9524547457695007
98,48,7,13.5,0.9417212009429932
98,48,7,15.0,0.9414682388305664
98,48,11,2.0,0.9594404697418213
98,48,11,5.0,0.8350954055786133
98,49,5,1.0,0.9743150472640991
98,49,5,2.0,0.9601306915283203
98,49,5,4.0,0.9606573581695557
98,49,5,9.0,0.9613351225852966
98,49,7,2.0,0.9554372429847717
98,49,7,4.0,0.940517783164978
98,49,7,13.5,0.9437173008918762
98,49,7,15.0,0.9437723755836487
98,49,11,2.0,0.9523779153823853
98,49,11,5.0,0.9331560730934143
237,0,5,1.0,0.9706407785415649
237,0,5,2.0,0.961707592010498
237,0,5,4.0,0.9630221128463745
237,0,5,9.0,0.9635637402534485
237,0,7,2.0,0.9461988210678101
237,0,7,4.0,0.9425646066665649
237,0,7,13.5,0.9433429837226868
237,0,7,15.0,0.9433231353759766
237,0,11,2.0,0.9367274045944214
237,0,11,5.0,0.8898805379867554
237,1,5,1.0,0.9489353895187378
237,1,5,2.0,0.9283614754676819
237,1,5,4.0,0.9289693236351013
237,1,5,9.0,0.9290907979011536
237,1,7,2.0,0.9075615406036377
237,1,7,4.0,0.8984407782554626
237,1,7,13.5,0.8942422270774841
237,1,7,15.0,0.8941340446472168
237,1,11,2.0,0.8797224760055542
237,1,11,5.0,0.7376728653907776
237,2,5,1.0,0.7973111867904663
237,2,5,2.0,0.7353277206420898
237,2,5,4.0,0.755064070224762
237,2,5,9.0,0.758367121219635
237,2,7,2.0,0.5835490822792053
237,2,7,4.0,0.5878000259399414
237,2,7,13.5,0.582891047000885
237,2,7,15.0,0.5827682018280029
237,2,11,2.0,0.5307018756866455
237,2,11,5.0,0.36118441820144653
237,3,5,1.0,0.8567550182342529
237,3,5,2.0,0.8423973917961121
237,3,5,4.0,0.8483118414878845
237,3,5,9.0,0.8496531844139099
237,3,7,2.0,0.7985260486602783
237,3,7,4.0,0.7543211579322815
237,3,7,13.5,0.7217404842376709
237,3,7,15.0,0.7216289043426514
237,3,11,2.0,0.7667191028594971
237,3,11,5.0,0.6474552154541016
237,4,5,1.0,0.9205417037010193
237,4,5,2.0,0.9011229872703552
237,4,5,4.0,0.906998336315155
237,4,5,9.0,0.9088327884674072
237,4,7,2.0,0.8841298818588257
237,4,7,4.0,0.8743851780891418
237,4,7,13.5,0.863864004611969
237,4,7,15.0,0.8637752532958984
237,4,11,2.0,0.8742929697036743
237,4,11,5.0,0.7531342506408691
237,5,5,1.0,0.9357808828353882
237,5,5,2.0,0.923848032951355
237,5,5,4.0,0.9343447685241699
237,5,5,9.0,0.9367319941520691
237,5,7,2.0,0.904137134552002
237,5,7,4.0,0.9115517735481262
237,5,7,13.5,0.9094765186309814
237,5,7,15.0,0.9094223976135254
237,5,11,2.0,0.891309380531311
237,5,11,5.0,0.8541456460952759
237,6,5,1.0,0.7885597348213196
237,6,5,2.0,0.6894882917404175
237,6,5,4.0,0.6497170329093933
237,6,5,9.0,0.6353551745414734
237,6,7,2.0,0.5767457485198975
237,6,7,4.0,0.5484431385993958
237,6,7,13.5,0.5517266988754272
237,6,7,15.0,0.5516006946563721
237,6,11,2.0,0.5511025190353394
237,6,11,5.0,0.4922594726085663
237,7,5,1.0,0.962106466293335
237,7,5,2.0,0.943819522857666
237,7,5,4.0,0.9447374939918518
237,7,5,9.0,0.9442688822746277
237,7,7,2.0,0.8977575898170471
237,7,7,4.0,0.8481295108795166
237,7,7,13.5,0.8300073742866516
237,7,7,15.0,0.8296645283699036
237,7,11,2.0,0.8581377267837524
237,7,11,5.0,0.6285253763198853
237,8,5,1.0,0.9554822444915771
237,8,5,2.0,0.945049524307251
237,8,5,4.0,0.9464841485023499
237,8,5,9.0,0.9467508792877197
237,8,7,2.0,0.9259249567985535
237,8,7,4.0,0.902421236038208
237,8,7,13.5,0.884177565574646
237,8,7,15.0,0.8838910460472107
237,8,11,2.0,0.9139466285705566
237,8,11,5.0,0.8363219499588013
237,9,5,1.0,0.9471397399902344
237,9,5,2.0,0.9357395768165588
237,9,5,4.0,0.9368554353713989
237,9,5,9.0,0.9383426904678345
237,9,7,2.0,0.9238612055778503
237,9,7,4.0,0.9219111204147339
237,9,7,13.5,0.9161801338195801
237,9,7,15.0,0.9160151481628418
237,9,11,2.0,0.9143235683441162
237,9,11,5.0,0.8644149303436279
237,10,5,1.0,0.9430670142173767
237,10,5,2.0,0.9164888858795166
237,10,5,4.0,0.9022091627120972
237,10,5,9.0,0.900211751461029
237,10,7,2.0,0.884513258934021
237,10,7,4.0,0.8555601835250854
237,10,7,13.5,0.8550312519073486
237,10,7,15.0,0.8550295233726501
237,10,11,2.0,0.866370677947998
237,10,11,5.0,0.7947081327438354
237,11,5,1.0,0.9061416387557983
237,11,5,2.0,0.8944685459136963
237,11,5,4.0,0.9043164253234863
237,11,5,9.0,0.9036095142364502
237,11,7,2.0,0.8577669262886047
237,11,7,4.0,0.8532991409301758
237,11,7,13.5,0.8582943677902222
237,11,7,15.0,0.8584070801734924
237,11,11,2.0,0.8404164910316467
237,11,11,5.0,0.7910066843032837
237,12,5,1.0,0.9430221915245056
237,12,5,2.0,0.9213069677352905
237,12,5,4.0,0.9304707050323486
237,12,5,9.0,0.9325767159461975
237,12,7,2.0,0.8903985619544983
237,12,7,4.0,0.8884040117263794
237,12,7,13.5,0.8904087543487549
237,12,7,15.0,0.8903940916061401
237,12,11,2.0,0.8726811408996582
237,12,11,5.0,0.8115644454956055
237,13,5,1.0,0.9595377445220947
237,13,5,2.0,0.936543881893158
237,13,5,4.0,0.9164165258407593
237,13,5,9.0,0.9158822298049927
237,13,7,2.0,0.9192173480987549
237,13,7,4.0,0.9090034365653992
237,13,7,13.5,0.8823500275611877
237,13,7,15.0,0.881784200668335
237,13,11,2.0,0.9104528427124023
237,13,11,5.0,0.8136389255523682
237,14,5,1.0,0.9734272956848145
237,14,5,2.0,0.9592899084091187
237,14,5,4.0,0.9629471302032471
237,14,5,9.0,0.964095413684845
237,14,7,2.0,0.9430093765258789
237,14,7,4.0,0.9441362023353577
237,14,7,13.5,0.9447420239448547
237,14,7,15.0,0.9447380900382996
237,14,11,2.0,0.9326287508010864
237,14,11,5.0,0.9018043279647827
237,15,5,1.0,0.8937512636184692
237,15,5,2.0,0.8539444804191589
237,15,5,4.0,0.8577249646186829
237,15,5,9.0,0.8572993278503418
237,15,7,2.0,0.8191359043121338
237,15,7,4.0,0.8232754468917847
237,15,7,13.5,0.8222252130508423
237,15,7,15.0,0.822234034538269
237,15,11,2.0,0.8106472492218018
237,15,11,5.0,0.7686243057250977
237,16,5,1.0,0.956926703453064
237,16,5,2.0,0.9540855884552002
237,16,5,4.0,0.9560531377792358
237,16,5,9.0,0.9568710327148438
237,16,7,2.0,0.9373838901519775
237,16,7,4.0,0.9348292946815491
237,16,7,13.5,0.9344965815544128
237,16,7,15.0,0.9344844222068787
237,16,11,2.0,0.9248836636543274
237,16,11,5.0,0.8900792598724365
237,17,5,1.0,0.9424765706062317
237,17,5,2.0,0.9148074984550476
237,17,5,4.0,0.9143481254577637
237,17,5,9.0,0.9149762392044067
237,17,7,2.0,0.8963990807533264
237,17,7,4.0,0.8894464373588562
237,17,7,13.5,0.8881011009216309
237,17,7,15.0,0.8880643844604492
237,17,11,2.0,0.8863717317581177
237,17,11,5.0,0.8504829406738281
237,18,5,1.0,0.9608463048934937
237,18,5,2.0,0.9474973678588867
237,18,5,4.0,0.9496690034866333
237,18,5,9.0,0.9504578113555908
237,18,7,2.0,0.9264472723007202
237,18,7,4.0,0.9215461015701294
237,18,7,13.5,0.9087414145469666
237,18,7,15.0,0.9084470272064209
237,18,11,2.0,0.9118895530700684
237,18,11,5.0,0.823732852935791
237,19,5,1.0,0.8413565158843994
237,19,5,2.0,0.7707982063293457
237,19,5,4.0,0.7767024040222168
237,19,5,9.0,0.7774658203125
237,19,7,2.0,0.7353930473327637
237,19,7,4.0,0.7404603958129883
237,19,7,13.5,0.7374905347824097
237,19,7,15.0,0.737464427947998
237,19,11,2.0,0.7113063335418701
237,19,11,5.0,0.6674020290374756
237,20,5,1.0,0.9596712589263916
237,20,5,2.0,0.9276803135871887
237,20,5,4.0,0.9268181920051575
237,20,5,9.0,0.9268609285354614
237,20,7,2.0,0.8905481696128845
237,20,7,4.0,0.8859039545059204
237,20,7,13.5,0.8963677883148193
237,20,7,15.0,0.8965840935707092
237,20,11,2.0,0.8811920881271362
237,20,11,5.0,0.7909220457077026
237,21,5,1.0,0.9517707824707031
237,21,5,2.0,0.93075031042099
237,21,5,4.0,0.9314334392547607
237,21,5,9.0,0.9319011569023132
237,21,7,2.0,0.9178510904312134
237,21,7,4.0,0.9019497632980347
237,21,7,13.5,0.8975878357887268
237,21,7,15.0,0.8974977731704712
237,21,11,2.0,0.909070611000061
237,21,11,5.0,0.7216299176216125
237,22,5,1.0,0.8461092710494995
237,22,5,2.0,0.8114659786224365
237,22,5,4.0,0.8132089376449585
237,22,5,9.0,0.8127409815788269
237,22,7,2.0,0.760873556137085
237,22,7,4.0,0.707423210144043
237,22,7,13.5,0.6985547542572021
237,22,7,15.0,0.6983785629272461
237,22,11,2.0,0.7216882705688477
237,22,11,5.0,0.6132933497428894
237,23,5,1.0,0.9614874124526978
237,23,5,2.0,0.9479141235351562
237,23,5,4.0,0.951170802116394
237,23,5,9.0,0.9523367881774902
237,23,7,2.0,0.9270836114883423
237,23,7,4.0,0.9188579320907593
237,23,7,13.5,0.8997317552566528
237,23,7,15.0,0.8994755744934082
237,23,11,2.0,0.9198113679885864
237,23,11,5.0,0.8449133634567261
237,24,5,1.0,0.9460494518280029
237,24,5,2.0,0.9384242296218872
237,24,5,4.0,0.9436261057853699
237,24,5,9.0,0.9453146457672119
237,24,7,2.0,0.9160193204879761
237,24,7,4.0,0.9060184955596924
237,24,7,13.5,0.903976321220398
237,24,7,15.0,0.9039267301559448
237,24,11,2.0,0.8960980176925659
237,24,11,5.0,0.8080425262451172
237,25,5,1.0,0.9482271671295166
237,25,5,2.0,0.9345114231109619
237,25,5,4.0,0.9290661811828613
237,25,5,9.0,0.9256364107131958
237,25,7,2.0,0.9040813446044922
237,25,7,4.0,0.9017094373703003
237,25,7,13.5,0.898388147354126
237,25,7,15.0,0.8982947468757629
237,25,11,2.0,0.8928940296173096
237,25,11,5.0,0.8591934442520142
237,26,5,1.0,0.9634868502616882
237,26,5,2.0,0.954222559928894
237,26,5,4.0,0.9598140716552734
237,26,5,9.0,0.9608772993087769
237,26,7,2.0,0.9396827220916748
237,26,7,4.0,0.9324123859405518
237,26,7,13.5,0.9290537238121033
237,26,7,15.0,0.9290179014205933
237,26,11,2.0,0.9326761960983276
237,26,11,5.0,0.8991870880126953
237,27,5,1.0,0.912963330745697
237,27,5,2.0,0.8901629447937012
237,27,5,4.0,0.9007898569107056
237,27,5,9.0,0.9051405191421509
237,27,7,2.0,0.8486300110816956
237,27,7,4.0,0.8500713109970093
237,27,7,13.5,0.8616114258766174
237,27,7,15.0,0.8618814945220947
237,27,11,2.0,0.8209916353225708
237,27,11,5.0,0.7913700938224792
237,28,5,1.0,0.9296224117279053
237,28,5,2.0,0.8926928639411926
237,28,5,4.0,0.8966749906539917
237,28,5,9.0,0.8949354887008667
237,28,7,2.0,0.8469627499580383
237,28,7,4.0,0.8247964382171631
237,28,7,13.5,0.8135666847229004
237,28,7,15.0,0.8133741021156311
237,28,11,2.0,0.8384010195732117
237,28,11,5.0,0.6651753187179565
237,29,5,1.0,0.9201833605766296
237,29,5,2.0,0.8781355619430542
237,29,5,4.0,0.8949970006942749
237,29,5,9.0,0.898634672164917
237,29,7,2.0,0.814656674861908
237,29,7,4.0,0.8156037330627441
237,29,7,13.5,0.8155925869941711
237,29,7,15.0,0.8156249523162842
237,29,11,2.0,0.7987604141235352
237,29,11,5.0,0.7288073897361755
237,30,5,1.0,0.9522489309310913
237,30,5,2.0,0.9393379092216492
237,30,5,4.0,0.9385812878608704
237,30,5,9.0,0.9369960427284241
237,30,7,2.0,0.9077192544937134
237,30,7,4.0,0.8946211338043213
237,30,7,13.5,0.8929480314254761
237,30,7,15.0,0.8929212093353271
237,30,11,2.0,0.8895844221115112
237,30,11,5.0,0.8143815398216248
237,31,5,1.0,0.8765447735786438
237,31,5,2.0,0.8473882675170898
237,31,5,4.0,0.8511085510253906
237,31,5,9.0,0.8492218852043152
237,31,7,2.0,0.8757597208023071
237,31,7,4.0,0.8612328171730042
237,31,7,13.5,0.8525089621543884
237,31,7,15.0,0.8524728417396545
237,31,11,2.0,0.887850821018219
237,31,11,5.0,0.8519004583358765
237,32,5,1.0,0.894457221031189
237,32,5,2.0,0.8607075214385986
237,32,5,4.0,0.8659623265266418
237,32,5,9.0,0.8658367395401001
237,32,7,2.0,0.8168054819107056
237,32,7,4.0,0.8103575706481934
237,32,7,13.5,0.8143121004104614
237,32,7,15.0,0.8143318891525269
237,32,11,2.0,0.8013485074043274
237,32,11,5.0,0.7397629022598267
237,33,5,1.0,0.9366364479064941
237,33,5,2.0,0.9215799570083618
237,33,5,4.0,0.9198082685470581
237,33,5,9.0,0.919577956199646
237,33,7,2.0,0.907294750213623
237,33,7,4.0,0.8963302373886108
237,33,7,13.5,0.8952611088752747
237,33,7,15.0,0.8952552080154419
237,33,11,2.0,0.8982013463973999
237,33,11,5.0,0.8545694947242737
237,34,5,1.0,0.9140240550041199
237,34,5,2.0,0.8704943656921387
237,34,5,4.0,0.8508504033088684
237,34,5,9.0,0.8454517126083374
237,34,7,2.0,0.8598443269729614
237,34,7,4.0,0.8101792335510254
237,34,7,13.5,0.8049935102462769
237,34,7,15.0,0.8049315810203552
237,34,11,2.0,0.8592216372489929
237,34,11,5.0,0.7315468788146973
237,35,5,1.0,0.9483259320259094
237,35,5,2.0,0.938213050365448
237,35,5,4.0,0.9368925094604492
237,35,5,9.0,0.9341170787811279
237,35,7,2.0,0.903473436832428
237,35,7,4.0,0.8713041543960571
237,35,7,13.5,0.838991641998291
237,35,7,15.0,0.8385874032974243
237,35,11,2.0,0.8811312913894653
237,35,11,5.0,0.7927910089492798
237,36,5,1.0,0.8153252005577087
237,36,5,2.0,0.793044924736023
237,36,5,4.0,0.7795729637145996
237,36,5,9.0,0.7754474878311157
237,36,7,2.0,0.7467712759971619
237,36,7,4.0,0.7218562364578247
237,36,7,13.5,0.7171033024787903
237,36,7,15.0,0.7169024348258972
237,36,11,2.0,0.7287026047706604
237,36,11,5.0,0.6374225616455078
237,37,5,1.0,0.9085507392883301
237,37,5,2.0,0.8665834665298462
237,37,5,4.0,0.8873283863067627
237,37,5,9.0,0.8942505121231079
237,37,7,2.0,0.8271439075469971
237,37,7,4.0,0.8196248412132263
237,37,7,13.5,0.752687931060791
237,37,7,15.0,0.7509147524833679
237,37,11,2.0,0.804475724697113
237,37,11,5.0,0.669379711151123
237,38,5,1.0,0.9607223272323608
237,38,5,2.0,0.9525486826896667
237,38,5,4.0,0.9520093202590942
237,38,5,9.0,0.9516690373420715
237,38,7,2.0,0.9376858472824097
237,38,7,4.0,0.9309037923812866
237,38,7,13.5,0.9296680688858032
237,38,7,15.0,0.9296495318412781
237,38,11,2.0,0.9258989691734314
237,38,11,5.0,0.8916895389556885
237,39,5,1.0,0.8834772109985352
237,39,5,2.0,0.8471671342849731
237,39,5,4.0,0.8429579138755798
237,39,5,9.0,0.8421034216880798
237,39,7,2.0,0.8060854077339172
237,39,7,4.0,0.7807068824768066
237,39,7,13.5,0.779699444770813
237,39,7,15.0,0.7797451615333557
237,39,11,2.0,0.7882315516471863
237,39,11,5.0,0.6506060361862183
237,40,5,1.0,0.7946730852127075
237,40,5,2.0,0.6772604584693909
237,40,5,4.0,0.7047744393348694
237,40,5,9.0,0.7126657366752625
237,40,7,2.0,0.6230179071426392
237,40,7,4.0,0.6138782501220703
237,40,7,13.5,0.620652437210083
237,40,7,15.0,0.6206156611442566
237,40,11,2.0,0.5982421636581421
237,40,11,5.0,0.5763341784477234
237,41,5,1.0,0.9511849284172058
237,41,5,2.0,0.9381966590881348
237,41,5,4.0,0.9377006888389587
237,41,5,9.0,0.9372960329055786
237,41,7,2.0,0.9235199689865112
237,41,7,4.0,0.9169348478317261
237,41,7,13.5,0.9174432754516602
237,41,7,15.0,0.917457103729248
237,41,11,2.0,0.9176912903785706
237,41,11,5.0,0.8579645156860352
237,42,5,1.0,0.7888835668563843
237,42,5,2.0,0.6876169443130493
237,42,5,4.0,0.6879221796989441
237,42,5,9.0,0.692651093006134
237,42,7,2.0,0.6177425384521484
237,42,7,4.0,0.5985473990440369
237,42,7,13.5,0.5847304463386536
237,42,7,15.0,0.5844100713729858
237,42,11,2.0,0.5770494937896729
237,42,11,5.0,0.41009485721588135
237,43,5,1.0,0.9363592863082886
237,43,5,2.0,0.9119628667831421
237,43,5,4.0,0.9127593636512756
237,43,5,9.0,0.9107652902603149
237,43,7,2.0,0.8846051692962646
237,43,7,4.0,0.8481107950210571
237,43,7,13.5,0.8107836246490479
237,43,7,15.0,0.810139536857605
237,43,11,2.0,0.8630467057228088
237,43,11,5.0,0.7168228626251221
237,44,5,1.0,0.9454522728919983
237,44,5,2.0,0.9252954721450806
237,44,5,4.0,0.9278225898742676
237,44,5,9.0,0.9280157089233398
237,44,7,2.0,0.9088232517242432
237,44,7,4.0,0.9073629379272461
237,44,7,13.5,0.9070010185241699
237,44,7,15.0,0.9069458246231079
237,44,11,2.0,0.9023491144180298
237,44,11,5.0,0.8587328195571899
237,45,5,1.0,0.9506360292434692
237,45,5,2.0,0.9035956859588623
237,45,5,4.0,0.907781720161438
237,45,5,9.0,0.9099371433258057
237,45,7,2.0,0.856386661529541
237,45,7,4.0,0.8145246505737305
237,45,7,13.5,0.8086177706718445
237,45,7,15.0,0.8086370229721069
237,45,11,2.0,0.8287616968154907
237,45,11,5.0,0.6482594013214111
237,46,5,1.0,0.8651882410049438
237,46,5,2.0,0.7943627834320068
237,46,5,4.0,0.7887592315673828
237,46,5,9.0,0.7803982496261597
237,46,7,2.0,0.7211067080497742
237,46,7,4.0,0.7082338333129883
237,46,7,13.5,0.6931596994400024
237,46,7,15.0,0.6928160190582275
237,46,11,2.0,0.6945868730545044
237,46,11,5.0,0.5025303363800049
237,47,5,1.0,0.949481725692749
237,47,5,2.0,0.92020583152771
237,47,5,4.0,0.9105210304260254
237,47,5,9.0,0.9083105325698853
237,47,7,2.0,0.8906139731407166
237,47,7,4.0,0.84938645362854
237,47,7,13.5,0.83782958984375
237,47,7,15.0,0.8377149105072021
237,47,11,2.0,0.8730915188789368
237,47,11,5.0,0.7943883538246155
237,48,5,1.0,0.9606396555900574
237,48,5,2.0,0.9341909885406494
237,48,5,4.0,0.9538518190383911
237,48,5,9.0,0.9574174880981445
237,48,7,2.0,0.8941330909729004
237,48,7,4.0,0.9178085923194885
237,48,7,13.5,0.9259424209594727
237,48,7,15.0,0.9260406494140625
237,48,11,2.0,0.8882968425750732
237,48,11,5.0,0.8585001826286316
237,49,5,1.0,0.8549978733062744
237,49,5,2.0,0.7912417650222778
237,49,5,4.0,0.7771956920623779
237,49,5,9.0,0.7723331451416016
237,49,7,2.0,0.7373756766319275
237,49,7,4.0,0.6614750623703003
237,49,7,13.5,0.6136571764945984
237,49,7,15.0,0.6126502752304077
237,49,11,2.0,0.7280150055885315
237,49,11,5.0,0.537811279296875
229,0,5,1.0,0.9550583362579346
229,0,5,2.0,0.9374849796295166
229,0,5,4.0,0.9410203695297241
229,0,5,9.0,0.9423412084579468
229,0,7,2.0,0.9324097633361816
229,0,7,4.0,0.9305835962295532
229,0,7,13.5,0.9316073656082153
229,0,7,15.0,0.9316509366035461
229,0,11,2.0,0.9311016798019409
229,0,11,5.0,0.9105367064476013
229,1,5,1.0,0.9612541198730469
229,1,5,2.0,0.9454889297485352
229,1,5,4.0,0.9462690353393555
229,1,5,9.0,0.9391827583312988
229,1,7,2.0,0.9256933927536011
229,1,7,4.0,0.9061338901519775
229,1,7,13.5,0.875750720500946
229,1,7,15.0,0.8753561973571777
229,1,11,2.0,0.9153081178665161
229,1,11,5.0,0.8847321271896362
229,2,5,1.0,0.9455357193946838
229,2,5,2.0,0.9106086492538452
229,2,5,4.0,0.9179404377937317
229,2,5,9.0,0.918390154838562
229,2,7,2.0,0.8601483702659607
229,2,7,4.0,0.8289021253585815
229,2,7,13.5,0.8027282357215881
229,2,7,15.0,0.8025044798851013
229,2,11,2.0,0.8332068920135498
229,2,11,5.0,0.7292289733886719
229,3,5,1.0,0.9637891054153442
229,3,5,2.0,0.9571410417556763
229,3,5,4.0,0.9573959112167358
229,3,5,9.0,0.9568676948547363
229,3,7,2.0,0.9503008127212524
229,3,7,4.0,0.9395315051078796
229,3,7,13.5,0.9338709115982056
229,3,7,15.0,0.9337843060493469
229,3,11,2.0,0.9466439485549927
229,3,11,5.0,0.9367872476577759
229,4,5,1.0,0.9934432506561279
229,4,5,2.0,0.9888388514518738
229,4,5,4.0,0.9889906644821167
229,4,5,9.0,0.9890137314796448
229,4,7,2.0,0.9842265844345093
229,4,7,4.0,0.9832961559295654
229,4,7,13.5,0.983113706111908
229,4,7,15.0,0.9831057190895081
229,4,11,2.0,0.9822531938552856
229,4,11,5.0,0.9667160511016846
229,5,5,1.0,0.9854957461357117
229,5,5,2.0,0.9770107269287109
229,5,5,4.0,0.9768262505531311
229,5,5,9.0,0.9764532446861267
229,5,7,2.0,0.9653031826019287
229,5,7,4.0,0.9631938934326172
229,5,7,13.5,0.9636805653572083
229,5,7,15.0,0.9636844396591187
229,5,11,2.0,0.9591919183731079
229,5,11,5.0,0.934963583946228
229,6,5,1.0,0.9275382161140442
229,6,5,2.0,0.9072537422180176
229,6,5,4.0,0.9063286781311035
229,6,5,9.0,0.9068780541419983
229,6,7,2.0,0.8998970985412598
229,6,7,4.0,0.8890233039855957
229,6,7,13.5,0.8895711898803711
229,6,7,15.0,0.8896087408065796
229,6,11,2.0,0.8889510035514832
229,6,11,5.0,0.8124843239784241
229,7,5,1.0,0.9499315023422241
229,7,5,2.0,0.9371198415756226
229,7,5,4.0,0.9465757608413696
229,7,5,9.0,0.9474805593490601
229,7,7,2.0,0.9327929019927979
229,7,7,4.0,0.92887943983078
229,7,7,13.5,0.9263055324554443
229,7,7,15.0,0.9262389540672302
229,7,11,2.0,0.9347888231277466
229,7,11,5.0,0.8808194398880005
229,8,5,1.0,0.9405626654624939
229,8,5,2.0,0.9063931703567505
229,8,5,4.0,0.9108524322509766
229,8,5,9.0,0.9113413095474243
229,8,7,2.0,0.810106635093689
229,8,7,4.0,0.8131372332572937
229,8,7,13.5,0.8225459456443787
229,8,7,15.0,0.8225842714309692
229,8,11,2.0,0.7384092807769775
229,8,11,5.0,0.6416648030281067
229,9,5,1.0,0.9282452464103699
229,9,5,2.0,0.8984964489936829
229,9,5,4.0,0.8899676203727722
229,9,5,9.0,0.8885132074356079
229,9,7,2.0,0.8790761232376099
229,9,7,4.0,0.8505623936653137
229,9,7,13.5,0.8434381484985352
229,9,7,15.0,0.8433314561843872
229,9,11,2.0,0.8724780082702637
229,9,11,5.0,0.7722599506378174
229,10,5,1.0,0.9815561175346375
229,10,5,2.0,0.9640336036682129
229,10,5,4.0,0.9237261414527893
229,10,5,9.0,0.9135718941688538
229,10,7,2.0,0.951825737953186
229,10,7,4.0,0.9025756120681763
229,10,7,13.5,0.9120132923126221
229,10,7,15.0,0.9122734665870667
229,10,11,2.0,0.9454255700111389
229,10,11,5.0,0.8865538835525513
229,11,5,1.0,0.9461458921432495
229,11,5,2.0,0.9499385356903076
229,11,5,4.0,0.9525012373924255
229,11,5,9.0,0.951866865158081
229,11,7,2.0,0.9301724433898926
229,11,7,4.0,0.9177097082138062
229,11,7,13.5,0.9084131717681885
229,11,7,15.0,0.9081871509552002
229,11,11,2.0,0.9117813110351562
229,11,11,5.0,0.8083371520042419
229,12,5,1.0,0.9602255821228027
229,12,5,2.0,0.9410243034362793
229,12,5,4.0,0.9523193836212158
229,12,5,9.0,0.9541465640068054
229,12,7,2.0,0.9340237975120544
229,12,7,4.0,0.9374678134918213
229,12,7,13.5,0.939764142036438
229,12,7,15.0,0.9398049712181091
229,12,11,2.0,0.9281148910522461
229,12,11,5.0,0.9221687912940979
229,13,5,1.0,0.8229105472564697
229,13,5,2.0,0.7691594362258911
229,13,5,4.0,0.7765973210334778
229,13,5,9.0,0.7795453071594238
229,13,7,2.0,0.7239015698432922
229,13,7,4.0,0.7394450902938843
229,13,7,13.5,0.7471787333488464
229,13,7,15.0,0.7472756505012512
229,13,11,2.0,0.7138234376907349
229,13,11,5.0,0.6145943403244019
229,14,5,1.0,0.937843382358551
229,14,5,2.0,0.9228662252426147
229,14,5,4.0,0.9237344861030579
229,14,5,9.0,0.9241260290145874
229,14,7,2.0,0.9183325171470642
229,14,7,4.0,0.9205483794212341
229,14,7,13.5,0.9194669723510742
229,14,7,15.0,0.9194416403770447
229,14,11,2.0,0.9166295528411865
229,14,11,5.0,0.9058904051780701
229,15,5,1.0,0.9117118120193481
229,15,5,2.0,0.8115274906158447
229,15,5,4.0,0.7668982148170471
229,15,5,9.0,0.7511261701583862
229,15,7,2.0,0.7670118808746338
229,15,7,4.0,0.6748740077018738
229,15,7,13.5,0.6269083023071289
229,15,7,15.0,0.6263614892959595
229,15,11,2.0,0.7655559182167053
229,15,11,5.0,0.5867769718170166
229,16,5,1.0,0.9722447395324707
229,16,5,2.0,0.9598017334938049
229,16,5,4.0,0.9624977111816406
229,16,5,9.0,0.9625625610351562
229,16,7,2.0,0.9459630250930786
229,16,7,4.0,0.9423526525497437
229,16,7,13.5,0.9410378336906433
229,16,7,15.0,0.9410372972488403
229,16,11,2.0,0.9404458999633789
229,16,11,5.0,0.9292834401130676
229,17,5,1.0,0.968135416507721
229,17,5,2.0,0.965400218963623
229,17,5,4.0,0.9595370888710022
229,17,5,9.0,0.9573734998703003
229,17,7,2.0,0.955717146396637
229,17,7,4.0,0.9370861649513245
229,17,7,13.5,0.9349908828735352
229,17,7,15.0,0.9349191784858704
229,17,11,2.0,0.9483286142349243
229,17,11,5.0,0.9226045608520508
229,18,5,1.0,0.9769589900970459
229,18,5,2.0,0.9656530618667603
229,18,5,4.0,0.965510368347168
229,18,5,9.0,0.9649782776832581
229,18,7,2.0,0.9525779485702515
229,18,7,4.0,0.9436136484146118
229,18,7,13.5,0.9374032020568848
229,18,7,15.0,0.9372873306274414
229,18,11,2.0,0.9430960416793823
229,18,11,5.0,0.905815839767456
229,19,5,1.0,0.9832116365432739
229,19,5,2.0,0.9714160561561584
229,19,5,4.0,0.9711588621139526
229,19,5,9.0,0.9709857702255249
229,19,7,2.0,0.952333927154541
229,19,7,4.0,0.9506415724754333
229,19,7,13.5,0.9504681825637817
229,19,7,15.0,0.9504812955856323
229,19,11,2.0,0.9418042302131653
229,19,11,5.0,0.918709397315979
229,20,5,1.0,0.9240736365318298
229,20,5,2.0,0.8457134366035461
229,20,5,4.0,0.8383628726005554
229,20,5,9.0,0.8387548923492432
229,20,7,2.0,0.7826117277145386
229,20,7,4.0,0.7612578868865967
229,20,7,13.5,0.7497907876968384
229,20,7,15.0,0.7495788335800171
229,20,11,2.0,0.7672683000564575
229,20,11,5.0,0.6413862705230713
229,21,5,1.0,0.919171154499054
229,21,5,2.0,0.9177834987640381
229,21,5,4.0,0.9306886196136475
229,21,5,9.0,0.9350110292434692
229,21,7,2.0,0.9036543965339661
229,21,7,4.0,0.8946540355682373
229,21,7,13.5,0.8964778184890747
229,21,7,15.0,0.896554172039032
229,21,11,2.0,0.8965826630592346
229,21,11,5.0,0.8682705163955688
229,22,5,1.0,0.9213346838951111
229,22,5,2.0,0.8933866620063782
229,22,5,4.0,0.8905871510505676
229,22,5,9.0,0.8915004730224609
229,22,7,2.0,0.8904054164886475
229,22,7,4.0,0.882940411567688
229,22,7,13.5,0.8793497681617737
229,22,7,15.0,0.8792803883552551
229,22,11,2.0,0.8872894048690796
229,22,11,5.0,0.8970789909362793
229,23,5,1.0,0.9473273754119873
229,23,5,2.0,0.8941647410392761
229,23,5,4.0,0.8804041743278503
229,23,5,9.0,0.8734028339385986
229,23,7,2.0,0.8508625030517578
229,23,7,4.0,0.8233813047409058
229,23,7,13.5,0.7993590235710144
229,23,7,15.0,0.7987571954727173
229,23,11,2.0,0.8354824185371399
229,23,11,5.0,0.7493071556091309
229,24,5,1.0,0.9712767601013184
229,24,5,2.0,0.9421200752258301
229,24,5,4.0,0.9462426900863647
229,24,5,9.0,0.9469689726829529
229,24,7,2.0,0.883721649646759
229,24,7,4.0,0.8411586880683899
229,24,7,13.5,0.8485674858093262
229,24,7,15.0,0.8485081195831299
229,24,11,2.0,0.8509172797203064
229,24,11,5.0,0.5203657150268555
229,25,5,1.0,0.9670213460922241
229,25,5,2.0,0.9362972974777222
229,25,5,4.0,0.9305397272109985
229,25,5,9.0,0.9300537109375
229,25,7,2.0,0.9008185267448425
229,25,7,4.0,0.8873724937438965
229,25,7,13.5,0.8923510313034058
229,25,7,15.0,0.8924434185028076
229,25,11,2.0,0.8891171216964722
229,25,11,5.0,0.8399046063423157
229,26,5,1.0,0.9301912188529968
229,26,5,2.0,0.8824495673179626
229,26,5,4.0,0.8869242072105408
229,26,5,9.0,0.8881630897521973
229,26,7,2.0,0.8392103314399719
229,26,7,4.0,0.8259224891662598
229,26,7,13.5,0.8122190833091736
229,26,7,15.0,0.8121341466903687
229,26,11,2.0,0.8169636726379395
229,26,11,5.0,0.5896798968315125
229,27,5,1.0,0.9502508640289307
229,27,5,2.0,0.911948561668396
229,27,5,4.0,0.8955326080322266
229,27,5,9.0,0.892636775970459
229,27,7,2.0,0.8739807605743408
229,27,7,4.0,0.843370795249939
229,27,7,13.5,0.8328080773353577
229,27,7,15.0,0.8325913548469543
229,27,11,2.0,0.8441562652587891
229,27,11,5.0,0.7716783285140991
229,28,5,1.0,0.9329794049263
229,28,5,2.0,0.8948153257369995
229,28,5,4.0,0.910578727722168
229,28,5,9.0,0.9139710664749146
229,28,7,2.0,0.8635847568511963
229,28,7,4.0,0.8611879348754883
229,28,7,13.5,0.8625308275222778
229,28,7,15.0,0.8625601530075073
229,28,11,2.0,0.8448624610900879
229,28,11,5.0,0.6972712278366089
229,29,5,1.0,0.9745644330978394
229,29,5,2.0,0.9682638645172119
229,29,5,4.0,0.9719161987304688
229,29,5,9.0,0.9728236198425293
229,29,7,2.0,0.9540901184082031
229,29,7,4.0,0.9521497488021851
229,29,7,13.5,0.9541457891464233
229,29,7,15.0,0.9541364312171936
229,29,11,2.0,0.9429538249969482
229,29,11,5.0,0.9398649334907532
229,30,5,1.0,0.937359631061554
229,30,5,2.0,0.919991135597229
229,30,5,4.0,0.9236689805984497
229,30,5,9.0,0.9244389533996582
229,30,7,2.0,0.9164741635322571
229,30,7,4.0,0.9133678674697876
229,30,7,13.5,0.910108208656311
229,30,7,15.0,0.9100345373153687
229,30,11,2.0,0.9104004502296448
229,30,11,5.0,0.8884366750717163
229,31,5,1.0,0.911584198474884
229,31,5,2.0,0.8619194030761719
229,31,5,4.0,0.8691454529762268
229,31,5,9.0,0.8700112104415894
229,31,7,2.0,0.8398601412773132
229,31,7,4.0,0.8222367763519287
229,31,7,13.5,0.8119766712188721
229,31,7,15.0,0.8117812871932983
229,31,11,2.0,0.8290977478027344
229,31,11,5.0,0.6538399457931519
229,32,5,1.0,0.926848292350769
229,32,5,2.0,0.903226375579834
229,32,5,4.0,0.9103020429611206
229,32,5,9.0,0.9132750630378723
229,32,7,2.0,0.8879156112670898
229,32,7,4.0,0.8892889022827148
229,32,7,13.5,0.8907132148742676
229,32,7,15.0,0.8907479047775269
229,32,11,2.0,0.8829091191291809
229,32,11,5.0,0.8619850277900696
229,33,5,1.0,0.9821540117263794
229,33,5,2.0,0.9722658395767212
229,33,5,4.0,0.973243236541748
229,33,5,9.0,0.9729951620101929
229,33,7,2.0,0.9542139172554016
229,33,7,4.0,0.9616310596466064
229,33,7,13.5,0.9640430808067322
229,33,7,15.0,0.9640390872955322
229,33,11,2.0,0.9472399950027466
229,33,11,5.0,0.9250709414482117
229,34,5,1.0,0.9512379169464111
229,34,5,2.0,0.9287376403808594
229,34,5,4.0,0.924241840839386
229,34,5,9.0,0.9223408699035645
229,34,7,2.0,0.8980138301849365
229,34,7,4.0,0.8695449829101562
229,34,7,13.5,0.8622605800628662
229,34,7,15.0,0.8621169328689575
229,34,11,2.0,0.8814590573310852
229,34,11,5.0,0.8015469312667847
229,35,5,1.0,0.9725612998008728
229,35,5,2.0,0.9625279903411865
229,35,5,4.0,0.964122474193573
229,35,5,9.0,0.9647263884544373
229,35,7,2.0,0.9506856203079224
229,35,7,4.0,0.9482660889625549
229,35,7,13.5,0.949007511138916
229,35,7,15.0,0.9490092396736145
229,35,11,2.0,0.943790853023529
229,35,11,5.0,0.9166088104248047
229,36,5,1.0,0.9739441871643066
229,36,5,2.0,0.9541399478912354
229,36,5,4.0,0.9542317390441895
229,36,5,9.0,0.9517337679862976
229,36,7,2.0,0.9187570810317993
229,36,7,4.0,0.8961029052734375
229,36,7,13.5,0.8901275992393494
229,36,7,15.0,0.8900822997093201
229,36,11,2.0,0.9015605449676514
229,36,11,5.0,0.8022229075431824
229,37,5,1.0,0.935763955116272
229,37,5,2.0,0.9036526679992676
229,37,5,4.0,0.9004663825035095
229,37,5,9.0,0.8987922072410583
229,37,7,2.0,0.8473982810974121
229,37,7,4.0,0.8328563570976257
229,37,7,13.5,0.824377179145813
229,37,7,15.0,0.8241716027259827
229,37,11,2.0,0.824418306350708
229,37,11,5.0,0.7476022839546204
229,38,5,1.0,0.9580018520355225
229,38,5,2.0,0.9403125643730164
229,38,5,4.0,0.9398086667060852
229,38,5,9.0,0.93769371509552
229,38,7,2.0,0.9184688329696655
229,38,7,4.0,0.9231069087982178
229,38,7,13.5,0.9196279048919678
229,38,7,15.0,0.9195401668548584
229,38,11,2.0,0.9107562303543091
229,38,11,5.0,0.8845876455307007
229,39,5,1.0,0.9350941777229309
229,39,5,2.0,0.8833333849906921
229,39,5,4.0,0.8857570886611938
229,39,5,9.0,0.8837331533432007
229,39,7,2.0,0.8215117454528809
229,39,7,4.0,0.7948212623596191
229,39,7,13.5,0.7826406955718994
229,39,7,15.0,0.7824030518531799
229,39,11,2.0,0.7833949327468872
229,39,11,5.0,0.6304548382759094
229,40,5,1.0,0.9297593832015991
229,40,5,2.0,0.8900920152664185
229,40,5,4.0,0.8816289901733398
229,40,5,9.0,0.8781431913375854
229,40,7,2.0,0.8665213584899902
229,40,7,4.0,0.8386024236679077
229,40,7,13.5,0.8218895196914673
229,40,7,15.0,0.8215813636779785
229,40,11,2.0,0.8543921709060669
229,40,11,5.0,0.7512602210044861
229,41,5,1.0,0.9336379170417786
229,41,5,2.0,0.9050661325454712
229,41,5,4.0,0.8988649845123291
229,41,5,9.0,0.8961917161941528
229,41,7,2.0,0.8804334402084351
229,41,7,4.0,0.8675909042358398
229,41,7,13.5,0.8582305908203125
229,41,7,15.0,0.8580390810966492
229,41,11,2.0,0.8686528205871582
229,41,11,5.0,0.7723583579063416
229,42,5,1.0,0.9696305990219116
229,42,5,2.0,0.9586566686630249
229,42,5,4.0,0.9548418521881104
229,42,5,9.0,0.9502412676811218
229,42,7,2.0,0.9440641403198242
229,42,7,4.0,0.9259707927703857
229,42,7,13.5,0.9093108773231506
229,42,7,15.0,0.9090283513069153
229,42,11,2.0,0.9369723796844482
229,42,11,5.0,0.9112389087677002
229,43,5,1.0,0.968300998210907
229,43,5,2.0,0.9522110223770142
229,43,5,4.0,0.9564578533172607
229,43,5,9.0,0.9580979347229004
229,43,7,2.0,0.9488422870635986
229,43,7,4.0,0.9485742449760437
229,43,7,13.5,0.948206901550293
229,43,7,15.0,0.9482121467590332
229,43,11,2.0,0.9473154544830322
229,43,11,5.0,0.9132996201515198
229,44,5,1.0,0.9797242879867554
229,44,5,2.0,0.9698678255081177
229,44,5,4.0,0.9690781831741333
229,44,5,9.0,0.9683821201324463
229,44,7,2.0,0.9578455686569214
229,44,7,4.0,0.953158974647522
229,44,7,13.5,0.9521955847740173
229,44,7,15.0,0.9521822929382324
229,44,11,2.0,0.9516040682792664
229,44,11,5.0,0.9310696125030518
229,45,5,1.0,0.953193187713623
229,45,5,2.0,0.9385392665863037
229,45,5,4.0,0.9380728006362915
229,45,5,9.0,0.9381952285766602
229,45,7,2.0,0.9241636991500854
229,45,7,4.0,0.9145229458808899
229,45,7,13.5,0.9146192073822021
229,45,7,15.0,0.9146393537521362
229,45,11,2.0,0.913347601890564
229,45,11,5.0,0.86998450756073
229,46,5,1.0,0.9239237904548645
229,46,5,2.0,0.8763293027877808
229,46,5,4.0,0.8846646547317505
229,46,5,9.0,0.8879434466362
229,46,7,2.0,0.8192790746688843
229,46,7,4.0,0.8045616149902344
229,46,7,13.5,0.8046971559524536
229,46,7,15.0,0.8047186136245728
229,46,11,2.0,0.7947604060173035
229,46,11,5.0,0.6829144358634949
229,47,5,1.0,0.9468766450881958
229,47,5,2.0,0.8857729434967041
229,47,5,4.0,0.8778609037399292
229,47,5,9.0,0.8769198656082153
229,47,7,2.0,0.8459283709526062
229,47,7,4.0,0.8210934996604919
229,47,7,13.5,0.8315353393554688
229,47,7,15.0,0.8317844867706299
229,47,11,2.0,0.8328611850738525
229,47,11,5.0,0.7893288135528564
229,48,5,1.0,0.9174047708511353
229,48,5,2.0,0.8954477310180664
229,48,5,4.0,0.8906453847885132
229,48,5,9.0,0.8887560963630676
229,48,7,2.0,0.8638430833816528
229,48,7,4.0,0.7772485017776489
229,48,7,13.5,0.7565886378288269
229,48,7,15.0,0.7563360333442688
229,48,11,2.0,0.8317914605140686
229,48,11,5.0,0.5994514226913452
229,49,5,1.0,0.9615294933319092
229,49,5,2.0,0.9723781943321228
229,49,5,4.0,0.9782730340957642
229,49,5,9.0,0.9776793122291565
229,49,7,2.0,0.9617840647697449
229,49,7,4.0,0.9663179516792297
229,49,7,13.5,0.9674943685531616
229,49,7,15.0,0.9675057530403137
229,49,11,2.0,0.9605408906936646
229,49,11,5.0,0.9456019997596741
417,0,5,1.0,0.9668328166007996
417,0,5,2.0,0.9558874368667603
417,0,5,4.0,0.9470010995864868
417,0,5,9.0,0.940005898475647
417,0,7,2.0,0.9374964237213135
417,0,7,4.0,0.8823411464691162
417,0,7,13.5,0.8455853462219238
417,0,7,15.0,0.8449252247810364
417,0,11,2.0,0.9202393293380737
417,0,11,5.0,0.6804336309432983
417,1,5,1.0,0.9482021331787109
417,1,5,2.0,0.9363070726394653
417,1,5,4.0,0.9337674379348755
417,1,5,9.0,0.9324545860290527
417,1,7,2.0,0.934707760810852
417,1,7,4.0,0.9254869818687439
417,1,7,13.5,0.9221432209014893
417,1,7,15.0,0.9221015572547913
417,1,11,2.0,0.9349291324615479
417,1,11,5.0,0.8958056569099426
417,2,5,1.0,0.9338541030883789
417,2,5,2.0,0.9037414789199829
417,2,5,4.0,0.9042975902557373
417,2,5,9.0,0.905264139175415
417,2,7,2.0,0.8867400884628296
417,2,7,4.0,0.8673808574676514
417,2,7,13.5,0.8644202947616577
417,2,7,15.0,0.8643859028816223
417,2,11,2.0,0.8745414614677429
417,2,11,5.0,0.8248327374458313
417,3,5,1.0,0.9713634252548218
417,3,5,2.0,0.9543896913528442
417,3,5,4.0,0.9550245404243469
417,3,5,9.0,0.955549955368042
417,3,7,2.0,0.9405593872070312
417,3,7,4.0,0.9346953630447388
417,3,7,13.5,0.9327327013015747
417,3,7,15.0,0.9327085614204407
417,3,11,2.0,0.9330222606658936
417,3,11,5.0,0.8772462606430054
417,4,5,1.0,0.950374960899353
417,4,5,2.0,0.938384473323822
417,4,5,4.0,0.9346624612808228
417,4,5,9.0,0.9337489008903503
417,4,7,2.0,0.9158875942230225
417,4,7,4.0,0.8889362215995789
417,4,7,13.5,0.886390209197998
417,4,7,15.0,0.8863731622695923
417,4,11,2.0,0.9002513885498047
417,4,11,5.0,0.8506949543952942
417,5,5,1.0,0.8381088972091675
417,5,5,2.0,0.7854328751564026
417,5,5,4.0,0.7750686407089233
417,5,5,9.0,0.7747758626937866
417,5,7,2.0,0.7615702152252197
417,5,7,4.0,0.7226476073265076
417,5,7,13.5,0.7159581184387207
417,5,7,15.0,0.7159444689750671
417,5,11,2.0,0.7618181109428406
417,5,11,5.0,0.6645832061767578
417,6,5,1.0,0.8835519552230835
417,6,5,2.0,0.8528115153312683
417,6,5,4.0,0.8402552008628845
417,6,5,9.0,0.8356950283050537
417,6,7,2.0,0.8425686359405518
417,6,7,4.0,0.8240700960159302
417,6,7,13.5,0.8167163729667664
417,6,7,15.0,0.8165719509124756
417,6,11,2.0,0.8273208141326904
417,6,11,5.0,0.7970997095108032
417,7,5,1.0,0.9466164112091064
417,7,5,2.0,0.9205566644668579
417,7,5,4.0,0.9174290895462036
417,7,5,9.0,0.9169156551361084
417,7,7,2.0,0.9036574363708496
417,7,7,4.0,0.8911105394363403
417,7,7,13.5,0.8892934918403625
417,7,7,15.0,0.8892574310302734
417,7,11,2.0,0.8903266191482544
417,7,11,5.0,0.8517928123474121
417,8,5,1.0,0.9611908197402954
417,8,5,2.0,0.9469318389892578
417,8,5,4.0,0.9346567392349243
417,8,5,9.0,0.929611086845398
417,8,7,2.0,0.939522385597229
417,8,7,4.0,0.9145976901054382
417,8,7,13.5,0.9043185710906982
417,8,7,15.0,0.9041506052017212
417,8,11,2.0,0.9383482336997986
417,8,11,5.0,0.9260945320129395
417,9,5,1.0,0.9523869156837463
417,9,5,2.0,0.9362921714782715
417,9,5,4.0,0.9347740411758423
417,9,5,9.0,0.934438169002533
417,9,7,2.0,0.8981761336326599
417,9,7,4.0,0.888209342956543
417,9,7,13.5,0.8807188272476196
417,9,7,15.0,0.8805047273635864
417,9,11,2.0,0.8670213222503662
417,9,11,5.0,0.672179102897644
417,10,5,1.0,0.9583665132522583
417,10,5,2.0,0.9525208473205566
417,10,5,4.0,0.9510637521743774
417,10,5,9.0,0.9508600234985352
417,10,7,2.0,0.9448740482330322
417,10,7,4.0,0.943292498588562
417,10,7,13.5,0.9478912353515625
417,10,7,15.0,0.9479213356971741
417,10,11,2.0,0.935338020324707
417,10,11,5.0,0.9408411979675293
417,11,5,1.0,0.9644732475280762
417,11,5,2.0,0.9588049650192261
417,11,5,4.0,0.955316424369812
417,11,5,9.0,0.9542706608772278
417,11,7,2.0,0.9453950524330139
417,11,7,4.0,0.9259294271469116
417,11,7,13.5,0.9168446660041809
417,11,7,15.0,0.916681706905365
417,11,11,2.0,0.9349386692047119
417,11,11,5.0,0.8579663038253784
417,12,5,1.0,0.9168875217437744
417,12,5,2.0,0.9071842432022095
417,12,5,4.0,0.9090967774391174
417,12,5,9.0,0.909819483757019
417,12,7,2.0,0.8964990377426147
417,12,7,4.0,0.8909003138542175
417,12,7,13.5,0.8882640600204468
417,12,7,15.0,0.8882166147232056
417,12,11,2.0,0.8892266154289246
417,12,11,5.0,0.8684658408164978
417,13,5,1.0,0.9851887822151184
417,13,5,2.0,0.9792263507843018
417,13,5,4.0,0.9768568277359009
417,13,5,9.0,0.9759721159934998
417,13,7,2.0,0.9719583988189697
417,13,7,4.0,0.9675557613372803
417,13,7,13.5,0.9674164652824402
417,13,7,15.0,0.9674274921417236
417,13,11,2.0,0.9641835689544678
417,13,11,5.0,0.9442747235298157
417,14,5,1.0,0.9030506610870361
417,14,5,2.0,0.8903322219848633
417,14,5,4.0,0.8756000995635986
417,14,5,9.0,0.8683083057403564
417,14,7,2.0,0.8568722009658813
417,14,7,4.0,0.7528212070465088
417,14,7,13.5,0.7274216413497925
417,14,7,15.0,0.7270075082778931
417,14,11,2.0,0.8163570165634155
417,14,11,5.0,0.6968796849250793
417,15,5,1.0,0.9536470174789429
417,15,5,2.0,0.9539862871170044
417,15,5,4.0,0.951503574848175
417,15,5,9.0,0.9498045444488525
417,15,7,2.0,0.94286048412323
417,15,7,4.0,0.9241557121276855
417,15,7,13.5,0.9127224683761597
417,15,7,15.0,0.9125241637229919
417,15,11,2.0,0.9339322447776794
417,15,11,5.0,0.8253490924835205
417,16,5,1.0,0.9732535481452942
417,16,5,2.0,0.9660705924034119
417,16,5,4.0,0.9627153873443604
417,16,5,9.0,0.9617455005645752
417,16,7,2.0,0.9468470215797424
417,16,7,4.0,0.9298029541969299
417,16,7,13.5,0.927860677242279
417,16,7,15.0,0.9278608560562134
417,16,11,2.0,0.9430897831916809
417,16,11,5.0,0.9121446013450623
417,17,5,1.0,0.9652680158615112
417,17,5,2.0,0.9652042388916016
417,17,5,4.0,0.9594709873199463
417,17,5,9.0,0.9553357362747192
417,17,7,2.0,0.963242769241333
417,17,7,4.0,0.9442805051803589
417,17,7,13.5,0.936997652053833
417,17,7,15.0,0.936835527420044
417,17,11,2.0,0.9536134004592896
417,17,11,5.0,0.897205650806427
417,18,5,1.0,0.9454642534255981
417,18,5,2.0,0.9322704076766968
417,18,5,4.0,0.929352879524231
417,18,5,9.0,0.9287141561508179
417,18,7,2.0,0.9262614250183105
417,18,7,4.0,0.9176685810089111
417,18,7,13.5,0.914389967918396
417,18,7,15.0,0.9143320918083191
417,18,11,2.0,0.9211075305938721
417,18,11,5.0,0.8943477869033813
417,19,5,1.0,0.9438266754150391
417,19,5,2.0,0.9345496892929077
417,19,5,4.0,0.9313730001449585
417,19,5,9.0,0.9302981495857239
417,19,7,2.0,0.9240708351135254
417,19,7,4.0,0.913914144039154
417,19,7,13.5,0.9124485850334167
417,19,7,15.0,0.912429928779602
417,19,11,2.0,0.9216748476028442
417,19,11,5.0,0.9043701887130737
417,20,5,1.0,0.9701159596443176
417,20,5,2.0,0.9647933840751648
417,20,5,4.0,0.964409589767456
417,20,5,9.0,0.9643668532371521
417,20,7,2.0,0.9600446820259094
417,20,7,4.0,0.9547021389007568
417,20,7,13.5,0.9533512592315674
417,20,7,15.0,0.953333854675293
417,20,11,2.0,0.9564091563224792
417,20,11,5.0,0.9396963715553284
417,21,5,1.0,0.9654956459999084
417,21,5,2.0,0.8832075595855713
417,21,5,4.0,0.8354822397232056
417,21,5,9.0,0.8263627290725708
417,21,7,2.0,0.8805964589118958
417,21,7,4.0,0.747031569480896
417,21,7,13.5,0.7285819053649902
417,21,7,15.0,0.728179395198822
417,21,11,2.0,0.8957157135009766
417,21,11,5.0,0.6511881947517395
417,22,5,1.0,0.9041942358016968
417,22,5,2.0,0.8925293684005737
417,22,5,4.0,0.8903902173042297
417,22,5,9.0,0.8902120590209961
417,22,7,2.0,0.8890849947929382
417,22,7,4.0,0.8870633840560913
417,22,7,13.5,0.8873907327651978
417,22,7,15.0,0.8873993158340454
417,22,11,2.0,0.8860555291175842
417,22,11,5.0,0.8813180923461914
417,23,5,1.0,0.9834831357002258
417,23,5,2.0,0.9805225729942322
417,23,5,4.0,0.9718457460403442
417,23,5,9.0,0.9687991738319397
417,23,7,2.0,0.9749802350997925
417,23,7,4.0,0.9671905040740967
417,23,7,13.5,0.9617056846618652
417,23,7,15.0,0.961614191532135
417,23,11,2.0,0.9694383144378662
417,23,11,5.0,0.9338438510894775
417,24,5,1.0,0.97254878282547
417,24,5,2.0,0.9503687620162964
417,24,5,4.0,0.9420607686042786
417,24,5,9.0,0.9403740167617798
417,24,7,2.0,0.938347339630127
417,24,7,4.0,0.9046355485916138
417,24,7,13.5,0.9049920439720154
417,24,7,15.0,0.905077338218689
417,24,11,2.0,0.9266878366470337
417,24,11,5.0,0.8473763465881348
417,25,5,1.0,0.9634031057357788
417,25,5,2.0,0.9075421094894409
417,25,5,4.0,0.8989697694778442
417,25,5,9.0,0.8992668390274048
417,25,7,2.0,0.8533140420913696
417,25,7,4.0,0.830803632736206
417,25,7,13.5,0.833823025226593
417,25,7,15.0,0.8339588642120361
417,25,11,2.0,0.8390178680419922
417,25,11,5.0,0.8008689880371094
417,26,5,1.0,0.9087925553321838
417,26,5,2.0,0.8776092529296875
417,26,5,4.0,0.8773667812347412
417,26,5,9.0,0.8762263059616089
417,26,7,2.0,0.8548036813735962
417,26,7,4.0,0.8292505741119385
417,26,7,13.5,0.809657096862793
417,26,7,15.0,0.8091920614242554
417,26,11,2.0,0.8388111591339111
417,26,11,5.0,0.6276432275772095
417,27,5,1.0,0.8152260184288025
417,27,5,2.0,0.7631073594093323
417,27,5,4.0,0.7697185277938843
417,27,5,9.0,0.7793859243392944
417,27,7,2.0,0.7997340559959412
417,27,7,4.0,0.7775363922119141
417,27,7,13.5,0.7789648175239563
417,27,7,15.0,0.7789648175239563
417,27,11,2.0,0.8311775326728821
417,27,11,5.0,0.7814731001853943
417,28,5,1.0,0.9752223491668701
417,28,5,2.0,0.9718414545059204
417,28,5,4.0,0.9709374904632568
417,28,5,9.0,0.9704207181930542
417,28,7,2.0,0.9673502445220947
417,28,7,4.0,0.9637969732284546
417,28,7,13.5,0.9617220163345337
417,28,7,15.0,0.9616771936416626
417,28,11,2.0,0.9632163643836975
417,28,11,5.0,0.9414540529251099
417,29,5,1.0,0.9356411099433899
417,29,5,2.0,0.8952155113220215
417,29,5,4.0,0.8773945569992065
417,29,5,9.0,0.8708808422088623
417,29,7,2.0,0.8860916495323181
417,29,7,4.0,0.8111824989318848
417,29,7,13.5,0.7790752053260803
417,29,7,15.0,0.7785806655883789
417,29,11,2.0,0.8655978441238403
417,29,11,5.0,0.7234718799591064
417,30,5,1.0,0.9664335250854492
417,30,5,2.0,0.9420908093452454
417,30,5,4.0,0.9390013217926025
417,30,5,9.0,0.938186526298523
417,30,7,2.0,0.9074257612228394
417,30,7,4.0,0.9020394086837769
417,30,7,13.5,0.905420184135437
417,30,7,15.0,0.9054858088493347
417,30,11,2.0,0.8921537399291992
417,30,11,5.0,0.8893765807151794
417,31,5,1.0,0.972996711730957
417,31,5,2.0,0.9340676069259644
417,31,5,4.0,0.8986267447471619
417,31,5,9.0,0.8937399387359619
417,31,7,2.0,0.9204186201095581
417,31,7,4.0,0.8448091149330139
417,31,7,13.5,0.8009795546531677
417,31,7,15.0,0.8000649213790894
417,31,11,2.0,0.9223801493644714
417,31,11,5.0,0.7366188168525696
417,32,5,1.0,0.9622141122817993
417,32,5,2.0,0.9597617387771606
417,32,5,4.0,0.9620468616485596
417,32,5,9.0,0.9629994034767151
417,32,7,2.0,0.9569060802459717
417,32,7,4.0,0.9598588943481445
417,32,7,13.5,0.960850179195404
417,32,7,15.0,0.9608651995658875
417,32,11,2.0,0.9549220204353333
417,32,11,5.0,0.9499590396881104
417,33,5,1.0,0.849982500076294
417,33,5,2.0,0.791095495223999
417,33,5,4.0,0.7967191338539124
417,33,5,9.0,0.7943518161773682
417,33,7,2.0,0.7430046796798706
417,33,7,4.0,0.7128351926803589
417,33,7,13.5,0.690026044845581
417,33,7,15.0,0.689422070980072
417,33,11,2.0,0.7098231315612793
417,33,11,5.0,0.6357021331787109
417,34,5,1.0,0.9779852628707886
417,34,5,2.0,0.9725692272186279
417,34,5,4.0,0.9623856544494629
417,34,5,9.0,0.9657403826713562
417,34,7,2.0,0.9574781060218811
417,34,7,4.0,0.9534371495246887
417,34,7,13.5,0.9530026912689209
417,34,7,15.0,0.9529933929443359
417,34,11,2.0,0.9467065334320068
417,34,11,5.0,0.8731796741485596
417,35,5,1.0,0.9742677807807922
417,35,5,2.0,0.9734005331993103
417,35,5,4.0,0.9736297130584717
417,35,5,9.0,0.9736300110816956
417,35,7,2.0,0.9689205884933472
417,35,7,4.0,0.9675468802452087
417,35,7,13.5,0.9674376249313354
417,35,7,15.0,0.9674369096755981
417,35,11,2.0,0.9656736254692078
417,35,11,5.0,0.9520572423934937
417,36,5,1.0,0.9499059319496155
417,36,5,2.0,0.9340257048606873
417,36,5,4.0,0.9268684387207031
417,36,5,9.0,0.9260435104370117
417,36,7,2.0,0.92584228515625
417,36,7,4.0,0.9104453325271606
417,36,7,13.5,0.9065333008766174
417,36,7,15.0,0.9064640402793884
417,36,11,2.0,0.9188665747642517
417,36,11,5.0,0.8826093077659607
417,37,5,1.0,0.9680564999580383
417,37,5,2.0,0.9635788798332214
417,37,5,4.0,0.9642398953437805
417,37,5,9.0,0.9645930528640747
417,37,7,2.0,0.9585726261138916
417,37,7,4.0,0.9569905996322632
417,37,7,13.5,0.956369161605835
417,37,7,15.0,0.9563572406768799
417,37,11,2.0,0.9565262198448181
417,37,11,5.0,0.9464981555938721
417,38,5,1.0,0.9595377445220947
417,38,5,2.0,0.7832765579223633
417,38,5,4.0,0.7248682379722595
417,38,5,9.0,0.721734344959259
417,38,7,2.0,0.6739339828491211
417,38,7,4.0,0.6158002614974976
417,38,7,13.5,0.6148812770843506
417,38,7,15.0,0.6148092150688171
417,38,11,2.0,0.6849619150161743
417,38,11,5.0,0.6784898638725281
417,39,5,1.0,0.9004426002502441
417,39,5,2.0,0.5883958339691162
417,39,5,4.0,0.6160454750061035
417,39,5,9.0,0.6255050897598267
417,39,7,2.0,0.5895013809204102
417,39,7,4.0,0.5490717887878418
417,39,7,13.5,0.5448448657989502
417,39,7,15.0,0.5445504188537598
417,39,11,2.0,0.6048294305801392
417,39,11,5.0,0.5795751810073853
417,40,5,1.0,0.9559866189956665
417,40,5,2.0,0.9529089331626892
417,40,5,4.0,0.953300952911377
417,40,5,9.0,0.9526722431182861
417,40,7,2.0,0.9495342969894409
417,40,7,4.0,0.9439119100570679
417,40,7,13.5,0.9397354125976562
417,40,7,15.0,0.9396781921386719
417,40,11,2.0,0.9455558657646179
417,40,11,5.0,0.8749672174453735
417,41,5,1.0,0.9760445952415466
417,41,5,2.0,0.9735792875289917
417,41,5,4.0,0.9729341864585876
417,41,5,9.0,0.9714704155921936
417,41,7,2.0,0.9692901372909546
417,41,7,4.0,0.96730637550354
417,41,7,13.5,0.9657424688339233
417,41,7,15.0,0.9657196402549744
417,41,11,2.0,0.9655259847640991
417,41,11,5.0,0.9489799737930298
417,42,5,1.0,0.9707508683204651
417,42,5,2.0,0.9523716568946838
417,42,5,4.0,0.9420368671417236
417,42,5,9.0,0.9332289695739746
417,42,7,2.0,0.9396281242370605
417,42,7,4.0,0.909299373626709
417,42,7,13.5,0.8751062154769897
417,42,7,15.0,0.8747909069061279
417,42,11,2.0,0.9328987002372742
417,42,11,5.0,0.9055855870246887
417,43,5,1.0,0.8664809465408325
417,43,5,2.0,0.8525842428207397
417,43,5,4.0,0.8509122133255005
417,43,5,9.0,0.8507711887359619
417,43,7,2.0,0.847917377948761
417,43,7,4.0,0.840560793876648
417,43,7,13.5,0.8367485404014587
417,43,7,15.0,0.8366813659667969
417,43,11,2.0,0.8508410453796387
417,43,11,5.0,0.8614859580993652
417,44,5,1.0,0.9329681396484375
417,44,5,2.0,0.9491706490516663
417,44,5,4.0,0.9489586353302002
417,44,5,9.0,0.9491420388221741
417,44,7,2.0,0.9375227093696594
417,44,7,4.0,0.9370981454849243
417,44,7,13.5,0.9378080368041992
417,44,7,15.0,0.9378303289413452
417,44,11,2.0,0.9321246147155762
417,44,11,5.0,0.9018665552139282
417,45,5,1.0,0.952811062335968
417,45,5,2.0,0.9376769065856934
417,45,5,4.0,0.9429771900177002
417,45,5,9.0,0.9445164799690247
417,45,7,2.0,0.9198624491691589
417,45,7,4.0,0.9146108031272888
417,45,7,13.5,0.9150064587593079
417,45,7,15.0,0.915037989616394
417,45,11,2.0,0.9115749597549438
417,45,11,5.0,0.871566891670227
417,46,5,1.0,0.8608494997024536
417,46,5,2.0,0.7930155992507935
417,46,5,4.0,0.7791064977645874
417,46,5,9.0,0.7742185592651367
417,46,7,2.0,0.7018290162086487
417,46,7,4.0,0.6428040266036987
417,46,7,13.5,0.6617028117179871
417,46,7,15.0,0.6620998382568359
417,46,11,2.0,0.6840765476226807
417,46,11,5.0,0.7341141104698181
417,47,5,1.0,0.9321550130844116
417,47,5,2.0,0.9437682032585144
417,47,5,4.0,0.951180636882782
417,47,5,9.0,0.9529038667678833
417,47,7,2.0,0.9597803950309753
417,47,7,4.0,0.958320677280426
417,47,7,13.5,0.958571195602417
417,47,7,15.0,0.9585698843002319
417,47,11,2.0,0.9577605724334717
417,47,11,5.0,0.9578633308410645
417,48,5,1.0,0.8334990739822388
417,48,5,2.0,0.7752660512924194
417,48,5,4.0,0.7607940435409546
417,48,5,9.0,0.7587050199508667
417,48,7,2.0,0.7342586517333984
417,48,7,4.0,0.7189902067184448
417,48,7,13.5,0.7201124429702759
417,48,7,15.0,0.7201366424560547
417,48,11,2.0,0.7214686274528503
417,48,11,5.0,0.6658401489257812
417,49,5,1.0,0.9710431098937988
417,49,5,2.0,0.961959719657898
417,49,5,4.0,0.9604465961456299
417,49,5,9.0,0.9601835608482361
417,49,7,2.0,0.9555017948150635
417,49,7,4.0,0.9520431160926819
417,49,7,13.5,0.9514883160591125
417,49,7,15.0,0.9514836668968201
417,49,11,2.0,0.9518417119979858
417,49,11,5.0,0.9314228296279907
421,0,5,1.0,0.9462774395942688
421,0,5,2.0,0.939548134803772
421,0,5,4.0,0.9333691596984863
421,0,5,9.0,0.9202686548233032
421,0,7,2.0,0.92220139503479
421,0,7,4.0,0.8929912447929382
421,0,7,13.5,0.8857707977294922
421,0,7,15.0,0.8855494260787964
421,0,11,2.0,0.9099876284599304
421,0,11,5.0,0.8701015114784241
421,1,5,1.0,0.9648730754852295
421,1,5,2.0,0.9417402744293213
421,1,5,4.0,0.9286482334136963
421,1,5,9.0,0.9267164468765259
421,1,7,2.0,0.9096994400024414
421,1,7,4.0,0.8596494793891907
421,1,7,13.5,0.8438528776168823
421,1,7,15.0,0.8436537981033325
421,1,11,2.0,0.8942402601242065
421,1,11,5.0,0.761029839515686
421,2,5,1.0,0.9678012132644653
421,2,5,2.0,0.954946756362915
421,2,5,4.0,0.9551043510437012
421,2,5,9.0,0.955086350440979
421,2,7,2.0,0.94366455078125
421,2,7,4.0,0.9467798471450806
421,2,7,13.5,0.9462652802467346
421,2,7,15.0,0.9462454319000244
421,2,11,2.0,0.9367032051086426
421,2,11,5.0,0.9214203357696533
421,3,5,1.0,0.883042573928833
421,3,5,2.0,0.7736693620681763
421,3,5,4.0,0.7910160422325134
421,3,5,9.0,0.7987135052680969
421,3,7,2.0,0.6822243928909302
421,3,7,4.0,0.6607472896575928
421,3,7,13.5,0.6669202446937561
421,3,7,15.0,0.6671419143676758
421,3,11,2.0,0.6626789569854736
421,3,11,5.0,0.6335073113441467
421,4,5,1.0,0.9097673296928406
421,4,5,2.0,0.8799055814743042
421,4,5,4.0,0.8791160583496094
421,4,5,9.0,0.8749159574508667
421,4,7,2.0,0.8624234199523926
421,4,7,4.0,0.7686683535575867
421,4,7,13.5,0.7312697768211365
421,4,7,15.0,0.7308434844017029
421,4,11,2.0,0.8451025485992432
421,4,11,5.0,0.6741253137588501
421,5,5,1.0,0.8501570820808411
421,5,5,2.0,0.7815464735031128
421,5,5,4.0,0.7401076555252075
421,5,5,9.0,0.727157473564148
421,5,7,2.0,0.7403507232666016
421,5,7,4.0,0.6958608627319336
421,5,7,13.5,0.671065628528595
421,5,7,15.0,0.6703201532363892
421,5,11,2.0,0.699731171131134
421,5,11,5.0,0.5419293642044067
421,6,5,1.0,0.9489561915397644
421,6,5,2.0,0.914595365524292
421,6,5,4.0,0.9168755412101746
421,6,5,9.0,0.9123806357383728
421,6,7,2.0,0.878537654876709
421,6,7,4.0,0.8816666007041931
421,6,7,13.5,0.8712426424026489
421,6,7,15.0,0.8710228800773621
421,6,11,2.0,0.8682898283004761
421,6,11,5.0,0.7844933271408081
421,7,5,1.0,0.8937282562255859
421,7,5,2.0,0.8119897246360779
421,7,5,4.0,0.8110717535018921
421,7,5,9.0,0.8057434558868408
421,7,7,2.0,0.7588246464729309
421,7,7,4.0,0.7099695205688477
421,7,7,13.5,0.7266384959220886
421,7,7,15.0,0.7269192337989807
421,7,11,2.0,0.7522500157356262
421,7,11,5.0,0.6267788410186768
421,8,5,1.0,0.9544495344161987
421,8,5,2.0,0.9374656081199646
421,8,5,4.0,0.9398965835571289
421,8,5,9.0,0.9412376880645752
421,8,7,2.0,0.9245723485946655
421,8,7,4.0,0.918267011642456
421,8,7,13.5,0.9185739159584045
421,8,7,15.0,0.918519914150238
421,8,11,2.0,0.9138717651367188
421,8,11,5.0,0.8600818514823914
421,9,5,1.0,0.9698638916015625
421,9,5,2.0,0.9592157602310181
421,9,5,4.0,0.9493211507797241
421,9,5,9.0,0.946008563041687
421,9,7,2.0,0.9434384107589722
421,9,7,4.0,0.921162486076355
421,9,7,13.5,0.9147952198982239
421,9,7,15.0,0.9148105978965759
421,9,11,2.0,0.9379346966743469
421,9,11,5.0,0.8792555332183838
421,10,5,1.0,0.935920000076294
421,10,5,2.0,0.9143372774124146
421,10,5,4.0,0.9077444076538086
421,10,5,9.0,0.9092814922332764
421,10,7,2.0,0.8925405740737915
421,10,7,4.0,0.861233115196228
421,10,7,13.5,0.8514038324356079
421,10,7,15.0,0.8512512445449829
421,10,11,2.0,0.8731426000595093
421,10,11,5.0,0.7652313113212585
421,11,5,1.0,0.8968387246131897
421,11,5,2.0,0.8343169689178467
421,11,5,4.0,0.8052910566329956
421,11,5,9.0,0.7944955825805664
421,11,7,2.0,0.827013373374939
421,11,7,4.0,0.7662750482559204
421,11,7,13.5,0.7355160117149353
421,11,7,15.0,0.7351983785629272
421,11,11,2.0,0.8095743656158447
421,11,11,5.0,0.7010848522186279
421,12,5,1.0,0.9524033069610596
421,12,5,2.0,0.8994606733322144
421,12,5,4.0,0.8742790222167969
421,12,5,9.0,0.87017822265625
421,12,7,2.0,0.8551846742630005
421,12,7,4.0,0.7421667575836182
421,12,7,13.5,0.7332960367202759
421,12,7,15.0,0.7332996129989624
421,12,11,2.0,0.8558960556983948
421,12,11,5.0,0.4363517761230469
421,13,5,1.0,0.9662853479385376
421,13,5,2.0,0.9457676410675049
421,13,5,4.0,0.9468604922294617
421,13,5,9.0,0.945565938949585
421,13,7,2.0,0.9221134185791016
421,13,7,4.0,0.9102484583854675
421,13,7,13.5,0.9068056344985962
421,13,7,15.0,0.9067251682281494
421,13,11,2.0,0.9170567989349365
421,13,11,5.0,0.7947790622711182
421,14,5,1.0,0.9214211702346802
421,14,5,2.0,0.8968656063079834
421,14,5,4.0,0.9022693634033203
421,14,5,9.0,0.9045854806900024
421,14,7,2.0,0.8203021883964539
421,14,7,4.0,0.8110685348510742
421,14,7,13.5,0.7992146611213684
421,14,7,15.0,0.7988591194152832
421,14,11,2.0,0.7734819650650024
421,14,11,5.0,0.6090495586395264
421,15,5,1.0,0.9205731153488159
421,15,5,2.0,0.8581931591033936
421,15,5,4.0,0.8400187492370605
421,15,5,9.0,0.8355906009674072
421,15,7,2.0,0.7854331135749817
421,15,7,4.0,0.7595714330673218
421,15,7,13.5,0.7569786310195923
421,15,7,15.0,0.7569767832756042
421,15,11,2.0,0.7821661233901978
421,15,11,5.0,0.6883810758590698
421,16,5,1.0,0.9086444973945618
421,16,5,2.0,0.8811130523681641
421,16,5,4.0,0.8875877261161804
421,16,5,9.0,0.8894706964492798
421,16,7,2.0,0.8676782250404358
421,16,7,4.0,0.8730535507202148
421,16,7,13.5,0.8755909204483032
421,16,7,15.0,0.8756000399589539
421,16,11,2.0,0.8649187088012695
421,16,11,5.0,0.834487795829773
421,17,5,1.0,0.9772137999534607
421,17,5,2.0,0.9585255980491638
421,17,5,4.0,0.9385362863540649
421,17,5,9.0,0.9364434480667114
421,17,7,2.0,0.9491352438926697
421,17,7,4.0,0.9152383804321289
421,17,7,13.5,0.8718438148498535
421,17,7,15.0,0.8710641860961914
421,17,11,2.0,0.9459330439567566
421,17,11,5.0,0.8409337997436523
421,18,5,1.0,0.9699939489364624
421,18,5,2.0,0.9531095027923584
421,18,5,4.0,0.9427759051322937
421,18,5,9.0,0.9384368658065796
421,18,7,2.0,0.9316829442977905
421,18,7,4.0,0.8822622299194336
421,18,7,13.5,0.871006429195404
421,18,7,15.0,0.8706755042076111
421,18,11,2.0,0.9158061742782593
421,18,11,5.0,0.784843921661377
421,19,5,1.0,0.9117558598518372
421,19,5,2.0,0.8683923482894897
421,19,5,4.0,0.8534040451049805
421,19,5,9.0,0.8504781723022461
421,19,7,2.0,0.8457677364349365
421,19,7,4.0,0.7608559131622314
421,19,7,13.5,0.7350121736526489
421,19,7,15.0,0.734770655632019
421,19,11,2.0,0.8330601453781128
421,19,11,5.0,0.5930958986282349
421,20,5,1.0,0.7564082145690918
421,20,5,2.0,0.6854287385940552
421,20,5,4.0,0.6964524984359741
421,20,5,9.0,0.6971038579940796
421,20,7,2.0,0.62688148021698
421,20,7,4.0,0.610834002494812
421,20,7,13.5,0.6016535758972168
421,20,7,15.0,0.6013782620429993
421,20,11,2.0,0.5887620449066162
421,20,11,5.0,0.5121780037879944
421,21,5,1.0,0.9050551056861877
421,21,5,2.0,0.835774302482605
421,21,5,4.0,0.8212904930114746
421,21,5,9.0,0.8146552443504333
421,21,7,2.0,0.7769631147384644
421,21,7,4.0,0.7325934767723083
421,21,7,13.5,0.7301104664802551
421,21,7,15.0,0.7300105690956116
421,21,11,2.0,0.7594438791275024
421,21,11,5.0,0.6540075540542603
421,22,5,1.0,0.9052163362503052
421,22,5,2.0,0.9044908285140991
421,22,5,4.0,0.9055216908454895
421,22,5,9.0,0.9060573577880859
421,22,7,2.0,0.8994037508964539
421,22,7,4.0,0.8855488896369934
421,22,7,13.5,0.875016450881958
421,22,7,15.0,0.874830424785614
421,22,11,2.0,0.8932623267173767
421,22,11,5.0,0.8396562933921814
421,23,5,1.0,0.9408679604530334
421,23,5,2.0,0.8797308206558228
421,23,5,4.0,0.8507105112075806
421,23,5,9.0,0.8385171890258789
421,23,7,2.0,0.8333244323730469
421,23,7,4.0,0.7952349185943604
421,23,7,13.5,0.7755624055862427
421,23,7,15.0,0.7755546569824219
421,23,11,2.0,0.8186502456665039
421,23,11,5.0,0.6911795735359192
421,24,5,1.0,0.9321762323379517
421,24,5,2.0,0.9169666171073914
421,24,5,4.0,0.9130250215530396
421,24,5,9.0,0.9159227013587952
421,24,7,2.0,0.8886274099349976
421,24,7,4.0,0.8404949307441711
421,24,7,13.5,0.8321301341056824
421,24,7,15.0,0.8319419622421265
421,24,11,2.0,0.8731065988540649
421,24,11,5.0,0.7524595260620117
421,25,5,1.0,0.9439454674720764
421,25,5,2.0,0.9304319024085999
421,25,5,4.0,0.935348629951477
421,25,5,9.0,0.9348940849304199
421,25,7,2.0,0.9078912734985352
421,25,7,4.0,0.8838802576065063
421,25,7,13.5,0.8633673191070557
421,25,7,15.0,0.862758457660675
421,25,11,2.0,0.8972345590591431
421,25,11,5.0,0.8280001878738403
421,26,5,1.0,0.9373630285263062
421,26,5,2.0,0.9204249382019043
421,26,5,4.0,0.9156427979469299
421,26,5,9.0,0.909868597984314
421,26,7,2.0,0.8811190724372864
421,26,7,4.0,0.8652359843254089
421,26,7,13.5,0.8160006999969482
421,26,7,15.0,0.8153011202812195
421,26,11,2.0,0.8643295764923096
421,26,11,5.0,0.6449490785598755
421,27,5,1.0,0.9139831066131592
421,27,5,2.0,0.8286385536193848
421,27,5,4.0,0.8160578608512878
421,27,5,9.0,0.8133203387260437
421,27,7,2.0,0.758098840713501
421,27,7,4.0,0.7453334331512451
421,27,7,13.5,0.7582718729972839
421,27,7,15.0,0.7585633993148804
421,27,11,2.0,0.7376118898391724
421,27,11,5.0,0.6630823612213135
421,28,5,1.0,0.9737120866775513
421,28,5,2.0,0.9477124214172363
421,28,5,4.0,0.9188939332962036
421,28,5,9.0,0.9133219718933105
421,28,7,2.0,0.9273478388786316
421,28,7,4.0,0.8524283170700073
421,28,7,13.5,0.8348349332809448
421,28,7,15.0,0.8346903324127197
421,28,11,2.0,0.9301725029945374
421,28,11,5.0,0.7756443023681641
421,29,5,1.0,0.9401452541351318
421,29,5,2.0,0.9107154607772827
421,29,5,4.0,0.8959664106369019
421,29,5,9.0,0.8914878368377686
421,29,7,2.0,0.9091145992279053
421,29,7,4.0,0.8814313411712646
421,29,7,13.5,0.8793220520019531
421,29,7,15.0,0.8793708086013794
421,29,11,2.0,0.9082126021385193
421,29,11,5.0,0.8158396482467651
421,30,5,1.0,0.9495383501052856
421,30,5,2.0,0.8878551125526428
421,30,5,4.0,0.8364506959915161
421,30,5,9.0,0.8290285468101501
421,30,7,2.0,0.8691964745521545
421,30,7,4.0,0.7324507236480713
421,30,7,13.5,0.7139302492141724
421,30,7,15.0,0.7137675285339355
421,30,11,2.0,0.8569958806037903
421,30,11,5.0,0.6502126455307007
421,31,5,1.0,0.9207143783569336
421,31,5,2.0,0.8947356343269348
421,31,5,4.0,0.8950783014297485
421,31,5,9.0,0.8962677717208862
421,31,7,2.0,0.8633918762207031
421,31,7,4.0,0.8641657829284668
421,31,7,13.5,0.8693949580192566
421,31,7,15.0,0.8695180416107178
421,31,11,2.0,0.8480550646781921
421,31,11,5.0,0.8116501569747925
421,32,5,1.0,0.9390580654144287
421,32,5,2.0,0.9146503806114197
421,32,5,4.0,0.9183269143104553
421,32,5,9.0,0.9156899452209473
421,32,7,2.0,0.8474314212799072
421,32,7,4.0,0.8532190322875977
421,32,7,13.5,0.806297779083252
421,32,7,15.0,0.8053300380706787
421,32,11,2.0,0.8450595140457153
421,32,11,5.0,0.7809349894523621
421,33,5,1.0,0.9434171915054321
421,33,5,2.0,0.9194948673248291
421,33,5,4.0,0.9205260872840881
421,33,5,9.0,0.9191109538078308
421,33,7,2.0,0.9086060523986816
421,33,7,4.0,0.8946012258529663
421,33,7,13.5,0.896448016166687
421,33,7,15.0,0.8964403867721558
421,33,11,2.0,0.90970379114151
421,33,11,5.0,0.857254683971405
421,34,5,1.0,0.9453918933868408
421,34,5,2.0,0.8880581855773926
421,34,5,4.0,0.8980419039726257
421,34,5,9.0,0.9049884676933289
421,34,7,2.0,0.8380328416824341
421,34,7,4.0,0.8276690244674683
421,34,7,13.5,0.8278059959411621
421,34,7,15.0,0.8279201984405518
421,34,11,2.0,0.8300958871841431
421,34,11,5.0,0.7863197922706604
421,35,5,1.0,0.8586950898170471
421,35,5,2.0,0.7949756383895874
421,35,5,4.0,0.7500048875808716
421,35,5,9.0,0.7441954612731934
421,35,7,2.0,0.7811999320983887
421,35,7,4.0,0.6901346445083618
421,35,7,13.5,0.6501524448394775
421,35,7,15.0,0.6494349241256714
421,35,11,2.0,0.7295247316360474
421,35,11,5.0,0.5493733882904053
421,36,5,1.0,0.9292957782745361
421,36,5,2.0,0.9011210799217224
421,36,5,4.0,0.8951412439346313
421,36,5,9.0,0.8919398784637451
421,36,7,2.0,0.8917660713195801
421,36,7,4.0,0.8578493595123291
421,36,7,13.5,0.8359628915786743
421,36,7,15.0,0.8355342149734497
421,36,11,2.0,0.885441243648529
421,36,11,5.0,0.752640426158905
421,37,5,1.0,0.930342972278595
421,37,5,2.0,0.9068633913993835
421,37,5,4.0,0.8868694305419922
421,37,5,9.0,0.8864064812660217
421,37,7,2.0,0.8934149742126465
421,37,7,4.0,0.8227324485778809
421,37,7,13.5,0.7946941256523132
421,37,7,15.0,0.7943035364151001
421,37,11,2.0,0.8738489151000977
421,37,11,5.0,0.6573629379272461
421,38,5,1.0,0.9158406853675842
421,38,5,2.0,0.8545395135879517
421,38,5,4.0,0.817494809627533
421,38,5,9.0,0.807619571685791
421,38,7,2.0,0.8267992734909058
421,38,7,4.0,0.7848488092422485
421,38,7,13.5,0.763689398765564
421,38,7,15.0,0.7633612155914307
421,38,11,2.0,0.8206708431243896
421,38,11,5.0,0.7542468309402466
421,39,5,1.0,0.7783493995666504
421,39,5,2.0,0.7106853723526001
421,39,5,4.0,0.7104745507240295
421,39,5,9.0,0.7088485360145569
421,39,7,2.0,0.6531790494918823
421,39,7,4.0,0.6112588047981262
421,39,7,13.5,0.604607880115509
421,39,7,15.0,0.6045079231262207
421,39,11,2.0,0.6235876083374023
421,39,11,5.0,0.47796177864074707
421,40,5,1.0,0.8767789602279663
421,40,5,2.0,0.8270686864852905
421,40,5,4.0,0.8192763328552246
421,40,5,9.0,0.8135107755661011
421,40,7,2.0,0.7739102840423584
421,40,7,4.0,0.7228585481643677
421,40,7,13.5,0.6944996118545532
421,40,7,15.0,0.6936347484588623
421,40,11,2.0,0.7417709827423096
421,40,11,5.0,0.6279354095458984
421,41,5,1.0,0.9794069528579712
421,41,5,2.0,0.9756088852882385
421,41,5,4.0,0.9758554100990295
421,41,5,9.0,0.9751123785972595
421,41,7,2.0,0.9669574499130249
421,41,7,4.0,0.9649612307548523
421,41,7,13.5,0.9559323787689209
421,41,7,15.0,0.9557151794433594
421,41,11,2.0,0.9607545137405396
421,41,11,5.0,0.9249821901321411
421,42,5,1.0,0.8938518166542053
421,42,5,2.0,0.8441012501716614
421,42,5,4.0,0.8388990163803101
421,42,5,9.0,0.8352373838424683
421,42,7,2.0,0.8040823936462402
421,42,7,4.0,0.7254547476768494
421,42,7,13.5,0.7112491130828857
421,42,7,15.0,0.7111276388168335
421,42,11,2.0,0.7768613696098328
421,42,11,5.0,0.6314069628715515
421,43,5,1.0,0.9365328550338745
421,43,5,2.0,0.9198622703552246
421,43,5,4.0,0.8655635714530945
421,43,5,9.0,0.8502300381660461
421,43,7,2.0,0.8871251344680786
421,43,7,4.0,0.7956616878509521
421,43,7,13.5,0.7824766039848328
421,43,7,15.0,0.782331109046936
421,43,11,2.0,0.879417896270752
421,43,11,5.0,0.7199157476425171
421,44,5,1.0,0.9295680522918701
421,44,5,2.0,0.9115789532661438
421,44,5,4.0,0.9312043786048889
421,44,5,9.0,0.9349792003631592
421,44,7,2.0,0.8929445147514343
421,44,7,4.0,0.9056516885757446
421,44,7,13.5,0.9135229587554932
421,44,7,15.0,0.9136272668838501
421,44,11,2.0,0.8815100789070129
421,44,11,5.0,0.8605758547782898
421,45,5,1.0,0.9067810773849487
421,45,5,2.0,0.8668767213821411
421,45,5,4.0,0.8523049354553223
421,45,5,9.0,0.8473839163780212
421,45,7,2.0,0.8429698944091797
421,45,7,4.0,0.7997558116912842
421,45,7,13.5,0.7817025184631348
421,45,7,15.0,0.7814344167709351
421,45,11,2.0,0.8414701223373413
421,45,11,5.0,0.6765055656433105
421,46,5,1.0,0.8504089117050171
421,46,5,2.0,0.8011360764503479
421,46,5,4.0,0.8065956830978394
421,46,5,9.0,0.8065293431282043
421,46,7,2.0,0.7591091394424438
421,46,7,4.0,0.7550525665283203
421,46,7,13.5,0.7581644058227539
421,46,7,15.0,0.7582677006721497
421,46,11,2.0,0.7431203722953796
421,46,11,5.0,0.7101072072982788
421,47,5,1.0,0.9093523025512695
421,47,5,2.0,0.8531837463378906
421,47,5,4.0,0.8117601871490479
421,47,5,9.0,0.7971529364585876
421,47,7,2.0,0.796125054359436
421,47,7,4.0,0.6961193680763245
421,47,7,13.5,0.6605193018913269
421,47,7,15.0,0.6597843170166016
421,47,11,2.0,0.7581876516342163
421,47,11,5.0,0.3765716850757599
421,48,5,1.0,0.9347454309463501
421,48,5,2.0,0.9253910183906555
421,48,5,4.0,0.9168627262115479
421,48,5,9.0,0.9153602123260498
421,48,7,2.0,0.9171284437179565
421,48,7,4.0,0.8988709449768066
421,48,7,13.5,0.8848100900650024
421,48,7,15.0,0.8845899105072021
421,48,11,2.0,0.9118114709854126
421,48,11,5.0,0.8658183217048645
421,49,5,1.0,0.9303703308105469
421,49,5,2.0,0.879437267780304
421,49,5,4.0,0.8227421641349792
421,49,5,9.0,0.8171116709709167
421,49,7,2.0,0.8544471263885498
421,49,7,4.0,0.7772979736328125
421,49,7,13.5,0.7811915874481201
421,49,7,15.0,0.781179666519165
421,49,11,2.0,0.8386262655258179
421,49,11,5.0,0.7049505710601807
430,0,5,1.0,0.9626120924949646
430,0,5,2.0,0.9368230104446411
430,0,5,4.0,0.9354658722877502
430,0,5,9.0,0.9325095415115356
430,0,7,2.0,0.9165273904800415
430,0,7,4.0,0.9070550203323364
430,0,7,13.5,0.8905044198036194
430,0,7,15.0,0.8901023864746094
430,0,11,2.0,0.9029799103736877
430,0,11,5.0,0.8606294989585876
430,1,5,1.0,0.9635040760040283
430,1,5,2.0,0.9357085227966309
430,1,5,4.0,0.9306989908218384
430,1,5,9.0,0.9281415343284607
430,1,7,2.0,0.8832861185073853
430,1,7,4.0,0.8004302382469177
430,1,7,13.5,0.7525405883789062
430,1,7,15.0,0.75141841173172
430,1,11,2.0,0.8515026569366455
430,1,11,5.0,0.6234728097915649
430,2,5,1.0,0.9561840295791626
430,2,5,2.0,0.921486496925354
430,2,5,4.0,0.895915687084198
430,2,5,9.0,0.8896069526672363
430,2,7,2.0,0.8843881487846375
430,2,7,4.0,0.801856517791748
430,2,7,13.5,0.7860860824584961
430,2,7,15.0,0.7858473062515259
430,2,11,2.0,0.848569393157959
430,2,11,5.0,0.5919322967529297
430,3,5,1.0,0.9727397561073303
430,3,5,2.0,0.9513766765594482
430,3,5,4.0,0.9535356163978577
430,3,5,9.0,0.9538266658782959
430,3,7,2.0,0.9022243618965149
430,3,7,4.0,0.8443448543548584
430,3,7,13.5,0.8340020179748535
430,3,7,15.0,0.8337037563323975
430,3,11,2.0,0.8738049268722534
430,3,11,5.0,0.6957598924636841
430,4,5,1.0,0.9643189907073975
430,4,5,2.0,0.952806830406189
430,4,5,4.0,0.950794517993927
430,4,5,9.0,0.9511178731918335
430,4,7,2.0,0.946762204170227
430,4,7,4.0,0.9435598850250244
430,4,7,13.5,0.9451385736465454
430,4,7,15.0,0.9451661109924316
430,4,11,2.0,0.9425000548362732
430,4,11,5.0,0.9211324453353882
430,5,5,1.0,0.962337076663971
430,5,5,2.0,0.9299393892288208
430,5,5,4.0,0.9300839900970459
430,5,5,9.0,0.9292974472045898
430,5,7,2.0,0.9133073091506958
430,5,7,4.0,0.8825716376304626
430,5,7,13.5,0.8657704591751099
430,5,7,15.0,0.8654839992523193
430,5,11,2.0,0.9021270275115967
430,5,11,5.0,0.8291247487068176
430,6,5,1.0,0.946447491645813
430,6,5,2.0,0.8872504830360413
430,6,5,4.0,0.8756586313247681
430,6,5,9.0,0.8648506999015808
430,6,7,2.0,0.7875834703445435
430,6,7,4.0,0.783624529838562
430,6,7,13.5,0.7787072062492371
430,6,7,15.0,0.7785399556159973
430,6,11,2.0,0.7712869644165039
430,6,11,5.0,0.6995453834533691
430,7,5,1.0,0.9579963684082031
430,7,5,2.0,0.9487898945808411
430,7,5,4.0,0.9521597623825073
430,7,5,9.0,0.9515661597251892
430,7,7,2.0,0.9128522872924805
430,7,7,4.0,0.8953465223312378
430,7,7,13.5,0.8770542144775391
430,7,7,15.0,0.8766534924507141
430,7,11,2.0,0.8886778950691223
430,7,11,5.0,0.6792027950286865
430,8,5,1.0,0.9646608829498291
430,8,5,2.0,0.945461630821228
430,8,5,4.0,0.9421819448471069
430,8,5,9.0,0.9408659934997559
430,8,7,2.0,0.9344649314880371
430,8,7,4.0,0.9259870648384094
430,8,7,13.5,0.9172134399414062
430,8,7,15.0,0.9170619249343872
430,8,11,2.0,0.9296608567237854
430,8,11,5.0,0.7830728888511658
430,9,5,1.0,0.9687164425849915
430,9,5,2.0,0.9604562520980835
430,9,5,4.0,0.9516196846961975
430,9,5,9.0,0.9469783306121826
430,9,7,2.0,0.94504714012146
430,9,7,4.0,0.9312425851821899
430,9,7,13.5,0.928655743598938
430,9,7,15.0,0.9285554885864258
430,9,11,2.0,0.9306185245513916
430,9,11,5.0,0.8822272419929504
430,10,5,1.0,0.9309945106506348
430,10,5,2.0,0.8999953269958496
430,10,5,4.0,0.9015092253684998
430,10,5,9.0,0.9014225006103516
430,10,7,2.0,0.8521997928619385
430,10,7,4.0,0.7969388365745544
430,10,7,13.5,0.7445436716079712
430,10,7,15.0,0.7435333728790283
430,10,11,2.0,0.8359114527702332
430,10,11,5.0,0.6055489182472229
430,11,5,1.0,0.9225591421127319
430,11,5,2.0,0.8887283205986023
430,11,5,4.0,0.8916218280792236
430,11,5,9.0,0.8922457695007324
430,11,7,2.0,0.8627369999885559
430,11,7,4.0,0.8291634321212769
430,11,7,13.5,0.8138555288314819
430,11,7,15.0,0.8136550784111023
430,11,11,2.0,0.8502696752548218
430,11,11,5.0,0.7173702716827393
430,12,5,1.0,0.8721259832382202
430,12,5,2.0,0.84706050157547
430,12,5,4.0,0.8517857789993286
430,12,5,9.0,0.8531090617179871
430,12,7,2.0,0.8086241483688354
430,12,7,4.0,0.762216329574585
430,12,7,13.5,0.7322573661804199
430,12,7,15.0,0.7316584587097168
430,12,11,2.0,0.7640526294708252
430,12,11,5.0,0.5936864614486694
430,13,5,1.0,0.9620893001556396
430,13,5,2.0,0.9583877325057983
430,13,5,4.0,0.9594869613647461
430,13,5,9.0,0.959433913230896
430,13,7,2.0,0.9459322690963745
430,13,7,4.0,0.940981388092041
430,13,7,13.5,0.9362287521362305
430,13,7,15.0,0.9361366629600525
430,13,11,2.0,0.9387627243995667
430,13,11,5.0,0.8553189039230347
430,14,5,1.0,0.8533397912979126
430,14,5,2.0,0.7828059196472168
430,14,5,4.0,0.7470002770423889
430,14,5,9.0,0.7367725372314453
430,14,7,2.0,0.6979241371154785
430,14,7,4.0,0.6311482787132263
430,14,7,13.5,0.6095460653305054
430,14,7,15.0,0.6091514825820923
430,14,11,2.0,0.6523952484130859
430,14,11,5.0,0.5384660959243774
430,15,5,1.0,0.8172601461410522
430,15,5,2.0,0.7818939685821533
430,15,5,4.0,0.791495680809021
430,15,5,9.0,0.7926167845726013
430,15,7,2.0,0.7375748753547668
430,15,7,4.0,0.7223302125930786
430,15,7,13.5,0.7161267995834351
430,15,7,15.0,0.7159520387649536
430,15,11,2.0,0.730737566947937
430,15,11,5.0,0.7054983973503113
430,16,5,1.0,0.9508932828903198
430,16,5,2.0,0.930768609046936
430,16,5,4.0,0.925320029258728
430,16,5,9.0,0.921119749546051
430,16,7,2.0,0.8920818567276001
430,16,7,4.0,0.8747612833976746
430,16,7,13.5,0.8558143377304077
430,16,7,15.0,0.8552916049957275
430,16,11,2.0,0.8741838932037354
430,16,11,5.0,0.6663448810577393
430,17,5,1.0,0.93473219871521
430,17,5,2.0,0.9140438437461853
430,17,5,4.0,0.9246809482574463
430,17,5,9.0,0.928741455078125
430,17,7,2.0,0.8884261846542358
430,17,7,4.0,0.8805820345878601
430,17,7,13.5,0.8941352963447571
430,17,7,15.0,0.8942484855651855
430,17,11,2.0,0.8595064282417297
430,17,11,5.0,0.8070820569992065
430,18,5,1.0,0.9250078201293945
430,18,5,2.0,0.9033697247505188
430,18,5,4.0,0.8894625902175903
430,18,5,9.0,0.8844780921936035
430,18,7,2.0,0.8625434041023254
430,18,7,4.0,0.7904242873191833
430,18,7,13.5,0.7676056623458862
430,18,7,15.0,0.7673673629760742
430,18,11,2.0,0.8305192589759827
430,18,11,5.0,0.6353139877319336
430,19,5,1.0,0.969632625579834
430,19,5,2.0,0.9512693881988525
430,19,5,4.0,0.9559074640274048
430,19,5,9.0,0.9565560221672058
430,19,7,2.0,0.9061336517333984
430,19,7,4.0,0.9114083051681519
430,19,7,13.5,0.9052226543426514
430,19,7,15.0,0.9050412178039551
430,19,11,2.0,0.8851437568664551
430,19,11,5.0,0.7336397171020508
430,20,5,1.0,0.9167888760566711
430,20,5,2.0,0.8533830046653748
430,20,5,4.0,0.8467358350753784
430,20,5,9.0,0.8486442565917969
430,20,7,2.0,0.8351958990097046
430,20,7,4.0,0.7857168912887573
430,20,7,13.5,0.7667779922485352
430,20,7,15.0,0.7665804624557495
430,20,11,2.0,0.8257516622543335
430,20,11,5.0,0.6700072288513184
430,21,5,1.0,0.9174085855484009
430,21,5,2.0,0.8689734935760498
430,21,5,4.0,0.848609983921051
430,21,5,9.0,0.8446681499481201
430,21,7,2.0,0.8423360586166382
430,21,7,4.0,0.7901403903961182
430,21,7,13.5,0.7808218598365784
430,21,7,15.0,0.7807295322418213
430,21,11,2.0,0.8393898606300354
430,21,11,5.0,0.6771489977836609
430,22,5,1.0,0.9603967666625977
430,22,5,2.0,0.9355401396751404
430,22,5,4.0,0.9270551204681396
430,22,5,9.0,0.9227887988090515
430,22,7,2.0,0.9200414419174194
430,22,7,4.0,0.9010791778564453
430,22,7,13.5,0.8945155143737793
430,22,7,15.0,0.8944000005722046
430,22,11,2.0,0.902660071849823
430,22,11,5.0,0.8338831663131714
430,23,5,1.0,0.9811431169509888
430,23,5,2.0,0.9731974005699158
430,23,5,4.0,0.9713690280914307
430,23,5,9.0,0.9698960781097412
430,23,7,2.0,0.9657505750656128
430,23,7,4.0,0.9595848321914673
430,23,7,13.5,0.9448695182800293
430,23,7,15.0,0.9443328976631165
430,23,11,2.0,0.9579839706420898
430,23,11,5.0,0.8987125158309937
430,24,5,1.0,0.9575559496879578
430,24,5,2.0,0.9408043622970581
430,24,5,4.0,0.9457768201828003
430,24,5,9.0,0.9464578628540039
430,24,7,2.0,0.9039179682731628
430,24,7,4.0,0.8826332688331604
430,24,7,13.5,0.8776097297668457
430,24,7,15.0,0.8776015043258667
430,24,11,2.0,0.8828072547912598
430,24,11,5.0,0.8073500394821167
430,25,5,1.0,0.9392529726028442
430,25,5,2.0,0.9177572131156921
430,25,5,4.0,0.9262956380844116
430,25,5,9.0,0.928704559803009
430,25,7,2.0,0.886402428150177
430,25,7,4.0,0.9014084935188293
430,25,7,13.5,0.8961629271507263
430,25,7,15.0,0.8959585428237915
430,25,11,2.0,0.8608623147010803
430,25,11,5.0,0.810090184211731
430,26,5,1.0,0.9487301707267761
430,26,5,2.0,0.8929598927497864
430,26,5,4.0,0.8740808963775635
430,26,5,9.0,0.8690586686134338
430,26,7,2.0,0.8758664131164551
430,26,7,4.0,0.849713921546936
430,26,7,13.5,0.8356624841690063
430,26,7,15.0,0.8353935480117798
430,26,11,2.0,0.8691529631614685
430,26,11,5.0,0.792171061038971
430,27,5,1.0,0.9691832065582275
430,27,5,2.0,0.9497461318969727
430,27,5,4.0,0.9505063891410828
430,27,5,9.0,0.950805127620697
430,27,7,2.0,0.9123328328132629
430,27,7,4.0,0.8879162073135376
430,27,7,13.5,0.8727063536643982
430,27,7,15.0,0.8723201751708984
430,27,11,2.0,0.8762832880020142
430,27,11,5.0,0.7575858235359192
430,28,5,1.0,0.9504892826080322
430,28,5,2.0,0.95564866065979
430,28,5,4.0,0.946645975112915
430,28,5,9.0,0.9444297552108765
430,28,7,2.0,0.9434316158294678
430,28,7,4.0,0.924160897731781
430,28,7,13.5,0.9095761775970459
430,28,7,15.0,0.9091932773590088
430,28,11,2.0,0.9320394992828369
430,28,11,5.0,0.8270608186721802
430,29,5,1.0,0.9385656714439392
430,29,5,2.0,0.8779481649398804
430,29,5,4.0,0.8671854734420776
430,29,5,9.0,0.8647952675819397
430,29,7,2.0,0.8294779658317566
430,29,7,4.0,0.7686577439308167
430,29,7,13.5,0.743091881275177
430,29,7,15.0,0.742659866809845
430,29,11,2.0,0.8216750621795654
430,29,11,5.0,0.6776010990142822
430,30,5,1.0,0.9682847857475281
430,30,5,2.0,0.9252804517745972
430,30,5,4.0,0.9286621809005737
430,30,5,9.0,0.9296002984046936
430,30,7,2.0,0.8655486702919006
430,30,7,4.0,0.7723411917686462
430,30,7,13.5,0.7904554605484009
430,30,7,15.0,0.7902991771697998
430,30,11,2.0,0.7978379130363464
430,30,11,5.0,0.4833519160747528
430,31,5,1.0,0.9664157032966614
430,31,5,2.0,0.9234644174575806
430,31,5,4.0,0.9190733432769775
430,31,5,9.0,0.9187108874320984
430,31,7,2.0,0.8889303207397461
430,31,7,4.0,0.8675878047943115
430,31,7,13.5,0.8757810592651367
430,31,7,15.0,0.8759928941726685
430,31,11,2.0,0.8706468343734741
430,31,11,5.0,0.7983920574188232
430,32,5,1.0,0.9534090757369995
430,32,5,2.0,0.9379779100418091
430,32,5,4.0,0.9324689507484436
430,32,5,9.0,0.9299619197845459
430,32,7,2.0,0.8899762034416199
430,32,7,4.0,0.8413884043693542
430,32,7,13.5,0.8069760799407959
430,32,7,15.0,0.806376039981842
430,32,11,2.0,0.8512122631072998
430,32,11,5.0,0.6925418972969055
430,33,5,1.0,0.9221663475036621
430,33,5,2.0,0.8685357570648193
430,33,5,4.0,0.8573923110961914
430,33,5,9.0,0.8566339015960693
430,33,7,2.0,0.8377523422241211
430,33,7,4.0,0.8041946887969971
430,33,7,13.5,0.7948171496391296
430,33,7,15.0,0.7945864796638489
430,33,11,2.0,0.8242618441581726
430,33,11,5.0,0.7725032567977905
430,34,5,1.0,0.9633297920227051
430,34,5,2.0,0.9363001585006714
430,34,5,4.0,0.948160707950592
430,34,5,9.0,0.9491235017776489
430,34,7,2.0,0.9252874255180359
430,34,7,4.0,0.900771975517273
430,34,7,13.5,0.8906968235969543
430,34,7,15.0,0.8905219435691833
430,34,11,2.0,0.9038087725639343
430,34,11,5.0,0.7079931497573853
430,35,5,1.0,0.9570906758308411
430,35,5,2.0,0.9087648391723633
430,35,5,4.0,0.8973158597946167
430,35,5,9.0,0.8954684734344482
430,35,7,2.0,0.8751517534255981
430,35,7,4.0,0.864972710609436
430,35,7,13.5,0.8530341386795044
430,35,7,15.0,0.8528264760971069
430,35,11,2.0,0.8647521734237671
430,35,11,5.0,0.8013914227485657
430,36,5,1.0,0.936851978302002
430,36,5,2.0,0.9116066694259644
430,36,5,4.0,0.9085328578948975
430,36,5,9.0,0.9068882465362549
430,36,7,2.0,0.8802567720413208
430,36,7,4.0,0.8865867853164673
430,36,7,13.5,0.8876849412918091
430,36,7,15.0,0.887566328048706
430,36,11,2.0,0.872388482093811
430,36,11,5.0,0.7180289626121521
430,37,5,1.0,0.972222626209259
430,37,5,2.0,0.9626064300537109
430,37,5,4.0,0.9621360301971436
430,37,5,9.0,0.9620339870452881
430,37,7,2.0,0.9490073323249817
430,37,7,4.0,0.9363387227058411
430,37,7,13.5,0.9233235120773315
430,37,7,15.0,0.9230706691741943
430,37,11,2.0,0.9391771554946899
430,37,11,5.0,0.6617761850357056
430,38,5,1.0,0.9445265531539917
430,38,5,2.0,0.9132111072540283
430,38,5,4.0,0.9219095706939697
430,38,5,9.0,0.9238987565040588
430,38,7,2.0,0.8871601223945618
430,38,7,4.0,0.8977482318878174
430,38,7,13.5,0.9033303260803223
430,38,7,15.0,0.9033691883087158
430,38,11,2.0,0.8787504434585571
430,38,11,5.0,0.8627529144287109
430,39,5,1.0,0.8958218693733215
430,39,5,2.0,0.7808921933174133
430,39,5,4.0,0.7467129230499268
430,39,5,9.0,0.7461315393447876
430,39,7,2.0,0.7071136236190796
430,39,7,4.0,0.6692732572555542
430,39,7,13.5,0.6576367616653442
430,39,7,15.0,0.6573967337608337
430,39,11,2.0,0.6849597692489624
430,39,11,5.0,0.5656784772872925
430,40,5,1.0,0.696661114692688
430,40,5,2.0,0.6089780926704407
430,40,5,4.0,0.5816552639007568
430,40,5,9.0,0.5740473866462708
430,40,7,2.0,0.5203580856323242
430,40,7,4.0,0.48558658361434937
430,40,7,13.5,0.4858382046222687
430,40,7,15.0,0.4857943058013916
430,40,11,2.0,0.48975884914398193
430,40,11,5.0,0.3961085081100464
430,41,5,1.0,0.9671505689620972
430,41,5,2.0,0.9446467757225037
430,41,5,4.0,0.9440619349479675
430,41,5,9.0,0.9439449310302734
430,41,7,2.0,0.9202436804771423
430,41,7,4.0,0.9024335145950317
430,41,7,13.5,0.9021613001823425
430,41,7,15.0,0.9020872116088867
430,41,11,2.0,0.9089508056640625
430,41,11,5.0,0.7964438796043396
430,42,5,1.0,0.9315071105957031
430,42,5,2.0,0.9179719686508179
430,42,5,4.0,0.912968099117279
430,42,5,9.0,0.9101179838180542
430,42,7,2.0,0.87744140625
430,42,7,4.0,0.8342198729515076
430,42,7,13.5,0.8368502855300903
430,42,7,15.0,0.8368430137634277
430,42,11,2.0,0.8511308431625366
430,42,11,5.0,0.742221474647522
430,43,5,1.0,0.9372231364250183
430,43,5,2.0,0.913931131362915
430,43,5,4.0,0.9048988223075867
430,43,5,9.0,0.902547299861908
430,43,7,2.0,0.8718129992485046
430,43,7,4.0,0.8443604707717896
430,43,7,13.5,0.8205807209014893
430,43,7,15.0,0.8201104402542114
430,43,11,2.0,0.8383939266204834
430,43,11,5.0,0.6512963175773621
430,44,5,1.0,0.9391617774963379
430,44,5,2.0,0.9085825085639954
430,44,5,4.0,0.9144789576530457
430,44,5,9.0,0.9167396426200867
430,44,7,2.0,0.8745783567428589
430,44,7,4.0,0.8738895654678345
430,44,7,13.5,0.8748166561126709
430,44,7,15.0,0.8748639822006226
430,44,11,2.0,0.8653907775878906
430,44,11,5.0,0.8532302379608154
430,45,5,1.0,0.9331579208374023
430,45,5,2.0,0.8814101815223694
430,45,5,4.0,0.8810712099075317
430,45,5,9.0,0.877311110496521
430,45,7,2.0,0.8495398759841919
430,45,7,4.0,0.8120452165603638
430,45,7,13.5,0.8065782785415649
430,45,7,15.0,0.8065828084945679
430,45,11,2.0,0.8418093919754028
430,45,11,5.0,0.687270998954773
430,46,5,1.0,0.9344054460525513
430,46,5,2.0,0.9057114124298096
430,46,5,4.0,0.9075092077255249
430,46,5,9.0,0.9068325161933899
430,46,7,2.0,0.8745378255844116
430,46,7,4.0,0.8541533946990967
430,46,7,13.5,0.8383715152740479
430,46,7,15.0,0.8382558822631836
430,46,11,2.0,0.8552658557891846
430,46,11,5.0,0.7388961315155029
430,47,5,1.0,0.9365174770355225
430,47,5,2.0,0.9309157133102417
430,47,5,4.0,0.935917854309082
430,47,5,9.0,0.9369760155677795
430,47,7,2.0,0.915630578994751
430,47,7,4.0,0.91815584897995
430,47,7,13.5,0.9130643010139465
430,47,7,15.0,0.9130228757858276
430,47,11,2.0,0.8924973607063293
430,47,11,5.0,0.8061532974243164
430,48,5,1.0,0.9673635959625244
430,48,5,2.0,0.9359232187271118
430,48,5,4.0,0.918487548828125
430,48,5,9.0,0.9136093854904175
430,48,7,2.0,0.9268331527709961
430,48,7,4.0,0.8905258178710938
430,48,7,13.5,0.8582714796066284
430,48,7,15.0,0.8578317165374756
430,48,11,2.0,0.9173274636268616
430,48,11,5.0,0.85059654712677
430,49,5,1.0,0.9409224390983582
430,49,5,2.0,0.9365102648735046
430,49,5,4.0,0.9288522005081177
430,49,5,9.0,0.9271861910820007
430,49,7,2.0,0.8954119682312012
430,49,7,4.0,0.8968658447265625
430,49,7,13.5,0.9002116322517395
430,49,7,15.0,0.9001781344413757
430,49,11,2.0,0.8785543441772461
430,49,11,5.0,0.774092972278595
668,0,5,1.0,0.7934991121292114
668,0,5,2.0,0.6563839912414551
668,0,5,4.0,0.6719958782196045
668,0,5,9.0,0.6705452799797058
668,0,7,2.0,0.5451123118400574
668,0,7,4.0,0.5469865202903748
668,0,7,13.5,0.5619829893112183
668,0,7,15.0,0.5627814531326294
668,0,11,2.0,0.530205249786377
668,0,11,5.0,0.5210057497024536
668,1,5,1.0,0.9506769180297852
668,1,5,2.0,0.9584977626800537
668,1,5,4.0,0.9608352780342102
668,1,5,9.0,0.9611236453056335
668,1,7,2.0,0.9500704407691956
668,1,7,4.0,0.9540755748748779
668,1,7,13.5,0.9542224407196045
668,1,7,15.0,0.9542192220687866
668,1,11,2.0,0.9409859776496887
668,1,11,5.0,0.9256531000137329
668,2,5,1.0,0.9700982570648193
668,2,5,2.0,0.9658526182174683
668,2,5,4.0,0.965726375579834
668,2,5,9.0,0.9655570983886719
668,2,7,2.0,0.9556777477264404
668,2,7,4.0,0.95017009973526
668,2,7,13.5,0.946435272693634
668,2,7,15.0,0.9463652968406677
668,2,11,2.0,0.9492416381835938
668,2,11,5.0,0.828955352306366
668,3,5,1.0,0.9495210647583008
668,3,5,2.0,0.9432428479194641
668,3,5,4.0,0.9423381090164185
668,3,5,9.0,0.9416720867156982
668,3,7,2.0,0.9352195262908936
668,3,7,4.0,0.9308478832244873
668,3,7,13.5,0.9271413087844849
668,3,7,15.0,0.9270732402801514
668,3,11,2.0,0.9290228486061096
668,3,11,5.0,0.8846030235290527
668,4,5,1.0,0.9238747954368591
668,4,5,2.0,0.8900265097618103
668,4,5,4.0,0.8917642831802368
668,4,5,9.0,0.8909859657287598
668,4,7,2.0,0.8501420021057129
668,4,7,4.0,0.788008451461792
668,4,7,13.5,0.7492659091949463
668,4,7,15.0,0.7485355734825134
668,4,11,2.0,0.8321691155433655
668,4,11,5.0,0.6929322481155396
668,5,5,1.0,0.9600183963775635
668,5,5,2.0,0.8579736948013306
668,5,5,4.0,0.8443586826324463
668,5,5,9.0,0.8427577018737793
668,5,7,2.0,0.8482544422149658
668,5,7,4.0,0.8027085661888123
668,5,7,13.5,0.7920383214950562
668,5,7,15.0,0.7918528914451599
668,5,11,2.0,0.8633245229721069
668,5,11,5.0,0.6613833904266357
668,6,5,1.0,0.9579347372055054
668,6,5,2.0,0.9363527297973633
668,6,5,4.0,0.9235608577728271
668,6,5,9.0,0.9181763529777527
668,6,7,2.0,0.8882680535316467
668,6,7,4.0,0.8409562706947327
668,6,7,13.5,0.8121219277381897
668,6,7,15.0,0.8115206956863403
668,6,11,2.0,0.8617175817489624
668,6,11,5.0,0.6733067035675049
668,7,5,1.0,0.9510778188705444
668,7,5,2.0,0.9354872703552246
668,7,5,4.0,0.9365052580833435
668,7,5,9.0,0.937059760093689
668,7,7,2.0,0.897391676902771
668,7,7,4.0,0.8656687140464783
668,7,7,13.5,0.8682699203491211
668,7,7,15.0,0.8683446645736694
668,7,11,2.0,0.8715176582336426
668,7,11,5.0,0.7172995209693909
668,8,5,1.0,0.9148397445678711
668,8,5,2.0,0.8797173500061035
668,8,5,4.0,0.873201847076416
668,8,5,9.0,0.8713647127151489
668,8,7,2.0,0.8495439291000366
668,8,7,4.0,0.8265625238418579
668,8,7,13.5,0.8221032023429871
668,8,7,15.0,0.8220382928848267
668,8,11,2.0,0.8377218246459961
668,8,11,5.0,0.8070398569107056
668,9,5,1.0,0.9453536868095398
668,9,5,2.0,0.9355340003967285
668,9,5,4.0,0.9392367601394653
668,9,5,9.0,0.9390566349029541
668,9,7,2.0,0.9208630323410034
668,9,7,4.0,0.9242926239967346
668,9,7,13.5,0.9259684085845947
668,9,7,15.0,0.9259191155433655
668,9,11,2.0,0.9131314158439636
668,9,11,5.0,0.862593948841095
668,10,5,1.0,0.9405648112297058
668,10,5,2.0,0.9284324049949646
668,10,5,4.0,0.9257263541221619
668,10,5,9.0,0.9230654239654541
668,10,7,2.0,0.9188374876976013
668,10,7,4.0,0.8940083384513855
668,10,7,13.5,0.8663678765296936
668,10,7,15.0,0.865666389465332
668,10,11,2.0,0.9107109904289246
668,10,11,5.0,0.7176343202590942
668,11,5,1.0,0.9632681608200073
668,11,5,2.0,0.9448574781417847
668,11,5,4.0,0.9280034303665161
668,11,5,9.0,0.9207793474197388
668,11,7,2.0,0.8116822242736816
668,11,7,4.0,0.7538032531738281
668,11,7,13.5,0.7380239963531494
668,11,7,15.0,0.7377314567565918
668,11,11,2.0,0.7738285660743713
668,11,11,5.0,0.5469777584075928
668,12,5,1.0,0.9606801271438599
668,12,5,2.0,0.9482743740081787
668,12,5,4.0,0.9400118589401245
668,12,5,9.0,0.9368277788162231
668,12,7,2.0,0.9157720804214478
668,12,7,4.0,0.8809189200401306
668,12,7,13.5,0.8677447438240051
668,12,7,15.0,0.8676081299781799
668,12,11,2.0,0.887474775314331
668,12,11,5.0,0.7717308402061462
668,13,5,1.0,0.9587922096252441
668,13,5,2.0,0.9549063444137573
668,13,5,4.0,0.9554756283760071
668,13,5,9.0,0.9556641578674316
668,13,7,2.0,0.9413987398147583
668,13,7,4.0,0.935762882232666
668,13,7,13.5,0.9336453676223755
668,13,7,15.0,0.9335758686065674
668,13,11,2.0,0.9347074031829834
668,13,11,5.0,0.8636895418167114
668,14,5,1.0,0.9553608894348145
668,14,5,2.0,0.9525542855262756
668,14,5,4.0,0.9540488123893738
668,14,5,9.0,0.9543802738189697
668,14,7,2.0,0.9374610781669617
668,14,7,4.0,0.9265506267547607
668,14,7,13.5,0.9229614734649658
668,14,7,15.0,0.9228944778442383
668,14,11,2.0,0.9306357502937317
668,14,11,5.0,0.8711187839508057
668,15,5,1.0,0.9159778356552124
668,15,5,2.0,0.8859627842903137
668,15,5,4.0,0.8797028064727783
668,15,5,9.0,0.8776634931564331
668,15,7,2.0,0.823611855506897
668,15,7,4.0,0.8004697561264038
668,15,7,13.5,0.7935452461242676
668,15,7,15.0,0.7933663725852966
668,15,11,2.0,0.7931032776832581
668,15,11,5.0,0.7118481397628784
668,16,5,1.0,0.9078627824783325
668,16,5,2.0,0.8741093277931213
668,16,5,4.0,0.889325737953186
668,16,5,9.0,0.890082836151123
668,16,7,2.0,0.8286629915237427
668,16,7,4.0,0.7945054769515991
668,16,7,13.5,0.7631007432937622
668,16,7,15.0,0.7625162601470947
668,16,11,2.0,0.8114081621170044
668,16,11,5.0,0.6471987962722778
668,17,5,1.0,0.9754299521446228
668,17,5,2.0,0.9651573300361633
668,17,5,4.0,0.9591889381408691
668,17,5,9.0,0.9583115577697754
668,17,7,2.0,0.933452844619751
668,17,7,4.0,0.9144330024719238
668,17,7,13.5,0.9116672873497009
668,17,7,15.0,0.9116830825805664
668,17,11,2.0,0.9205764532089233
668,17,11,5.0,0.8827728033065796
668,18,5,1.0,0.9664499163627625
668,18,5,2.0,0.9406917691230774
668,18,5,4.0,0.9461511373519897
668,18,5,9.0,0.9480272531509399
668,18,7,2.0,0.9107950925827026
668,18,7,4.0,0.877834677696228
668,18,7,13.5,0.8731204271316528
668,18,7,15.0,0.8730593919754028
668,18,11,2.0,0.8887526988983154
668,18,11,5.0,0.759049117565155
668,19,5,1.0,0.9678550958633423
668,19,5,2.0,0.9437675476074219
668,19,5,4.0,0.9328752756118774
668,19,5,9.0,0.9309991598129272
668,19,7,2.0,0.9394223093986511
668,19,7,4.0,0.927114725112915
668,19,7,13.5,0.9274017810821533
668,19,7,15.0,0.9273288249969482
668,19,11,2.0,0.9368758201599121
668,19,11,5.0,0.8931407928466797
668,20,5,1.0,0.927417516708374
668,20,5,2.0,0.8686825037002563
668,20,5,4.0,0.8533326387405396
668,20,5,9.0,0.8489198684692383
668,20,7,2.0,0.8451427221298218
668,20,7,4.0,0.8512263298034668
668,20,7,13.5,0.8546595573425293
668,20,7,15.0,0.8546793460845947
668,20,11,2.0,0.8443671464920044
668,20,11,5.0,0.8542648553848267
668,21,5,1.0,0.928174614906311
668,21,5,2.0,0.9009373188018799
668,21,5,4.0,0.9024347066879272
668,21,5,9.0,0.9036979675292969
668,21,7,2.0,0.8618167638778687
668,21,7,4.0,0.8340942859649658
668,21,7,13.5,0.8433387279510498
668,21,7,15.0,0.8435084223747253
668,21,11,2.0,0.8352731466293335
668,21,11,5.0,0.7419750690460205
668,22,5,1.0,0.9535876512527466
668,22,5,2.0,0.9416471719741821
668,22,5,4.0,0.9467048645019531
668,22,5,9.0,0.9472523927688599
668,22,7,2.0,0.9245516657829285
668,22,7,4.0,0.9215052723884583
668,22,7,13.5,0.922997772693634
668,22,7,15.0,0.9229437708854675
668,22,11,2.0,0.9226211309432983
668,22,11,5.0,0.8922545909881592
668,23,5,1.0,0.9602860808372498
668,23,5,2.0,0.9452402591705322
668,23,5,4.0,0.9425362944602966
668,23,5,9.0,0.9420737028121948
668,23,7,2.0,0.9387685656547546
668,23,7,4.0,0.9252942800521851
668,23,7,13.5,0.9202869534492493
668,23,7,15.0,0.9202148914337158
668,23,11,2.0,0.9336616396903992
668,23,11,5.0,0.8861929178237915
668,24,5,1.0,0.925464391708374
668,24,5,2.0,0.8886655569076538
668,24,5,4.0,0.8891023397445679
668,24,5,9.0,0.8878186941146851
668,24,7,2.0,0.8653275966644287
668,24,7,4.0,0.8467488884925842
668,24,7,13.5,0.8391114473342896
668,24,7,15.0,0.8389897346496582
668,24,11,2.0,0.855543851852417
668,24,11,5.0,0.7736725807189941
668,25,5,1.0,0.9734115600585938
668,25,5,2.0,0.964652955532074
668,25,5,4.0,0.9639850854873657
668,25,5,9.0,0.9636256694793701
668,25,7,2.0,0.9534017443656921
668,25,7,4.0,0.9458368420600891
668,25,7,13.5,0.945012092590332
668,25,7,15.0,0.945003092288971
668,25,11,2.0,0.9409579038619995
668,25,11,5.0,0.7533443570137024
668,26,5,1.0,0.8966014385223389
668,26,5,2.0,0.8518613576889038
668,26,5,4.0,0.8450385928153992
668,26,5,9.0,0.8441381454467773
668,26,7,2.0,0.8128690123558044
668,26,7,4.0,0.8077791929244995
668,26,7,13.5,0.804175615310669
668,26,7,15.0,0.804150402545929
668,26,11,2.0,0.8051660060882568
668,26,11,5.0,0.782236635684967
668,27,5,1.0,0.9029631018638611
668,27,5,2.0,0.9158949851989746
668,27,5,4.0,0.8992946147918701
668,27,5,9.0,0.8922895193099976
668,27,7,2.0,0.9286828637123108
668,27,7,4.0,0.9013432264328003
668,27,7,13.5,0.8856428861618042
668,27,7,15.0,0.8853859305381775
668,27,11,2.0,0.9243501424789429
668,27,11,5.0,0.8803189992904663
668,28,5,1.0,0.9473419189453125
668,28,5,2.0,0.9482701420783997
668,28,5,4.0,0.9459261894226074
668,28,5,9.0,0.9467705488204956
668,28,7,2.0,0.9444252848625183
668,28,7,4.0,0.941496729850769
668,28,7,13.5,0.9371277093887329
668,28,7,15.0,0.9369884133338928
668,28,11,2.0,0.9416462182998657
668,28,11,5.0,0.8054059147834778
668,29,5,1.0,0.9460914134979248
668,29,5,2.0,0.9345511198043823
668,29,5,4.0,0.9385043382644653
668,29,5,9.0,0.9401471614837646
668,29,7,2.0,0.9173977375030518
668,29,7,4.0,0.9160131812095642
668,29,7,13.5,0.913172721862793
668,29,7,15.0,0.9130963683128357
668,29,11,2.0,0.9086447954177856
668,29,11,5.0,0.8969214558601379
668,30,5,1.0,0.9395426511764526
668,30,5,2.0,0.9384386539459229
668,30,5,4.0,0.9330965876579285
668,30,5,9.0,0.9323977828025818
668,30,7,2.0,0.933211624622345
668,30,7,4.0,0.9122112393379211
668,30,7,13.5,0.9022927284240723
668,30,7,15.0,0.9021065831184387
668,30,11,2.0,0.926807165145874
668,30,11,5.0,0.7698116898536682
668,31,5,1.0,0.9112585783004761
668,31,5,2.0,0.8952586650848389
668,31,5,4.0,0.8905490040779114
668,31,5,9.0,0.8879919052124023
668,31,7,2.0,0.8702390193939209
668,31,7,4.0,0.8311961889266968
668,31,7,13.5,0.8310248851776123
668,31,7,15.0,0.8310046195983887
668,31,11,2.0,0.8598459362983704
668,31,11,5.0,0.7115914821624756
668,32,5,1.0,0.9652643203735352
668,32,5,2.0,0.9235086441040039
668,32,5,4.0,0.8956224322319031
668,32,5,9.0,0.8898308277130127
668,32,7,2.0,0.881030797958374
668,32,7,4.0,0.8100824356079102
668,32,7,13.5,0.7874143719673157
668,32,7,15.0,0.7867294549942017
668,32,11,2.0,0.8749266862869263
668,32,11,5.0,0.710691511631012
668,33,5,1.0,0.9386040568351746
668,33,5,2.0,0.8768559694290161
668,33,5,4.0,0.8742363452911377
668,33,5,9.0,0.8749179840087891
668,33,7,2.0,0.8358657360076904
668,33,7,4.0,0.7962813377380371
668,33,7,13.5,0.7912861704826355
668,33,7,15.0,0.7911742925643921
668,33,11,2.0,0.836286723613739
668,33,11,5.0,0.761877715587616
668,34,5,1.0,0.9026978611946106
668,34,5,2.0,0.848864734172821
668,34,5,4.0,0.8551025986671448
668,34,5,9.0,0.8565183877944946
668,34,7,2.0,0.8143060207366943
668,34,7,4.0,0.8096716403961182
668,34,7,13.5,0.8007457256317139
668,34,7,15.0,0.8005383014678955
668,34,11,2.0,0.8117804527282715
668,34,11,5.0,0.6885374188423157
668,35,5,1.0,0.9070292115211487
668,35,5,2.0,0.8992629051208496
668,35,5,4.0,0.8949992656707764
668,35,5,9.0,0.895449697971344
668,35,7,2.0,0.8990465402603149
668,35,7,4.0,0.87955641746521
668,35,7,13.5,0.8775736093521118
668,35,7,15.0,0.877501368522644
668,35,11,2.0,0.890302836894989
668,35,11,5.0,0.7925766110420227
668,36,5,1.0,0.9498268365859985
668,36,5,2.0,0.8992072343826294
668,36,5,4.0,0.8889639377593994
668,36,5,9.0,0.892829179763794
668,36,7,2.0,0.8238001465797424
668,36,7,4.0,0.7248328924179077
668,36,7,13.5,0.7053545117378235
668,36,7,15.0,0.7049698233604431
668,36,11,2.0,0.824890673160553
668,36,11,5.0,0.6508111357688904
668,37,5,1.0,0.974135160446167
668,37,5,2.0,0.956737220287323
668,37,5,4.0,0.9581828713417053
668,37,5,9.0,0.957862913608551
668,37,7,2.0,0.9407504796981812
668,37,7,4.0,0.9344863891601562
668,37,7,13.5,0.9129453897476196
668,37,7,15.0,0.912473738193512
668,37,11,2.0,0.931296706199646
668,37,11,5.0,0.7130225896835327
668,38,5,1.0,0.9639652967453003
668,38,5,2.0,0.9389076232910156
668,38,5,4.0,0.942681074142456
668,38,5,9.0,0.9438785910606384
668,38,7,2.0,0.9206005930900574
668,38,7,4.0,0.9272220134735107
668,38,7,13.5,0.9349489212036133
668,38,7,15.0,0.9350554943084717
668,38,11,2.0,0.9161165952682495
668,38,11,5.0,0.9232736229896545
668,39,5,1.0,0.9373993873596191
668,39,5,2.0,0.9001615047454834
668,39,5,4.0,0.8989735841751099
668,39,5,9.0,0.8985567688941956
668,39,7,2.0,0.8668510317802429
668,39,7,4.0,0.8664869070053101
668,39,7,13.5,0.8725440502166748
668,39,7,15.0,0.8726543188095093
668,39,11,2.0,0.858159065246582
668,39,11,5.0,0.7927830219268799
668,40,5,1.0,0.9367519021034241
668,40,5,2.0,0.8814333081245422
668,40,5,4.0,0.839744508266449
668,40,5,9.0,0.8271414041519165
668,40,7,2.0,0.8552378416061401
668,40,7,4.0,0.7485760450363159
668,40,7,13.5,0.7350678443908691
668,40,7,15.0,0.7349501252174377
668,40,11,2.0,0.8374766111373901
668,40,11,5.0,0.6278426647186279
668,41,5,1.0,0.9529286623001099
668,41,5,2.0,0.923015832901001
668,41,5,4.0,0.8996882438659668
668,41,5,9.0,0.8874382376670837
668,41,7,2.0,0.8623847365379333
668,41,7,4.0,0.7969771027565002
668,41,7,13.5,0.7679340839385986
668,41,7,15.0,0.7675397992134094
668,41,11,2.0,0.8435240983963013
668,41,11,5.0,0.6800646781921387
668,42,5,1.0,0.9271671175956726
668,42,5,2.0,0.9357290267944336
668,42,5,4.0,0.946867823600769
668,42,5,9.0,0.9475511312484741
668,42,7,2.0,0.9072349071502686
668,42,7,4.0,0.9204182028770447
668,42,7,13.5,0.9218636751174927
668,42,7,15.0,0.9218522310256958
668,42,11,2.0,0.8810429573059082
668,42,11,5.0,0.8592540621757507
668,43,5,1.0,0.9716483950614929
668,43,5,2.0,0.9670017957687378
668,43,5,4.0,0.964180588722229
668,43,5,9.0,0.9624974131584167
668,43,7,2.0,0.9577068090438843
668,43,7,4.0,0.9492061138153076
668,43,7,13.5,0.9443494081497192
668,43,7,15.0,0.9442199468612671
668,43,11,2.0,0.9522891044616699
668,43,11,5.0,0.9088277816772461
668,44,5,1.0,0.9232355356216431
668,44,5,2.0,0.9191081523895264
668,44,5,4.0,0.9179198741912842
668,44,5,9.0,0.916812539100647
668,44,7,2.0,0.8688827157020569
668,44,7,4.0,0.8757604360580444
668,44,7,13.5,0.8788270950317383
668,44,7,15.0,0.8788185715675354
668,44,11,2.0,0.8342244625091553
668,44,11,5.0,0.6810059547424316
668,45,5,1.0,0.8445262908935547
668,45,5,2.0,0.813668966293335
668,45,5,4.0,0.7870493531227112
668,45,5,9.0,0.7765344381332397
668,45,7,2.0,0.7124313116073608
668,45,7,4.0,0.7381786108016968
668,45,7,13.5,0.7133288979530334
668,45,7,15.0,0.7128863334655762
668,45,11,2.0,0.6857979893684387
668,45,11,5.0,0.6167943477630615
668,46,5,1.0,0.9327360987663269
668,46,5,2.0,0.9013460278511047
668,46,5,4.0,0.9027272462844849
668,46,5,9.0,0.9017162919044495
668,46,7,2.0,0.8746975660324097
668,46,7,4.0,0.8488659262657166
668,46,7,13.5,0.8376855850219727
668,46,7,15.0,0.8374651670455933
668,46,11,2.0,0.8672207593917847
668,46,11,5.0,0.8203029036521912
668,47,5,1.0,0.9421034455299377
668,47,5,2.0,0.9318594932556152
668,47,5,4.0,0.9347265362739563
668,47,5,9.0,0.9349387884140015
668,47,7,2.0,0.9153426885604858
668,47,7,4.0,0.9108072519302368
668,47,7,13.5,0.9090369939804077
668,47,7,15.0,0.9090056419372559
668,47,11,2.0,0.9081758260726929
668,47,11,5.0,0.827614963054657
668,48,5,1.0,0.9613041877746582
668,48,5,2.0,0.944603443145752
668,48,5,4.0,0.9412187933921814
668,48,5,9.0,0.9415702223777771
668,48,7,2.0,0.9019948244094849
668,48,7,4.0,0.9026140570640564
668,48,7,13.5,0.9036270976066589
668,48,7,15.0,0.9036539793014526
668,48,11,2.0,0.8886052370071411
668,48,11,5.0,0.8700298070907593
668,49,5,1.0,0.965483546257019
668,49,5,2.0,0.9530355930328369
668,49,5,4.0,0.9521542191505432
668,49,5,9.0,0.9503525495529175
668,49,7,2.0,0.9392112493515015
668,49,7,4.0,0.9099574089050293
668,49,7,13.5,0.8992984890937805
668,49,7,15.0,0.89912348985672
668,49,11,2.0,0.9329312443733215
668,49,11,5.0,0.7809873819351196
757,0,5,1.0,0.9627929925918579
757,0,5,2.0,0.9497494697570801
757,0,5,4.0,0.955502450466156
757,0,5,9.0,0.9577915668487549
757,0,7,2.0,0.936517059803009
757,0,7,4.0,0.9275567531585693
757,0,7,13.5,0.9228824973106384
757,0,7,15.0,0.9228227138519287
757,0,11,2.0,0.9302223324775696
757,0,11,5.0,0.9020543694496155
757,1,5,1.0,0.9129035472869873
757,1,5,2.0,0.8957289457321167
757,1,5,4.0,0.8900192975997925
757,1,5,9.0,0.892434298992157
757,1,7,2.0,0.8678224086761475
757,1,7,4.0,0.8556118011474609
757,1,7,13.5,0.852854311466217
757,1,7,15.0,0.852816104888916
757,1,11,2.0,0.8538893461227417
757,1,11,5.0,0.8156591653823853
757,2,5,1.0,0.8123556971549988
757,2,5,2.0,0.7454385757446289
757,2,5,4.0,0.6994233131408691
757,2,5,9.0,0.6902807354927063
757,2,7,2.0,0.6143484711647034
757,2,7,4.0,0.6443556547164917
757,2,7,13.5,0.6395441293716431
757,2,7,15.0,0.6394578814506531
757,2,11,2.0,0.5919712781906128
757,2,11,5.0,0.5331311821937561
757,3,5,1.0,0.8527945280075073
757,3,5,2.0,0.827019214630127
757,3,5,4.0,0.8485749363899231
757,3,5,9.0,0.8516874313354492
757,3,7,2.0,0.7681595087051392
757,3,7,4.0,0.7539756894111633
757,3,7,13.5,0.7493627667427063
757,3,7,15.0,0.7490302324295044
757,3,11,2.0,0.744608998298645
757,3,11,5.0,0.6528795957565308
757,4,5,1.0,0.9209680557250977
757,4,5,2.0,0.8936458230018616
757,4,5,4.0,0.9051519632339478
757,4,5,9.0,0.9076290130615234
757,4,7,2.0,0.8562158346176147
757,4,7,4.0,0.8674610257148743
757,4,7,13.5,0.8677294254302979
757,4,7,15.0,0.8677706718444824
757,4,11,2.0,0.8447990417480469
757,4,11,5.0,0.817882239818573
757,5,5,1.0,0.9450902342796326
757,5,5,2.0,0.9256614446640015
757,5,5,4.0,0.9335547685623169
757,5,5,9.0,0.9360911250114441
757,5,7,2.0,0.8758776783943176
757,5,7,4.0,0.8749740123748779
757,5,7,13.5,0.8753908276557922
757,5,7,15.0,0.875493049621582
757,5,11,2.0,0.860787034034729
757,5,11,5.0,0.8161983489990234
757,6,5,1.0,0.9857620596885681
757,6,5,2.0,0.9760611057281494
757,6,5,4.0,0.9738304018974304
757,6,5,9.0,0.9740625619888306
757,6,7,2.0,0.9639394283294678
757,6,7,4.0,0.9549716711044312
757,6,7,13.5,0.9538568258285522
757,6,7,15.0,0.953829288482666
757,6,11,2.0,0.9577731490135193
757,6,11,5.0,0.9157756567001343
757,7,5,1.0,0.9451936483383179
757,7,5,2.0,0.8889598846435547
757,7,5,4.0,0.9015599489212036
757,7,5,9.0,0.9095890522003174
757,7,7,2.0,0.8864122629165649
757,7,7,4.0,0.8644275665283203
757,7,7,13.5,0.85942542552948
757,7,7,15.0,0.8594481348991394
757,7,11,2.0,0.8637810945510864
757,7,11,5.0,0.8231000304222107
757,8,5,1.0,0.9733812808990479
757,8,5,2.0,0.9655216932296753
757,8,5,4.0,0.9690696001052856
757,8,5,9.0,0.9701099395751953
757,8,7,2.0,0.9571945667266846
757,8,7,4.0,0.9598493576049805
757,8,7,13.5,0.9530109763145447
757,8,7,15.0,0.9527890086174011
757,8,11,2.0,0.9546109437942505
757,8,11,5.0,0.9343068599700928
757,9,5,1.0,0.9557816982269287
757,9,5,2.0,0.9388678073883057
757,9,5,4.0,0.9401018023490906
757,9,5,9.0,0.9427844285964966
757,9,7,2.0,0.9274817705154419
757,9,7,4.0,0.9124473929405212
757,9,7,13.5,0.9169800281524658
757,9,7,15.0,0.9170799851417542
757,9,11,2.0,0.9174232482910156
757,9,11,5.0,0.8901216983795166
757,10,5,1.0,0.8972076177597046
757,10,5,2.0,0.8677725791931152
757,10,5,4.0,0.8569501638412476
757,10,5,9.0,0.8543751835823059
757,10,7,2.0,0.8436224460601807
757,10,7,4.0,0.8076221942901611
757,10,7,13.5,0.8069380521774292
757,10,7,15.0,0.8069989681243896
757,10,11,2.0,0.8373594284057617
757,10,11,5.0,0.7054601907730103
757,11,5,1.0,0.9333945512771606
757,11,5,2.0,0.9260855317115784
757,11,5,4.0,0.9315569400787354
757,11,5,9.0,0.9311781525611877
757,11,7,2.0,0.9067826271057129
757,11,7,4.0,0.8918230533599854
757,11,7,13.5,0.8780909776687622
757,11,7,15.0,0.8776826858520508
757,11,11,2.0,0.894925594329834
757,11,11,5.0,0.8562002182006836
757,12,5,1.0,0.9452100992202759
757,12,5,2.0,0.9268940687179565
757,12,5,4.0,0.9336268901824951
757,12,5,9.0,0.9358745217323303
757,12,7,2.0,0.8961799144744873
757,12,7,4.0,0.896509051322937
757,12,7,13.5,0.9039582014083862
757,12,7,15.0,0.9040713906288147
757,12,11,2.0,0.8829759359359741
757,12,11,5.0,0.8408467769622803
757,13,5,1.0,0.9181578755378723
757,13,5,2.0,0.8887320756912231
757,13,5,4.0,0.8987398743629456
757,13,5,9.0,0.901045560836792
757,13,7,2.0,0.8667643666267395
757,13,7,4.0,0.862275242805481
757,13,7,13.5,0.8710113763809204
757,13,7,15.0,0.8713276386260986
757,13,11,2.0,0.8578274250030518
757,13,11,5.0,0.818718433380127
757,14,5,1.0,0.973211407661438
757,14,5,2.0,0.962632417678833
757,14,5,4.0,0.9692030549049377
757,14,5,9.0,0.9708825349807739
757,14,7,2.0,0.946050763130188
757,14,7,4.0,0.9496336579322815
757,14,7,13.5,0.9513165950775146
757,14,7,15.0,0.9513554573059082
757,14,11,2.0,0.9387509822845459
757,14,11,5.0,0.901371955871582
757,15,5,1.0,0.9409167766571045
757,15,5,2.0,0.9242008924484253
757,15,5,4.0,0.9329777956008911
757,15,5,9.0,0.9385678768157959
757,15,7,2.0,0.883358359336853
757,15,7,4.0,0.8899547457695007
757,15,7,13.5,0.8887887001037598
757,15,7,15.0,0.8889357447624207
757,15,11,2.0,0.8664335608482361
757,15,11,5.0,0.8070767521858215
757,16,5,1.0,0.938285768032074
757,16,5,2.0,0.9073627591133118
757,16,5,4.0,0.9209092259407043
757,16,5,9.0,0.9218704700469971
757,16,7,2.0,0.8811877369880676
757,16,7,4.0,0.8782733082771301
757,16,7,13.5,0.878633975982666
757,16,7,15.0,0.8787491321563721
757,16,11,2.0,0.8734709024429321
757,16,11,5.0,0.7592346668243408
757,17,5,1.0,0.9554644823074341
757,17,5,2.0,0.9427292346954346
757,17,5,4.0,0.9486141204833984
757,17,5,9.0,0.9490494728088379
757,17,7,2.0,0.9162905812263489
757,17,7,4.0,0.9069364666938782
757,17,7,13.5,0.9051045179367065
757,17,7,15.0,0.9051165580749512
757,17,11,2.0,0.8957703709602356
757,17,11,5.0,0.8385939598083496
757,18,5,1.0,0.858174741268158
757,18,5,2.0,0.7986523509025574
757,18,5,4.0,0.7618992328643799
757,18,5,9.0,0.754548192024231
757,18,7,2.0,0.7525790333747864
757,18,7,4.0,0.7005126476287842
757,18,7,13.5,0.6903764009475708
757,18,7,15.0,0.6901697516441345
757,18,11,2.0,0.7430718541145325
757,18,11,5.0,0.6445862650871277
757,19,5,1.0,0.9656806588172913
757,19,5,2.0,0.9524357318878174
757,19,5,4.0,0.9544368982315063
757,19,5,9.0,0.9549087285995483
757,19,7,2.0,0.9229028224945068
757,19,7,4.0,0.9156059622764587
757,19,7,13.5,0.9199636578559875
757,19,7,15.0,0.9200664758682251
757,19,11,2.0,0.9072571396827698
757,19,11,5.0,0.8730993866920471
757,20,5,1.0,0.9378483891487122
757,20,5,2.0,0.928841233253479
757,20,5,4.0,0.9285751581192017
757,20,5,9.0,0.9325605630874634
757,20,7,2.0,0.9272106289863586
757,20,7,4.0,0.9188128709793091
757,20,7,13.5,0.9073907732963562
757,20,7,15.0,0.9070571660995483
757,20,11,2.0,0.9009796380996704
757,20,11,5.0,0.840501070022583
757,21,5,1.0,0.9121982455253601
757,21,5,2.0,0.8618718385696411
757,21,5,4.0,0.8738390207290649
757,21,5,9.0,0.8781030774116516
757,21,7,2.0,0.8176324367523193
757,21,7,4.0,0.8393510580062866
757,21,7,13.5,0.8471667766571045
757,21,7,15.0,0.8472720384597778
757,21,11,2.0,0.8042463064193726
757,21,11,5.0,0.726075291633606
757,22,5,1.0,0.9605839252471924
757,22,5,2.0,0.948486328125
757,22,5,4.0,0.9515373706817627
757,22,5,9.0,0.9522720575332642
757,22,7,2.0,0.9352797269821167
757,22,7,4.0,0.9166861176490784
757,22,7,13.5,0.9275325536727905
757,22,7,15.0,0.9275976419448853
757,22,11,2.0,0.9243847131729126
757,22,11,5.0,0.8808592557907104
757,23,5,1.0,0.9670489430427551
757,23,5,2.0,0.9521937370300293
757,23,5,4.0,0.9118775129318237
757,23,5,9.0,0.9078140258789062
757,23,7,2.0,0.9358882904052734
757,23,7,4.0,0.9207165241241455
757,23,7,13.5,0.9075251817703247
757,23,7,15.0,0.9074389934539795
757,23,11,2.0,0.9265236258506775
757,23,11,5.0,0.8583531379699707
757,24,5,1.0,0.8501788377761841
757,24,5,2.0,0.8091039657592773
757,24,5,4.0,0.7955715656280518
757,24,5,9.0,0.7905242443084717
757,24,7,2.0,0.7632961273193359
757,24,7,4.0,0.7065138816833496
757,24,7,13.5,0.6909334659576416
757,24,7,15.0,0.6906896233558655
757,24,11,2.0,0.7322036027908325
757,24,11,5.0,0.6716618537902832
757,25,5,1.0,0.9652957916259766
757,25,5,2.0,0.9504637718200684
757,25,5,4.0,0.9495580196380615
757,25,5,9.0,0.9485601186752319
757,25,7,2.0,0.9229958653450012
757,25,7,4.0,0.925616443157196
757,25,7,13.5,0.9220792055130005
757,25,7,15.0,0.9219085574150085
757,25,11,2.0,0.907471776008606
757,25,11,5.0,0.8837888240814209
757,26,5,1.0,0.9564712047576904
757,26,5,2.0,0.9239811897277832
757,26,5,4.0,0.9252326488494873
757,26,5,9.0,0.9272297620773315
757,26,7,2.0,0.8889464139938354
757,26,7,4.0,0.88556307554245
757,26,7,13.5,0.8835538029670715
757,26,7,15.0,0.8835806846618652
757,26,11,2.0,0.874100387096405
757,26,11,5.0,0.8094638586044312
757,27,5,1.0,0.9404857158660889
757,27,5,2.0,0.9348580837249756
757,27,5,4.0,0.9436402916908264
757,27,5,9.0,0.9446372389793396
757,27,7,2.0,0.9125357270240784
757,27,7,4.0,0.9201828837394714
757,27,7,13.5,0.9169757962226868
757,27,7,15.0,0.9168751239776611
757,27,11,2.0,0.9019089341163635
757,27,11,5.0,0.8870155811309814
757,28,5,1.0,0.9187026619911194
757,28,5,2.0,0.9034707546234131
757,28,5,4.0,0.9077637195587158
757,28,5,9.0,0.9092958569526672
757,28,7,2.0,0.8966337442398071
757,28,7,4.0,0.8953672051429749
757,28,7,13.5,0.8929189443588257
757,28,7,15.0,0.8928961753845215
757,28,11,2.0,0.8881937265396118
757,28,11,5.0,0.8554251194000244
757,29,5,1.0,0.9303315877914429
757,29,5,2.0,0.8979976773262024
757,29,5,4.0,0.897082507610321
757,29,5,9.0,0.8926814794540405
757,29,7,2.0,0.8852525949478149
757,29,7,4.0,0.8614088296890259
757,29,7,13.5,0.8494619131088257
757,29,7,15.0,0.8493517637252808
757,29,11,2.0,0.8986467719078064
757,29,11,5.0,0.8162700533866882
757,30,5,1.0,0.888676106929779
757,30,5,2.0,0.8829618096351624
757,30,5,4.0,0.8884166479110718
757,30,5,9.0,0.884533166885376
757,30,7,2.0,0.7828013896942139
757,30,7,4.0,0.7817089557647705
757,30,7,13.5,0.7748445868492126
757,30,7,15.0,0.7746729850769043
757,30,11,2.0,0.7303389310836792
757,30,11,5.0,0.5877069234848022
757,31,5,1.0,0.9418989419937134
757,31,5,2.0,0.9144717454910278
757,31,5,4.0,0.9221043586730957
757,31,5,9.0,0.9239925146102905
757,31,7,2.0,0.8830341100692749
757,31,7,4.0,0.8767645955085754
757,31,7,13.5,0.8781408071517944
757,31,7,15.0,0.8781590461730957
757,31,11,2.0,0.8717055320739746
757,31,11,5.0,0.810657262802124
757,32,5,1.0,0.8754819631576538
757,32,5,2.0,0.8182190656661987
757,32,5,4.0,0.8248214721679688
757,32,5,9.0,0.8278151750564575
757,32,7,2.0,0.771500825881958
757,32,7,4.0,0.7676880955696106
757,32,7,13.5,0.7796909809112549
757,32,7,15.0,0.7799146175384521
757,32,11,2.0,0.7400836944580078
757,32,11,5.0,0.7298948764801025
757,33,5,1.0,0.9420185089111328
757,33,5,2.0,0.9336932301521301
757,33,5,4.0,0.940027117729187
757,33,5,9.0,0.9421976804733276
757,33,7,2.0,0.9126235246658325
757,33,7,4.0,0.9176950454711914
757,33,7,13.5,0.9188310503959656
757,33,7,15.0,0.918799877166748
757,33,11,2.0,0.9026007056236267
757,33,11,5.0,0.8549178838729858
757,34,5,1.0,0.9041493535041809
757,34,5,2.0,0.87987220287323
757,34,5,4.0,0.884914219379425
757,34,5,9.0,0.8851083517074585
757,34,7,2.0,0.8478878736495972
757,34,7,4.0,0.8515744805335999
757,34,7,13.5,0.8500072956085205
757,34,7,15.0,0.8499463200569153
757,34,11,2.0,0.8386929035186768
757,34,11,5.0,0.8063288331031799
757,35,5,1.0,0.9668158292770386
757,35,5,2.0,0.9607586860656738
757,35,5,4.0,0.9596552848815918
757,35,5,9.0,0.9599072933197021
757,35,7,2.0,0.9409171342849731
757,35,7,4.0,0.927108883857727
757,35,7,13.5,0.9250279664993286
757,35,7,15.0,0.9249731302261353
757,35,11,2.0,0.9244542121887207
757,35,11,5.0,0.8719075322151184
757,36,5,1.0,0.9509474039077759
757,36,5,2.0,0.9286371469497681
757,36,5,4.0,0.9274018406867981
757,36,5,9.0,0.9266468286514282
757,36,7,2.0,0.901564359664917
757,36,7,4.0,0.888604998588562
757,36,7,13.5,0.8668900728225708
757,36,7,15.0,0.8666961193084717
757,36,11,2.0,0.8909507393836975
757,36,11,5.0,0.8456871509552002
757,37,5,1.0,0.9178181290626526
757,37,5,2.0,0.8961314558982849
757,37,5,4.0,0.8894339799880981
757,37,5,9.0,0.8849520087242126
757,37,7,2.0,0.8714134693145752
757,37,7,4.0,0.8504836559295654
757,37,7,13.5,0.8416832685470581
757,37,7,15.0,0.8413822650909424
757,37,11,2.0,0.8516035079956055
757,37,11,5.0,0.7191753387451172
757,38,5,1.0,0.9335288405418396
757,38,5,2.0,0.9144932627677917
757,38,5,4.0,0.918576717376709
757,38,5,9.0,0.9209766983985901
757,38,7,2.0,0.8754149675369263
757,38,7,4.0,0.871680736541748
757,38,7,13.5,0.882830023765564
757,38,7,15.0,0.8830678462982178
757,38,11,2.0,0.8558571934700012
757,38,11,5.0,0.7749574184417725
757,39,5,1.0,0.9705327749252319
757,39,5,2.0,0.9668936729431152
757,39,5,4.0,0.9680083990097046
757,39,5,9.0,0.9674643278121948
757,39,7,2.0,0.9587002992630005
757,39,7,4.0,0.9414833784103394
757,39,7,13.5,0.9202812910079956
757,39,7,15.0,0.9199008345603943
757,39,11,2.0,0.9499858617782593
757,39,11,5.0,0.9384220242500305
757,40,5,1.0,0.9600356817245483
757,40,5,2.0,0.9367277026176453
757,40,5,4.0,0.9419622421264648
757,40,5,9.0,0.9443427920341492
757,40,7,2.0,0.9110475778579712
757,40,7,4.0,0.8855326175689697
757,40,7,13.5,0.890347957611084
757,40,7,15.0,0.8905082941055298
757,40,11,2.0,0.9003888368606567
757,40,11,5.0,0.8472122550010681
757,41,5,1.0,0.9621334075927734
757,41,5,2.0,0.9445023536682129
757,41,5,4.0,0.9471646547317505
757,41,5,9.0,0.9515447020530701
757,41,7,2.0,0.9445328116416931
757,41,7,4.0,0.953394889831543
757,41,7,13.5,0.9528350234031677
757,41,7,15.0,0.9528350830078125
757,41,11,2.0,0.9330024719238281
757,41,11,5.0,0.9413020610809326
757,42,5,1.0,0.8770425915718079
757,42,5,2.0,0.8246544003486633
757,42,5,4.0,0.854118824005127
757,42,5,9.0,0.8617367744445801
757,42,7,2.0,0.7739905714988708
757,42,7,4.0,0.8067266941070557
757,42,7,13.5,0.8222033977508545
757,42,7,15.0,0.8224233388900757
757,42,11,2.0,0.7627471089363098
757,42,11,5.0,0.7231475114822388
757,43,5,1.0,0.9517373442649841
757,43,5,2.0,0.9343015551567078
757,43,5,4.0,0.9305500984191895
757,43,5,9.0,0.9307519197463989
757,43,7,2.0,0.9171841740608215
757,43,7,4.0,0.8916503190994263
757,43,7,13.5,0.8931760787963867
757,43,7,15.0,0.8931636810302734
757,43,11,2.0,0.9015184044837952
757,43,11,5.0,0.7967749834060669
757,44,5,1.0,0.9523043632507324
757,44,5,2.0,0.9442720413208008
757,44,5,4.0,0.9495139718055725
757,44,5,9.0,0.949492335319519
757,44,7,2.0,0.901907205581665
757,44,7,4.0,0.8959323167800903
757,44,7,13.5,0.9041932225227356
757,44,7,15.0,0.9043744802474976
757,44,11,2.0,0.8712180852890015
757,44,11,5.0,0.7947519421577454
757,45,5,1.0,0.9513737559318542
757,45,5,2.0,0.9148982763290405
757,45,5,4.0,0.9077572822570801
757,45,5,9.0,0.9054170846939087
757,45,7,2.0,0.9101477861404419
757,45,7,4.0,0.8869231343269348
757,45,7,13.5,0.8552728891372681
757,45,7,15.0,0.854674220085144
757,45,11,2.0,0.9028070569038391
757,45,11,5.0,0.7927829623222351
757,46,5,1.0,0.9519440531730652
757,46,5,2.0,0.9392667412757874
757,46,5,4.0,0.9317184686660767
757,46,5,9.0,0.9310787320137024
757,46,7,2.0,0.9179835915565491
757,46,7,4.0,0.9225538969039917
757,46,7,13.5,0.9225387573242188
757,46,7,15.0,0.9225422143936157
757,46,11,2.0,0.9064496755599976
757,46,11,5.0,0.8835935592651367
757,47,5,1.0,0.9769163131713867
757,47,5,2.0,0.9700957536697388
757,47,5,4.0,0.9681016206741333
757,47,5,9.0,0.9660583138465881
757,47,7,2.0,0.9514346122741699
757,47,7,4.0,0.9392816424369812
757,47,7,13.5,0.9302419424057007
757,47,7,15.0,0.9300544261932373
757,47,11,2.0,0.9375282526016235
757,47,11,5.0,0.8817013502120972
757,48,5,1.0,0.9309840202331543
757,48,5,2.0,0.8947855234146118
757,48,5,4.0,0.9090879559516907
757,48,5,9.0,0.909404456615448
757,48,7,2.0,0.8837716579437256
757,48,7,4.0,0.8702061176300049
757,48,7,13.5,0.8655259609222412
757,48,7,15.0,0.8654673099517822
757,48,11,2.0,0.8688217401504517
757,48,11,5.0,0.8363022804260254
757,49,5,1.0,0.9565520286560059
757,49,5,2.0,0.9277666807174683
757,49,5,4.0,0.9181161522865295
757,49,5,9.0,0.9131040573120117
757,49,7,2.0,0.8876583576202393
757,49,7,4.0,0.87116539478302
757,49,7,13.5,0.86204993724823
757,49,7,15.0,0.8618761897087097
757,49,11,2.0,0.872657060623169
757,49,11,5.0,0.7743107080459595
814,0,5,1.0,0.9132348299026489
814,0,5,2.0,0.8973349332809448
814,0,5,4.0,0.8949857950210571
814,0,5,9.0,0.8915905952453613
814,0,7,2.0,0.8753468990325928
814,0,7,4.0,0.8508817553520203
814,0,7,13.5,0.8562675714492798
814,0,7,15.0,0.8564542531967163
814,0,11,2.0,0.8673577308654785
814,0,11,5.0,0.8423678874969482
814,1,5,1.0,0.9364380836486816
814,1,5,2.0,0.9245085716247559
814,1,5,4.0,0.9273240566253662
814,1,5,9.0,0.9271907210350037
814,1,7,2.0,0.9038146734237671
814,1,7,4.0,0.890512228012085
814,1,7,13.5,0.8885979652404785
814,1,7,15.0,0.8885447382926941
814,1,11,2.0,0.8938071727752686
814,1,11,5.0,0.8680729269981384
814,2,5,1.0,0.9166492223739624
814,2,5,2.0,0.8824764490127563
814,2,5,4.0,0.8757724761962891
814,2,5,9.0,0.8750953674316406
814,2,7,2.0,0.8802042603492737
814,2,7,4.0,0.8600469827651978
814,2,7,13.5,0.8569947481155396
814,2,7,15.0,0.8568955659866333
814,2,11,2.0,0.8769228458404541
814,2,11,5.0,0.8329505324363708
814,3,5,1.0,0.9222525954246521
814,3,5,2.0,0.8705544471740723
814,3,5,4.0,0.8715315461158752
814,3,5,9.0,0.8733950853347778
814,3,7,2.0,0.8608500361442566
814,3,7,4.0,0.8386098742485046
814,3,7,13.5,0.821647047996521
814,3,7,15.0,0.8213432431221008
814,3,11,2.0,0.859010636806488
814,3,11,5.0,0.7872077226638794
814,4,5,1.0,0.926755964756012
814,4,5,2.0,0.9205960035324097
814,4,5,4.0,0.9242253303527832
814,4,5,9.0,0.9266823530197144
814,4,7,2.0,0.9110340476036072
814,4,7,4.0,0.911121666431427
814,4,7,13.5,0.9109598994255066
814,4,7,15.0,0.9109587073326111
814,4,11,2.0,0.9233266711235046
814,4,11,5.0,0.8735358715057373
814,5,5,1.0,0.920439600944519
814,5,5,2.0,0.9192802906036377
814,5,5,4.0,0.9160907864570618
814,5,5,9.0,0.9084577560424805
814,5,7,2.0,0.918859601020813
814,5,7,4.0,0.8818647861480713
814,5,7,13.5,0.8229607343673706
814,5,7,15.0,0.8220635652542114
814,5,11,2.0,0.9134247303009033
814,5,11,5.0,0.871056318283081
814,6,5,1.0,0.9802645444869995
814,6,5,2.0,0.9727133512496948
814,6,5,4.0,0.9717868566513062
814,6,5,9.0,0.9712957739830017
814,6,7,2.0,0.9671307802200317
814,6,7,4.0,0.9654480814933777
814,6,7,13.5,0.9631180763244629
814,6,7,15.0,0.9630880355834961
814,6,11,2.0,0.9609298706054688
814,6,11,5.0,0.9512037634849548
814,7,5,1.0,0.9596850275993347
814,7,5,2.0,0.9504240155220032
814,7,5,4.0,0.9495542049407959
814,7,5,9.0,0.949481725692749
814,7,7,2.0,0.9360411763191223
814,7,7,4.0,0.923629641532898
814,7,7,13.5,0.9209480285644531
814,7,7,15.0,0.9209266901016235
814,7,11,2.0,0.9314501285552979
814,7,11,5.0,0.8721129894256592
814,8,5,1.0,0.9621248841285706
814,8,5,2.0,0.9488343000411987
814,8,5,4.0,0.9425561428070068
814,8,5,9.0,0.9406816959381104
814,8,7,2.0,0.928048849105835
814,8,7,4.0,0.8984180688858032
814,8,7,13.5,0.8902431726455688
814,8,7,15.0,0.8901177644729614
814,8,11,2.0,0.9190603494644165
814,8,11,5.0,0.8103450536727905
814,9,5,1.0,0.9802937507629395
814,9,5,2.0,0.9702690243721008
814,9,5,4.0,0.9706565141677856
814,9,5,9.0,0.970025897026062
814,9,7,2.0,0.9633166790008545
814,9,7,4.0,0.953223705291748
814,9,7,13.5,0.9463474750518799
814,9,7,15.0,0.9462270736694336
814,9,11,2.0,0.9558178186416626
814,9,11,5.0,0.9204816818237305
814,10,5,1.0,0.9465419054031372
814,10,5,2.0,0.9476136565208435
814,10,5,4.0,0.9524706602096558
814,10,5,9.0,0.9542655348777771
814,10,7,2.0,0.9453803300857544
814,10,7,4.0,0.9271864891052246
814,10,7,13.5,0.9217678308486938
814,10,7,15.0,0.9216209650039673
814,10,11,2.0,0.932715892791748
814,10,11,5.0,0.8970328569412231
814,11,5,1.0,0.905665397644043
814,11,5,2.0,0.8787990808486938
814,11,5,4.0,0.8549532890319824
814,11,5,9.0,0.8474583029747009
814,11,7,2.0,0.8477381467819214
814,11,7,4.0,0.82200026512146
814,11,7,13.5,0.8123215436935425
814,11,7,15.0,0.8121280670166016
814,11,11,2.0,0.8375613689422607
814,11,11,5.0,0.7297379970550537
814,12,5,1.0,0.9491021633148193
814,12,5,2.0,0.949325680732727
814,12,5,4.0,0.9524122476577759
814,12,5,9.0,0.9527373313903809
814,12,7,2.0,0.9433203935623169
814,12,7,4.0,0.9355749487876892
814,12,7,13.5,0.9237287640571594
814,12,7,15.0,0.9234267473220825
814,12,11,2.0,0.9361268877983093
814,12,11,5.0,0.8980446457862854
814,13,5,1.0,0.9813447594642639
814,13,5,2.0,0.9708734750747681
814,13,5,4.0,0.9724543690681458
814,13,5,9.0,0.9715678095817566
814,13,7,2.0,0.9601539373397827
814,13,7,4.0,0.9435964822769165
814,13,7,13.5,0.9381657838821411
814,13,7,15.0,0.9380157589912415
814,13,11,2.0,0.9520984292030334
814,13,11,5.0,0.9265334606170654
814,14,5,1.0,0.9663480520248413
814,14,5,2.0,0.9541501402854919
814,14,5,4.0,0.9526844024658203
814,14,5,9.0,0.9512409567832947
814,14,7,2.0,0.9342747330665588
814,14,7,4.0,0.9269224405288696
814,14,7,13.5,0.9184972643852234
814,14,7,15.0,0.9183017015457153
814,14,11,2.0,0.921149492263794
814,14,11,5.0,0.8545100092887878
814,15,5,1.0,0.9308644533157349
814,15,5,2.0,0.9049915075302124
814,15,5,4.0,0.8902013301849365
814,15,5,9.0,0.8889063596725464
814,15,7,2.0,0.8949450254440308
814,15,7,4.0,0.8649115562438965
814,15,7,13.5,0.8588560819625854
814,15,7,15.0,0.8588436245918274
814,15,11,2.0,0.8691240549087524
814,15,11,5.0,0.7178459763526917
814,16,5,1.0,0.9734181761741638
814,16,5,2.0,0.9562709331512451
814,16,5,4.0,0.957160472869873
814,16,5,9.0,0.9574395418167114
814,16,7,2.0,0.9452787637710571
814,16,7,4.0,0.9320988655090332
814,16,7,13.5,0.9289402365684509
814,16,7,15.0,0.9288466572761536
814,16,11,2.0,0.9427222013473511
814,16,11,5.0,0.8961669206619263
814,17,5,1.0,0.9557367563247681
814,17,5,2.0,0.9464573860168457
814,17,5,4.0,0.9498105049133301
814,17,5,9.0,0.9496659636497498
814,17,7,2.0,0.9254688620567322
814,17,7,4.0,0.9317281246185303
814,17,7,13.5,0.9303668141365051
814,17,7,15.0,0.9303162097930908
814,17,11,2.0,0.9168846607208252
814,17,11,5.0,0.8863097429275513
814,18,5,1.0,0.9823504686355591
814,18,5,2.0,0.9723129272460938
814,18,5,4.0,0.9770427942276001
814,18,5,9.0,0.9784013032913208
814,18,7,2.0,0.961227536201477
814,18,7,4.0,0.9621502161026001
814,18,7,13.5,0.965129017829895
814,18,7,15.0,0.9652055501937866
814,18,11,2.0,0.9506053328514099
814,18,11,5.0,0.9428707957267761
814,19,5,1.0,0.9615358114242554
814,19,5,2.0,0.9538383483886719
814,19,5,4.0,0.9517549872398376
814,19,5,9.0,0.9478266835212708
814,19,7,2.0,0.9426172971725464
814,19,7,4.0,0.9281109571456909
814,19,7,13.5,0.9298493266105652
814,19,7,15.0,0.9298798441886902
814,19,11,2.0,0.9364251494407654
814,19,11,5.0,0.8889660239219666
814,20,5,1.0,0.9508305788040161
814,20,5,2.0,0.9170153737068176
814,20,5,4.0,0.8964314460754395
814,20,5,9.0,0.8916175365447998
814,20,7,2.0,0.8694915771484375
814,20,7,4.0,0.8253223299980164
814,20,7,13.5,0.8309244513511658
814,20,7,15.0,0.8310304284095764
814,20,11,2.0,0.8506447076797485
814,20,11,5.0,0.6900750994682312
814,21,5,1.0,0.9376152753829956
814,21,5,2.0,0.9251530766487122
814,21,5,4.0,0.9227041006088257
814,21,5,9.0,0.9236102104187012
814,21,7,2.0,0.9194412231445312
814,21,7,4.0,0.902679443359375
814,21,7,13.5,0.9035369157791138
814,21,7,15.0,0.9034550189971924
814,21,11,2.0,0.9123321771621704
814,21,11,5.0,0.9041736125946045
814,22,5,1.0,0.982460081577301
814,22,5,2.0,0.9682384133338928
814,22,5,4.0,0.9471173286437988
814,22,5,9.0,0.9482965469360352
814,22,7,2.0,0.9619655609130859
814,22,7,4.0,0.9226593375205994
814,22,7,13.5,0.9440506100654602
814,22,7,15.0,0.944167971611023
814,22,11,2.0,0.9551755785942078
814,22,11,5.0,0.8867183923721313
814,23,5,1.0,0.9177693724632263
814,23,5,2.0,0.8923211097717285
814,23,5,4.0,0.8727238178253174
814,23,5,9.0,0.8680493831634521
814,23,7,2.0,0.8433985710144043
814,23,7,4.0,0.8013365268707275
814,23,7,13.5,0.7618651390075684
814,23,7,15.0,0.7610467672348022
814,23,11,2.0,0.821746826171875
814,23,11,5.0,0.5976662635803223
814,24,5,1.0,0.9537065625190735
814,24,5,2.0,0.931658148765564
814,24,5,4.0,0.9259158372879028
814,24,5,9.0,0.9238480925559998
814,24,7,2.0,0.9126558899879456
814,24,7,4.0,0.8704745769500732
814,24,7,13.5,0.8576796054840088
814,24,7,15.0,0.8573784828186035
814,24,11,2.0,0.8927898406982422
814,24,11,5.0,0.7199032306671143
814,25,5,1.0,0.9518371224403381
814,25,5,2.0,0.9331127405166626
814,25,5,4.0,0.939670205116272
814,25,5,9.0,0.940260112285614
814,25,7,2.0,0.9109030365943909
814,25,7,4.0,0.8979185819625854
814,25,7,13.5,0.8980065584182739
814,25,7,15.0,0.8980439305305481
814,25,11,2.0,0.903121292591095
814,25,11,5.0,0.8547329902648926
814,26,5,1.0,0.9695449471473694
814,26,5,2.0,0.9625418186187744
814,26,5,4.0,0.9607876539230347
814,26,5,9.0,0.9601961970329285
814,26,7,2.0,0.9531815648078918
814,26,7,4.0,0.9430569410324097
814,26,7,13.5,0.9396411776542664
814,26,7,15.0,0.9395875334739685
814,26,11,2.0,0.9455300569534302
814,26,11,5.0,0.9219669103622437
814,27,5,1.0,0.9240632057189941
814,27,5,2.0,0.8939753770828247
814,27,5,4.0,0.8852396011352539
814,27,5,9.0,0.8824524879455566
814,27,7,2.0,0.8855950832366943
814,27,7,4.0,0.8711116313934326
814,27,7,13.5,0.8633559346199036
814,27,7,15.0,0.8632445335388184
814,27,11,2.0,0.8804944753646851
814,27,11,5.0,0.8457887768745422
814,28,5,1.0,0.9408456087112427
814,28,5,2.0,0.9445704221725464
814,28,5,4.0,0.9398417472839355
814,28,5,9.0,0.9381884932518005
814,28,7,2.0,0.9417530298233032
814,28,7,4.0,0.922042965888977
814,28,7,13.5,0.9168381690979004
814,28,7,15.0,0.9167848825454712
814,28,11,2.0,0.9413344264030457
814,28,11,5.0,0.8991894125938416
814,29,5,1.0,0.954947292804718
814,29,5,2.0,0.9286224246025085
814,29,5,4.0,0.930517315864563
814,29,5,9.0,0.9310940504074097
814,29,7,2.0,0.9201850295066833
814,29,7,4.0,0.9060735702514648
814,29,7,13.5,0.9050000309944153
814,29,7,15.0,0.905006468296051
814,29,11,2.0,0.9137856960296631
814,29,11,5.0,0.8572660088539124
814,30,5,1.0,0.9490971565246582
814,30,5,2.0,0.9349268674850464
814,30,5,4.0,0.9365839958190918
814,30,5,9.0,0.9355173110961914
814,30,7,2.0,0.9128972291946411
814,30,7,4.0,0.8980411291122437
814,30,7,13.5,0.888104259967804
814,30,7,15.0,0.8880084753036499
814,30,11,2.0,0.8958286046981812
814,30,11,5.0,0.8295305371284485
814,31,5,1.0,0.9779542684555054
814,31,5,2.0,0.9689489603042603
814,31,5,4.0,0.9704349040985107
814,31,5,9.0,0.971219539642334
814,31,7,2.0,0.9595843553543091
814,31,7,4.0,0.9577630758285522
814,31,7,13.5,0.9553340673446655
814,31,7,15.0,0.955245852470398
814,31,11,2.0,0.955923318862915
814,31,11,5.0,0.9232574701309204
814,32,5,1.0,0.8936170339584351
814,32,5,2.0,0.8424489498138428
814,32,5,4.0,0.8290586471557617
814,32,5,9.0,0.8277369141578674
814,32,7,2.0,0.7423480749130249
814,32,7,4.0,0.7440906167030334
814,32,7,13.5,0.7314988374710083
814,32,7,15.0,0.731277585029602
814,32,11,2.0,0.7291148900985718
814,32,11,5.0,0.662455141544342
814,33,5,1.0,0.948440432548523
814,33,5,2.0,0.9028985500335693
814,33,5,4.0,0.911854088306427
814,33,5,9.0,0.9157443642616272
814,33,7,2.0,0.8178496360778809
814,33,7,4.0,0.7952555418014526
814,33,7,13.5,0.8090502619743347
814,33,7,15.0,0.8093089461326599
814,33,11,2.0,0.8062750101089478
814,33,11,5.0,0.6502174139022827
814,34,5,1.0,0.8993104100227356
814,34,5,2.0,0.8249150514602661
814,34,5,4.0,0.8189788460731506
814,34,5,9.0,0.8177204132080078
814,34,7,2.0,0.7865496873855591
814,34,7,4.0,0.7509118318557739
814,34,7,13.5,0.7621326446533203
814,34,7,15.0,0.7622923254966736
814,34,11,2.0,0.7698137164115906
814,34,11,5.0,0.6937068700790405
814,35,5,1.0,0.9133994579315186
814,35,5,2.0,0.8395426273345947
814,35,5,4.0,0.8424596190452576
814,35,5,9.0,0.8484253883361816
814,35,7,2.0,0.7519881129264832
814,35,7,4.0,0.7076916098594666
814,35,7,13.5,0.7073480486869812
814,35,7,15.0,0.707367479801178
814,35,11,2.0,0.7057468891143799
814,35,11,5.0,0.6847707033157349
814,36,5,1.0,0.9622633457183838
814,36,5,2.0,0.9435118436813354
814,36,5,4.0,0.9358172416687012
814,36,5,9.0,0.9315735697746277
814,36,7,2.0,0.9025319814682007
814,36,7,4.0,0.892256498336792
814,36,7,13.5,0.8791103363037109
814,36,7,15.0,0.8788228631019592
814,36,11,2.0,0.8848686814308167
814,36,11,5.0,0.8359909653663635
814,37,5,1.0,0.9474755525588989
814,37,5,2.0,0.9227960109710693
814,37,5,4.0,0.916546642780304
814,37,5,9.0,0.9144653081893921
814,37,7,2.0,0.9084663391113281
814,37,7,4.0,0.8987308740615845
814,37,7,13.5,0.8987278938293457
814,37,7,15.0,0.8987680077552795
814,37,11,2.0,0.901300311088562
814,37,11,5.0,0.8756504058837891
814,38,5,1.0,0.9475148916244507
814,38,5,2.0,0.9449754953384399
814,38,5,4.0,0.9484529495239258
814,38,5,9.0,0.9481308460235596
814,38,7,2.0,0.9430241584777832
814,38,7,4.0,0.943854808807373
814,38,7,13.5,0.940872311592102
814,38,7,15.0,0.9407886266708374
814,38,11,2.0,0.9355471730232239
814,38,11,5.0,0.9202524423599243
814,39,5,1.0,0.9730235934257507
814,39,5,2.0,0.9591651558876038
814,39,5,4.0,0.9644885659217834
814,39,5,9.0,0.9652783870697021
814,39,7,2.0,0.9278764724731445
814,39,7,4.0,0.9390386939048767
814,39,7,13.5,0.9418001174926758
814,39,7,15.0,0.94182950258255
814,39,11,2.0,0.915298342704773
814,39,11,5.0,0.88304203748703
814,40,5,1.0,0.8850868940353394
814,40,5,2.0,0.8635275959968567
814,40,5,4.0,0.8654786348342896
814,40,5,9.0,0.8655399680137634
814,40,7,2.0,0.8346463441848755
814,40,7,4.0,0.8130406141281128
814,40,7,13.5,0.8065265417098999
814,40,7,15.0,0.806395947933197
814,40,11,2.0,0.8189957141876221
814,40,11,5.0,0.7036542892456055
814,41,5,1.0,0.957564115524292
814,41,5,2.0,0.8782819509506226
814,41,5,4.0,0.8769022226333618
814,41,5,9.0,0.87850022315979
814,41,7,2.0,0.8361446857452393
814,41,7,4.0,0.830405592918396
814,41,7,13.5,0.8548848032951355
814,41,7,15.0,0.8551958203315735
814,41,11,2.0,0.8278605937957764
814,41,11,5.0,0.7818481922149658
814,42,5,1.0,0.9008458852767944
814,42,5,2.0,0.8724935054779053
814,42,5,4.0,0.8700612783432007
814,42,5,9.0,0.870570182800293
814,42,7,2.0,0.8530899882316589
814,42,7,4.0,0.8208879232406616
814,42,7,13.5,0.8213557004928589
814,42,7,15.0,0.8211761713027954
814,42,11,2.0,0.8493257761001587
814,42,11,5.0,0.7568070292472839
814,43,5,1.0,0.9722296595573425
814,43,5,2.0,0.9629150629043579
814,43,5,4.0,0.9667198061943054
814,43,5,9.0,0.9679353833198547
814,43,7,2.0,0.9448172450065613
814,43,7,4.0,0.943838894367218
814,43,7,13.5,0.9458255171775818
814,43,7,15.0,0.9458674788475037
814,43,11,2.0,0.9376171827316284
814,43,11,5.0,0.9154324531555176
814,44,5,1.0,0.9454842805862427
814,44,5,2.0,0.9264357089996338
814,44,5,4.0,0.9165078401565552
814,44,5,9.0,0.9134678244590759
814,44,7,2.0,0.9149545431137085
814,44,7,4.0,0.874000072479248
814,44,7,13.5,0.8663996458053589
814,44,7,15.0,0.8663120269775391
814,44,11,2.0,0.9172879457473755
814,44,11,5.0,0.8170266151428223
814,45,5,1.0,0.9619944095611572
814,45,5,2.0,0.94925457239151
814,45,5,4.0,0.9475306272506714
814,45,5,9.0,0.946997880935669
814,45,7,2.0,0.9374326467514038
814,45,7,4.0,0.9260157346725464
814,45,7,13.5,0.9192930459976196
814,45,7,15.0,0.9191198348999023
814,45,11,2.0,0.9320274591445923
814,45,11,5.0,0.8872420787811279
814,46,5,1.0,0.958930492401123
814,46,5,2.0,0.9480974674224854
814,46,5,4.0,0.9491003751754761
814,46,5,9.0,0.9505515694618225
814,46,7,2.0,0.9370226860046387
814,46,7,4.0,0.9312607049942017
814,46,7,13.5,0.933631956577301
814,46,7,15.0,0.9336696267127991
814,46,11,2.0,0.9278537034988403
814,46,11,5.0,0.9018940925598145
814,47,5,1.0,0.9598160982131958
814,47,5,2.0,0.9472373723983765
814,47,5,4.0,0.9456508755683899
814,47,5,9.0,0.9451831579208374
814,47,7,2.0,0.9337642192840576
814,47,7,4.0,0.9334782958030701
814,47,7,13.5,0.9304206967353821
814,47,7,15.0,0.9303061962127686
814,47,11,2.0,0.9285987019538879
814,47,11,5.0,0.9054845571517944
814,48,5,1.0,0.9667581915855408
814,48,5,2.0,0.9284504055976868
814,48,5,4.0,0.928015947341919
814,48,5,9.0,0.9287987351417542
814,48,7,2.0,0.7565282583236694
814,48,7,4.0,0.8414089679718018
814,48,7,13.5,0.8749355673789978
814,48,7,15.0,0.875382125377655
814,48,11,2.0,0.7069266438484192
814,48,11,5.0,0.7514556050300598
814,49,5,1.0,0.9759118556976318
814,49,5,2.0,0.9624407887458801
814,49,5,4.0,0.9664825201034546
814,49,5,9.0,0.9675499200820923
814,49,7,2.0,0.9507781267166138
814,49,7,4.0,0.9417064189910889
814,49,7,13.5,0.9444034099578857
814,49,7,15.0,0.9444457292556763
814,49,11,2.0,0.9465930461883545
814,49,11,5.0,0.8999824523925781
